Mission URL,Type,Walkthrough
https://dyinglight.fandom.com/wiki/Awakening,Main,"Kyle Crane executes a HALO insertion into the quarantine zone of Harran. Not long after his arrival, things take a turn for the worst and he finds himself thrown in the middle of the madness, being ambushed by Tahir and some of the thugs of Rais, Crane has to be saved by Jade and Amir, with the latter dying in the rescue attempt. Wake up and look around. Get your bearings and make sure that the controls are the way you'd like them to be. Look around your room, and then go through the small apartment until you find a room that leads into the main hall.
Talk to the man who approaches, and then go around the corner to speak with Salma. She gives you a little more information about what's going on.
Walk down the only open hallway on the 18th floor and talk to the two men, Jared and Derek, standing by the next corridor. One can then walk to the sickbay, but here Aman will sent Crane away. Afterward, walk upstairs and look for Room 190. There's a guard, Zafer, stationed outside, but he allows passage once you explain why you're there.
Go to the balcony in Room 190 and meet the young man named Rahim. He might not be in charge of everything, but he still gives you an earful! Listen to what he has to say, and then search the balcony and his room for any collectable items. There's a Statue on the other side of the balcony.
These people have already taken big risks for you, so it would be nice to repay their loyalty. You know that there's someone missing from the ranks, so why not give something back by finding the person in question.
Go to the eastern end of the floor. Timur guarding the elevator door there warn you that it's going to be messy to proceed. That sounds ominous, but it is what it is.
""Jesus... how many people died here... ? Kyle Crane""
Take the elevator down to the 13th floor and look around. It's... not a pretty sight. After a quick call comes in on your radio from the Global Relief Effort, you're clear to explore. It's only seconds later that someone cries out some distance away on that level. You grab a melee weapon from a chair, reflexively, and turn toward the sounds.
Follow the shouting and hurry down the main hallway. Someone's in trouble. You arrive in an apartment where a zombie is trying to break through a door. It sounds like there's a survivor inside, so you need to act! Use the weapon you grabbed to smash the zombie in the head. Strike several times if necessary, and make sure that the monster dies.
After it falls, open the door and talk to the survivor. His name is Mark. You radio in that he's down there, and someone from upstairs is going to come down and help.
While you wait, it would be wise to find a way to stop Mark's bleeding. He tells you a recipe that will do the trick.
Gauze and Alcohol combine to make a decent Medkit. There might be ingredients on this floor to make that all happen. Use your Survivor Sense to search the apartments on the 13th floor for parts. Once you find Alcohol and Gauze, go into the menu and use the Blueprints Tab to craft the kit.
The parts that you really need are in each of the two other apartments, so search them both thoroughly. You find the Alcohol and Gauze, along with a number of other spare parts that are going to be useful in the future. Take everything that isn't nailed down.
""Okay, I think that's everything I'm going to find. Let's give this a shot. Kyle Crane after obtaining the materials""
Bring the Medkit back to Mark when you're ready, the use it on him to stop the bleeding. Lena arrives to help from upstairs, so it looks like Mark is okay for now. Go back upstairs to talk with Rahim again.
You witness a short meeting between Rahim and Jade. After Jade leaves, Rahim explains that you have a new room (194) with some clothes for you to wear. Apparently, they're better suited for the work that lies ahead.
Follow your waypoint to Room 194 and search for your Stash. This is where you can put items away for later and switch outfits. Any DLC outfits that you have are already unlocked there, along with the Fresh Clothes outfit that Rahim left for you. Get into that one, for now, and leave the room.
The blockage that was covering the stairs to the next floor up has been removed, so you're able to climb to the 20th floor and beyond. There are plenty of people living on the 20th floor, but you can't do much with them right now. Search for Lockpicks in a couple of the apartments if you want, then proceed to the roof when you're done.
Open the door at the top and check out the view from up there! It's a marvelous sight if you're not an acrophobiac; and we sincerely hope you are not. Rahim moves a crane's arm into position, effectively connecting your tower with another building.
Go around to the side of the roof and climb onto a few boxes so that you can reach the crane. Climb onto it using techniques explained in the onscreen prompts.
Press the movement keys toward the objects that you want to climb, and use the controls indicated to pull yourself up onto them. It's fairly easy once you get the hang of it.
""Holy shit. HOLY SHIT. Kyle Crane after surviving the fall.""
Walk carefully across the arm and meet Rahim on the other building. He goads you into learning more about free running. Jump after him and hope for the best!
The next area serves as a training ground for free running. Rahim gives you tips after the different types of movement, and you get to use them to navigate through the course. Practice ducking, jumping, and running to complete the first simple portion of the test.
When that's done, you go into a shaft that requires greater dexterity. Watch the arrows that Rahim has spray-painted on the walls to avoid getting lost. Keep following those and you'll be fine. There aren't any zombies out here to make the test nastier.
Climb up the shaft and through a small opening into the upper floor. Follow the path around the level, and learn how to hold onto objects while looking around for new things to leap toward. Use that to get through the next spot.
Now there aren't any new techniques to master, so you're almost done with this.
The path leads into the final phase of the testing area. Rahim has an open portion of the course that you must tackle. Climb onto the boxes on the right side and use them to leap onto the boards that are nailed into the wall. Shimmy along those until you reach the left side of the board. Then turn around and jump away from the wall so that you can climb onto the cement palette in the middle of the floor.
Cross a small beam toward the next ledge, and make a very fast but careful sprint to leap out of the testing room. This might take a couple of tries because you need to jump at the last possible moment. You won't take any damage for failing the jump, but you must repeat the steps to get through the room and back to the ledge.
Walk back to the crane and return to the tower. There are some minor complications along the way, so keep your cool and don't fall off of anything!
Rahim is at the door that leads back into the tower proper. Talk to him before you go inside, and then make your way down to the 19th floor and use the elevator. It takes you to the ground floor. The Quartermaster is there. Speak to him and see what supplies he can spare. Take what he offers: a Rusty Pipe Wrench, 1 Lockpick, 1 Medkit, and 1 unit of Metal Parts. There's also a Table Leg on the table in front of him, and a Battle Journal on the metal shelf to the left. Look up if you don't see it.
You can't just take things from the Quartermaster. He must first make sure that the building is supplied with everything that they need. He's also a bit stingy with his stuff.
To get by, you must make do with what the people here can spare. That means you should stop by the Quartermaster's place once each day to see if anything new is available. Also return to the Quartermaster if you gain a Survivor rank. This improves the quality of the weapons he offers you and restores his daily stock.
You get a few tips about making friends. The people here don't know you and they have tons of problems of their own. To ingratiate yourself to them, see if there's anything that you can do on their behalf. Making friends isn't a bad idea if you want to survive all of this!
""Going outside, huh? Okay, new guy. Be careful out there. We've lost too many already. Guard""
Get your weapons ready and drop down to the lowest portion of the tower. Approach the last guard by the outer door and he unlocks the way. Are you sure that you want to do this? Well, okay. Let's go.
Walk outside and continue toward the left side of the compound. The doctor doesn't have his office inside the building (sadly), and you have to scurry through zombie-infested territory to get to him. It's okay to do some fighting if you want to, but considering your condition you might want to play it cool and sprint past any creatures that you see while proceeding toward the waypoint on the map.
Imran Zere's trailer is in a fenced-off court that's only a minute or so away. Use your freerunning to enter the compound and approach the trailer. The doctor lets you in, gives you a shot, and talks about the outbreak. Cool guy to have on your side, no doubt, but these conditions aren't ideal for curing a deadly outbreak.
This completes your mission. You get a burst of experience and begin the next stage of the story."
https://dyinglight.fandom.com/wiki/First_Assignment,Main,"Speak with Spike. He gives a briefing on the two types of airdrops - Antizin and Supplies. There's two Antizin drops incoming, and you need to set up traps so that Brecken and his team can safely obtain the supply drop at night.
Head to the front of the Tower, and prime the car trap. Jade will contact you afterwards to ask you to clear a safe house where a runner has been attacked by Infected.
""Oh, man... I think it's too late for this guy. Kyle Crane""
Head to the Safe Zone location, which is north of your location. You can enter by jumping onto the white van, and onto the bent fencing. There's two infected here, banging on the door of the safe house, which you need to kill. Open the door to the room, and kill the last infected, the runner who didn't make it. Be sure to also get the 230V blueprint and one of Marvin Zucker's Battle Journals while in the room. After clearing and activating the Safe Zone the GRE attempts to contact you. Climb a bit higher to get a proper signal and give a status report.
Approach the car traps and find them surrounded by the infected. A good time to test out the firecrackers and distract them to get a chance to activate the two car traps. After doing so, head towards the slums near the train tracks where the four light traps are located and activate those. One of the voltage boxes can only be accessed by jumping from the railwaystation towards it. The final light trap is located northeast of the railwaystation, but activating it instead causes the powerlines to go out instead of activating the trap itself.
""Fuck! What is this... ?! Crane upon seeing the goon""
In order to resolve the issue, Spike sends you to a nearby power substation to get the power back online. A distributor box with a blinking red light on it is the intended goal, but before it can be used a goon attacks, breaking out of the substation itself. Because weapons in the early game are relatively weak, and the goon himself deals a lot of damage, firecrackers are a great way to district the goon while getting the power back online. The correct powerbox to open is located within the substation building, as opposed to the distributor box outside.
""Oh shit- What the fuck is that? Crane upon seeing the bolter""
Head back to the safe zone. Before the building can be accessed, Crane is disturbed by a nearby noise, which was caused by a Bolter running away. In response, Crane contacts Dr. Zere. After doing so, spend the night and wake up to get contacted by Spike. Something bad happened, so make your way over to Spike to get more details. After this, you have completed the prologue."
https://dyinglight.fandom.com/wiki/Airdrop,Main,"The mission will start out with the objective of getting to a rooftop (marked on your map) where you can contact the GRE . The GRE and Crane will communicate to each other for a minute or two and then you will be tasked with going after an air drop which is about several hundred metres away on a rooftop.
Whilst making your way to the first airdrop, you will probably come across one, two or several virals (sometimes depending on the difficulty but mostly it will be two if taking a direct route to the first drop). This will also most likely cause you to be doing agilty-based activities, at this point the game as a result you might level up on Agility and gain a skill point for that tree (or the Power and Survivor skill trees if doing combat or side-mission based activities too - Upgrade them if you so wish).
Upon arriving at the first drop, you will easily see this due to the drop's parachute draped over the roof it is on. There are some crafting resources (mainly duct tape, string, metal part(s) or a blade) in a tool case inside the building with the drop on its roof along with a dead survivor, most likely a runner from the Tower. Before anything else and to make sure you have scavenged all that you can from the immediate surrounding area, use survivor sense to locate any possible items to get hold of.
Go on top of the roof and open the drop box. This will be empty. Crane will then radio back to the Tower and let Jade know of the drop being empty - After this happens, one of the GRE's planes will fly over and make two airdrops.
You are then prompted to head to the closest of the two drops as fast as possible. No matter how fast you are, Rais' men will be there first. At this point in the game it is ill-advised to try fighting them and they will threaten you prior to attacking you if you try to get to the drop. Crane will say to Jade that Rais' men got to the drop first, before Crane says he'll be going after the second of the two drops. As you make your way to the second drop, Jade will constantly make warnings of it getting late and that you should get back to the Tower.
Crane will ignore these and the objective will still be to get to the second airdrop. Upon getting to the drop, you will have to clear out the area of two biters before being able to open the second drop case. This drop is full with supplies such as Antizin, but the GRE will instruct Crane to get rid of it - Note that as the player (and during a cinematic) you cannot control what Crane does to the boxes of Antizin.
Crane disposes of the boxes in a burning drum before radioing Jade and saying that there was no Antizin in the drop. In the background you will start to hear the sound effect of distant screaming and corresponding howls. Jade then informs Crane that ""the nightmares are awake, don't let them see you"". Crane then hears a noise in close proximity on the other side of a fence, exclaiming ""They must have heard me"". Peeking through (as a cinematic again), you see an infected eating remains of a corpse, before being jump-scared by a volatile looking right at you on the other side of the fence.
The cinematic will end and you are immediately put into a chase/pursuit with Volatiles chasing after you. Your immediate objective is to avoid Volatiles and return to the Tower (even if you have other safe zones unlocked, your objective is to get to the Tower - Making use of other safe zones won't give you the ability to skip through the night until sunrise; You MUST get back to the Tower.
There are two tactics to make use of here just for this part of the quest:
Make your way back to the Tower, running but in a zig-zag pattern. This is because the Volatiles are faster than you and will catch up to you on straight pathways. They do however have to slow down considerably to navigate corners and turns in general. Making use of a direct route back to the Tower helps but try to avoid just relying on straight pathways, as the Volatiles will often catch you if you are not careful. Make use of any light traps that you come across on the way back to the Tower as this will buy you precious time to make distance and/or break line of sight with the Volatiles.
Run down to the where the river is (also zig-zagging if Volatiles are getting closer) and jump straight into the water. Volatiles cannot and will not go in the water. Onscreen after a few minutes (or sometimes immediately) ""Pursuit Evaded"" will show indicating that you have evaded the Volatiles (and sometimes Virals) chasing you. Make your way south-west around the edge of the shore (in the water to minimise risk of being spotted by the infected) and head to a pipe/tunnel which is directly pointing north (in regards to the minimap). Going through this pipe minimises the risk of being spotted by Volatiles greatly. You want to carry on through the pipe up to where the third hole is - This is the exit of the pipe/tunnel that is closest to the Tower. Run/sprint back to the Tower (whilst avoiding Volatiles that are lingering near the Tower).
For the two tactics above, pay attention to your minimap as well - Sometimes Virals/Volatiles will come at you from the front when running, so yet again, make use of corners or objects to jump onto to avoid them.
What NOT to do during the chase:
Any means of fighting or staying still (unless in the river) - This is self-explanatory given that at this part of the game Crane is far too inadequate to hold his own against Volatiles and even in co-op mode you can still get overwhelmed and killed very easily. 
Running only on straight sections of path/road. As aforementioned, Volatiles have greater speed than you and will catch you. 
Don't take random turns and corners unless you know the turns and corners are on the way back to the Tower. Some turns and corners can lead inexperienced players away from the Tower and end up doing more harm than good.
Don't treat light traps or UV flares (if you have any) as permanent safe zones - Light traps and flares are temporary and even then, they are only to hold back the infected for a small amount of time - Once the UV goes out, the infected will come after you again. 
Rely too much on looking back at the infected - This can lead to players focusing too much on what's behind them as opposed to focusing on the escape route(s) or any dangers lurking up ahead.
Once back at the Tower, you are then told of how night gameplay works, with more XP available when playing outside of safe zones during the night (between 20:59 and 05:59 in-game).
Go to the elevator to travel to the 19th floor. After getting onto the 19th level, look for and report to Brecken.
After the cinematic of Crane and Brecken conversing on where next to try and get Antizin from, the quest is completed, and then you are able to carry onto the quest Pact with Rais.
Important Note: This is essentially a forced-night mission. You cannot make use of safe zones to skip through to the morning as to avoid confronting the Volatiles post the second airdrop. Also, the game's time will not progress towards morning until you have returned to the Tower. Therefore (even though it isn't exactly pleasant), you basically have no choice but to be chased by the Volatiles."
https://dyinglight.fandom.com/wiki/Pact_with_Rais,Main,"After having spoken to Brecken and agreed to go to Rais, make your way over to his headquarters. The place is well fortified, with spike traps and czech gates with barbed wire located near the entrance. The guards are suspicious at first, and will speak to Crane:
Crane: ""Don't shoot!""
Guard: ""Hands up! What do you want, motherfucker?""
Crane: ""I'm here to see Rais. Brecken sent me.""
Guard: ""Brecken? That asshole in the Tower? All right, what does HE want?""
Crane: ""I've come to make a deal.""
Guard: ""What kinda deal?""
Crane: ""The kind I make with Rais. Not with his flunkies.""
Guard: ""... All right. Let him through. This oughta be entertaining.""
Having successfully persuaded the guards, enter Rais's stronghold. The first impression of the place is a bleak one, as Rais cuts off the hand of one of his men on a table. Tahir stands close by, raising his hand to command Crane to stop. After the hand is cut off, Rais has a short conversation with Crane, after which Tahir recommends speaking to Karim and doing some jobs for him and that in return Rais might consider giving some Antizin. Not having much choice in the matter, Crane goes along with it. Karim sends Crane on a task to climb up some sattelite towers to get communications back online. Before taking on the task, Crane contacts the GRE to give them an update.
Reaching the first antenna shows that the power is off and that the surrounding area is full of infected, including a goon. Either kill or distract the nearby infected so that the steel shutter of the building can be opened. Upon activation of the shutter, however, a toad jumps down from the antenna which will have to be beaten to progress. Be careful when opening the shutter, as two biters are located inside. Clear the room and turn the power back online before climbing the antenna itself. Unfortunately, the switch of the antenna itself is missing, meaning it cannot be used. Karim recommends going to another antenna not too far from the first one and try using that one instead.
Though Karim said that the second antenna was close by, it is still quite a walk to get there. Upon arrival, you will find an electrified fence - the place is inhabited by Alexei and his son, Kristov. In order to enter the area, go to the back of the fence and climb the hill. A jutting rock sticks out far enough to enable you to jump right onto the antenna tower. Speak to Alexei and then climb the tower.
""I sure hope this fucking climb was worth it. ——— And this thing's still intact. Let's see if it was worth the hassle... Kyle Crane, while climbing and while flipping the switches""
Having reached the top, open the switch box. This time, in contrast to the previous antenna, it does have the material needed. Switch it on and report back to Karim. On the way back, both Rahim and Spike contact Crane. Rahim displays his gratitude for the communications being restored, and Spike has a contact in Old Town, Troy, who also thanks Crane for giving them hope by restoring communications.
Upon returning to Rais's headquarters, it turns out that Rais is not yet satisfied with Crane's work and is unwilling to part with Antizin for what he has done. Crane has to prove himself more to Rais, go to Karim and get your orders to collect protection money from nearby settlements. Jaffar's Wheelstation being the first. Before going there, contact the GRE to give them a status report.
Jaffar is uncooperative at first, but after Crane threatens to break his legs and drag him to Rais, he obliges and gives the protection money. With the first settlement having paid, Karim sends Crane off to the next one: the Fisherman's Village. On the way to meet its courier in a tunnel, Brecken contacts Crane to inform him that he's getting worried, as time is running short with the Tower almost running out of Antizin. Not long after the conversation, Crane enters the tunnel to find the messenger of the Fisherman's Village, only to find a bomber instead.
""I gotta get that gate closed before more of those fuckers get inside... Kyle Crane upon entering the village""
Having failed to find the courier, Karim sends Crane to the village directly to speak to the man in charge there, Gursel. When he arrives, however, he finds the place overrun by infected. After clearing the village, the average fishermen are still terrified and refuse to open their doors, though there are some who point to Gursel's home. Only Gursel is willing to open his door and actually talk to Crane. After a bit of persuasion, Gursel hand Crane the money and Crane can go on to the next location, Ferry Harbor, and speak to Morgan. Morgan is annoyed with Rais being back to extort money from him, but complies anyway. Having obtained protection money from all three sites, return to Rais's headquarters. On the way back, Brecken makes it all the more clear that the Tower needs the Antizin, as somebody on the 18th floor has turned.
On the way back, Karim hits up Crane and informs him that one of Rais's patrols has gone off the grid, and he tasks him with finding out what happened to them before returning to the headquarters. Crane reluctantly agrees to investigate. At the site, a survivor with a military rifle will open fire on crane. Three dead thugs of Rais lie dead nearby, one of them has the envelope. Deal with the survivor and find the envelope. Upon obtaining it, return to Rais' headquarters and talk to Karim. Karim will take the envelope and direct you to Rais.
Rais has backtracked on his earlier promises of offering two crates of Antizin by instead reducing it to a mere five vials. In order to get more, Rais demands that Jade is given to him so she can fight in his arena for the amusement of his gang. Return with the vials of Antizin to the Tower, where it is so desperately needed, but contact the GRE first to give them a status update. On the way back, Crane tries to reach Brecken, but is met with radio silence. He then tries Jade, who does respond but does not like the negative news about the few vials of Antizin. Make your way to the Tower and speak to Brecken in person.
Brecken is so disappointed in his role as a leader that he wants to talk to Rais in person. Crane argues against it, stating that the people of the Tower need him now. Brecken reluctantly agrees to wait, but not for long. Crane decides to go up to the roof to report to the GRE, but upon arriving there he sees Rahim, who he talks with about a nearby Volatile nest in one of the buildings in town. Contact the GRE on top of the building in order to complete the quest.
GameSpot Expert Reviews




Dying Light 2 Review: Look Before You Leap
					

02 February 2022





Dying Light: The Following Review
					

12 February 2016





Dying Light Review
					

30 January 2015"
https://dyinglight.fandom.com/wiki/Siblings,Main,"Rais has turned a nearby school into a supply dump, and Jade believes he is also storing Antizin there. With the low supply at the Tower, she asks Crane to help her in breaking into the school and check for Antizin there. Meet Jade in one of the train carts near the school, and make your way over there quietly. In the school's parking lot, Tahir and his men execute a couple of prisoners before entering the building itself. Jade recommends going seperate ways to make less noise. Head for the main entrance to find it locked. Jade recommends trying the back entrance, but this one is also locked. Head to the roof and enter the school from there.
Accessing the roof is easiest by running past the nearby police vehicles and jumping on top of one of the standing quarantine walls. From there, jump on a ledge and onto the roof. Be careful as there are two toads on the roof, as well as bombers both inside and outside of the outbuilding. Enter the school to find several body bags and corpses. Check the classrooms for Antizin.
""Hurry up! We don't have all day for this shit, and this is the last place I want to be at night! Did any of you idiots think to check the basement? Of course not, because the key is still up here! Get your shit together! Rais' thug over the loudspeaker""
It is noteworthy that there are several military crates, which unfortunately cannot be accessed, and even a door is marked as belonging to the military. The presence of beds with canvas bags and military camo also indicates that the building was used as a military field HQ. The cafeteria is full of body bags, and the room next to it is home to three of Rais's Bandits, who turn on the alarm the moment they spot Crane. Jade quickly advises Crane to turn it off to prevent the infected from coming in, and directs him to the janitor's office, where the switch should be. Upon turning off the alarm, another of Rais's Bandits bursts through the door. Deal with him and move on.
The classroom after this point has another of Rais's Bandits along the way who will attack on sight. Go up the stairs after dealing with him. The aftermath of the alarm now becomes clear, as three infected bursts through a door and shamble towards Crane. Enter the library behind them to find four more Bandits and dispatch them. It is clear that the library was used as the commanding area, with maps, crates, and radio equipment being found here. The basement keys can also be found in one of the nearby closets. The road to the basement was blocked off by a closet and a lock, which will have to be moved and destroyed to move on. Be mindful that there are several infected and virals on the way to the basement. Do also take care when going down the stairs, as a bomber will enter the hallway from the bathroom, and another will be found in the basement itself.
Once inside the room with Jade, help her in opening a military crate only to find it filled with explosives. With noises coming from outside the area, Jade takes off to the Tower with the explosives while Crane fights off three more of Rais's Bandits. Leave the building only to find it dark outside. A bolter is spotted outside, rummaging through garbage, and runs off upon spotting Crane. Make your way back to the Tower, but be mindful of the infected and volatiles who will be active now.
Arriving at the Tower, head for the roof and speak to Rahim. Rahim has already started the process of turning the explosives into bombs, but is persuaded by Crane to not make a move himself. He then directs Crane towards Dr. Zere to talk about the bolter that Crane spotted at the school. Go to Zere, he will talk about wanting to do experiments on the bolters and needs some fresh tissue from them in order to do so. He directs Crane to the Quartermaster, as he has been keeping track of them.
""Okay, Doc... here comes your chunk of zombie guts. Kyle Crane upon obtaining bolter tissue""
Leaving the Tower with the updated map, Spike radios in to inform Crane that he will be at the ferry station as opposed to being at Dr. Zere's trailer. Wait for night to fall and head to one of the bolter feeding grounds. Some of these are located near safe zones. To avoid the bolters running away, one can try to shoot them quickly with a firearm when leaving a safe zone and then quickly recovering their tissue before volatiles or other infected show up. Make your way to Dr. Zere and speak to him about the bolter tissue. It might be a breakthrough in research on a cure, but there is still much to do before Zere can send Crane to Dr. Camden so he can properly analyze the research material.
Not long after leaving Zere's trailer, Rahim will call Crane and inform that he and Omar went out with the explosives but that they ran into trouble on the overpass. Crane tells him to go to the trainyard and wait for him there. While on his way over, Crane calls Brecken to inform him of the situation. Once on the overpass, several corpses can be found, including Omar's, but Rahim is nowhere to be found so he must be at the trainyard. Go there and look for him.
""THAT'S RIGHT! KEEP COMING, YOU MOTHERFUCKERS! I'LL SEND YOU ALL TO HELL! Rahim in his train wagon""
Rahim can be found in one of the train wagons inside a warehouse, surrounded by infected. Kill the infected and open the wagon to talk to Rahim, be mindful of the toad who will jump down when trying to open the wagon the first time. Rahim will say that he has already armed the explosives and now tasks Crane with planting them.
""There's a sewer entrance here in the terminal, near the west wall! Use that tunnel - it'll take you straight to the hive! Rahim""
Go to the sewer system and swim towards the hive. Once there, find the place swarming with infected. Because of the time restraint based on the bombs, it is smart to either kill them quickly or distract them so they don't stand in the way. Having planted the bombs, run out, either go back the way you entered, or leave through the wall that the goon just broke open. Regardless of which option is chosen, the building will collapse upon reaching the sewers. Crane tries to contact Rahim, but fails. So make your way back to him.
""Rahim, it's me! I did it! Rahim! You should have seen it! The whole damn building came down! Shit! No no no - Rahim, stop! Rahim, it's me! It's me, buddy! It's Crane! Oh Jesus... Rahim, stop! That's a fucking bite wound... You GODdamn STUPID fucking KID! Oh God... Jade... Kyle Crane upon finding Rahim as an infected""
Having found Rahim as an infected, Crane has no option but to snap his neck in order to survive. Brecken makes contact afterwards and quickly discovers the bad news, and urges Crane to keep Jade out of it for now. Return to the Tower to speak to Brecken in person. Jade overhears the conversation and runs off, Brecken stops Crane from giving chase. The quest ends here."
https://dyinglight.fandom.com/wiki/The_Pit,Main,"With Rahim having died, Crane goes to Brecken to bring him the bad news. While the two talk, a loud explosion comes from the Courtyard. Brecken sends out Crane to rescue Zere. Arrive at the safe zone to see that Rais's Bandits have taken over the place. Kill them and look for Zere. Upon arriving at Zere's trailer, Maalik is found extremely injured. He informs Crane that Rais's men kidnapped Zere and left. Contact Brecken to give the bad news. Brecken will send Crane out to Rais's Garrison, as some of Rais's Bandits were seen headed that way.
Arrive at the Garrison to find the place shut down, with the doors sealed. Make your way to the back of the building and climb to the roof (or use the Grappling Hook) in order to find a way inside. Keep in mind that the roof is home to several of Rais's Bandits, so take them out in order to progress safely. A latch in one of the buildings atop the roof will lead inside.
Once inside, Crane attempts to contact the GRE, only to find out they have been overtaken by the Ministry of Defense. Crane persuades them to reconsider carpet-bombing the city, as Zere is working on a cure. The Ministry hesitates, but agrees to give Crane 48 hours before they bomb the place. After this conversation, head towards the elevator. The system is down, so the doors will have to be pried open and a manual descent must be performed. Be mindful, as on the lower floors several of Rais's Bandits can be found.
Zere is nowhere to be found, so Crane contacts Brecken, who recommends checking the lower parking garage. Make your way over there, and be sure to check the rooms. Two Police Rifles, a German 9mm pistol, as well as a box of rifle, and three boxes of pistol ammo can be found in one of the rooms. Within the parking garage, numerous of Rais's Bandits are located, all of them armed with military or police rifles. Dispatch them in order to proceed further to Zere. Be sure to check around in the openside passage of the garage as well, since another three boxes with rifle ammo can be found. At the end of the garage, one of Rais's men breaks down a door to a side passage, which leads to Zere. Take him away from his prison, only to see the lights go out. Rais had taken away Zere to lure Crane into a trap, and now, with Crane surrounded, he takes him to his private arena—the Pit, confiscating all his belongings first. After a short confrontation, one of Rais's thugs knocks out Crane. When he awakens there is a large crowd present above the Pit and the challenge begins.
There are several large containers, each holding a considerable number of infected inside. Firecrackers, throwing stars, and pipes can be found across the arena to serve as weapons. There are also several different spike traps and gas cannisters.
""Word of your feats here will spread. Such a shame you'll be a corpse by then. Is this your first feeble attempt at controlling your own destiny, Crane? Too little, too late, I fear. Impressive. For a walking dead man.""Rais
After clearing out the infected, Rais drops a machete. Pick it up to progress. Rais unleashes another container—this time holding a Demolisher instead of regular infected. It is advised to make the Demolisher run into the flaming barrels and then hit him with the melee weapons while he is stunned in order to deal with him. Be careful, as upon his defeat a horde of Virals is set loose. After defeating the Virals, it becomes clear that Crane is in need of some Antizin, as he gets a seizure.
""You have provided some quality entertainment for my men. Too bad it's a one-time performance. This will only prolong the inevitable. But try to make the best of it. Let no one say I never gave you anything, Crane.""Rais
After coming out victorious in the arena, Rais drops a medkit. Take it, and Rais will come down and confront Crane, publishing the file and releasing its contents to the world. He orders his men to kill Crane, but Crane takes up his dropped machete and kills them instead, cutting off Rais's hand and shooting the guards left at Zere with Rais's pistol. He makes his way up to Zere, only to find out he's been stabbed and on the verge of death. Just as he dies, Rais orders his men to shoot Crane, and Crane has to run for his life to get out of the Pit, being shot by Rais's men along the way.
Upon escaping the arena, another seizure as a result of the virus strikes Crane, which keeps occurring frequently while he tries to make his way to safety. Eventually Crane passes out and wakes up at a small part of what used to be Ferry Station, which has now been largely overrun by the infected.
""Uh... thank him for me.""Kyle Crane
The items previously confiscated by Rais have been returned by Karim. Take your belongings to finish the quest.
GameSpot Expert Reviews




Dying Light 2 Review: Look Before You Leap
					

02 February 2022





Dying Light: The Following Review
					

12 February 2016





Dying Light Review
					

30 January 2015"
https://dyinglight.fandom.com/wiki/The_Saviors,Main,"Having survived Rais's pit, Crane wakes up at the pier after having fallen unconscious from his infection. Brecken informs him that Jade never arrived at Dr. Camden and that the airdrops have stopped coming in. He informs Crane of the Saviors, located in the Cauldron district, who smuggle people to Old Town, where Dr. Camden is located. After mentioning the contact Cenk, Crane makes his way out to meet them. Cenk is rather uncooperative at first, until Crane mentions he cut off Rais's hand.
""I got a guy here who claims he's the one who took Rais's hand off... ...Crane... ...Yeah, that's what he said.... Really? Are you sure? ...huh, ok... right.""Cenk to another Savior
After verifying Crane's story, Cenk is willing to help Crane and tells him to go to a sewer entrance in the tunnel which used to lead to Old Town before its collapse. The tunnel can be found in the far south-west of the map, and is part of the main road. Knock on the door and be greeted by Hazan, who will escort Crane to a waiting area where other survivors are located. Dawud can be spoken to here about his decision to abandon Salma. Speak to Hazan again to start the process of leaving to Old Town. Crane gets to go first, to the disproval of other survivors:
Smuggler: ""We need to do this one by one. And this man needs to go first.""
Survivor: ""But he just got here. We've been here for hours!""
Smuggler: ""I don't make the rules. Wait here.""
The smuggler will open up a floorboard, jump down and swim to the next area. Use parkour to climb up and follow the arrows. You will end up in a large ditch filled with infected and virals. Either fight your way through, distract them, or climb up to the platforms to jump over them. At the end of the ditch is a goon and a gate which has to be opened to continue. Be careful, as there is a bomber in the large pipe connected to the gate. At the end of the gate, there is a small storeroom with some loot, but the path itself leads to the right side to a chamber where a toad is found standing in toxic waste. From here, use the pipes to climb up to the platform leading to the doorway.
The doorway leads to another ditch where the pipes are used to advance again. At the end of the ditch is a large, downward pipe. During the slide down, Hazan apologises because he has betrayed Crane to Rais because Rais holds power over him. Follow the arrows to end up falling into a large room filled with water - Rais's Bandits are there and will open fire, so make use of the concrete pipes in the water as cover. After reaching another room, swim to the right and upwards and you should find a ladder out of the water. Prepare yourself for the battle. Be mindful, as all seven of  Rais's men are armed with military or police rifles and are able to shoot from almost anywhere if the previous room is entered.
Having dispatched the Bandits, follow the sewers again and make your way to the surface. You will enter the basement of a building, where another three of Rais's Bandits are found, again armed with rifles, in conversation about what's taking the others so long. Dispatch them, contact Brecken, and head for the roof.
GameSpot Expert Reviews




Dying Light 2 Review: Look Before You Leap
					

02 February 2022





Dying Light: The Following Review
					

12 February 2016





Dying Light Review
					

30 January 2015"
https://dyinglight.fandom.com/wiki/Find_the_Embers,Main,"Having escaped the sewers, Crane tries to contact Jade, to no avail. So he contacts Troy instead. Troy will reveal her location and ask Crane to come on over. Head for her safe zone, contacting Dr. Camden along the way. He will reveal that he has trapped himself in to stay safe from Rais's men, but Crane can't come until you have found Jade and recovered Zere's research.
On the way to Troy, some fighter jets are seen flying over Old Town, the first sign that the military is considering drastic measures to deal with the virus. Head for the safe zone and climb up to the top. Michael will greet Crane and direct him further to Troy, who is found in the loft behind him.
Enter the loft to be met by Savvy, and introduce yourself to Troy. Troy will contact Jade, but she is unwilling to speak to Crane. With the information that Crane provides, Troy says that he has to find Jade for the research materials.
GameSpot Expert Reviews




Dying Light 2 Review: Look Before You Leap
					

02 February 2022





Dying Light: The Following Review
					

12 February 2016





Dying Light Review
					

30 January 2015"
https://dyinglight.fandom.com/wiki/Higher_Education,Main,"Having finally met Troy in person, Crane attempts to make contact with Jade, but she is uncooperative. Because of the threat that the Ministry plans to bomb the city, Troy tells Crane that Jade was lost located at the University, and recommends going there. On the way over, she also contacts Crane about plans to break through the radio jamming and to inform him of more dangerous infected.
Upon arriving at the University, Dawud can be heard over the radio, panicked about being bitten. Crane can also talk to the guard about whether or not he's seen Jade:
Crane: ""Hey, buddy, have you seen a woman named Jade Aldemir? She's got long dark hair, she's tough as nails?""
Guard: ""Yeah, she was talking to what's-his-name over there.""
Crane: ""Thanks.""
Head inside the university to search for Jade. It quickly becomes clear that she is not there, so speak to Fidan. He will inform Crane that Jade was there not too long ago, and she left a picture of Amir for Crane, with the word ""Not again"" being left with it. Leave the University and try to contact Jade, to no avail. Contact Troy again instead.
Troy says something serious has happened after breaking through the jamming, so get back to the safe zone and see what is going on. Upon arrival, it becomes clear that a news broadcast is being watched, with a headline stating ""Epidemic under control"", marked as breaking news. The screen claims that the ""Government gathered for an emergency crisis meeting"". Watch the broadcast and speak to Troy about her plan to finish the quest.
GameSpot Expert Reviews




Dying Light 2 Review: Look Before You Leap
					

02 February 2022





Dying Light: The Following Review
					

12 February 2016





Dying Light Review
					

30 January 2015"
https://dyinglight.fandom.com/wiki/Public_Face,Main,"Having seen the news broadcast, it is clear that the military is planning to destroy Harran. Troy has a plan to create a pattern in a building using explosives, Michael has already gone ahead. Go to the construction site in the Corner district and enter the sewers. Keep in mind that the sewers themselves are filled with infected. Follow the flares and eventually you'll run into a large collapsed pipe, jump up to enter the building where Michael is in. Find Michael and talk to him. Crane has a seizure just before meeting Michael.
Michael couldn't make it past the ninth floor, so take the four explosives and head to the tenth floor. While taking the elevator up it gets blocked and an infected falls on top of it, dead. Crane suffers another one of his seizures, to the concern of Michael. Continue climbing up towards the ninth floor and enter the area. Enter one of the apartments and climb up to the tenth floor. Michael will state to look for apartments 105, 106, 134 and 137. Keep in mind that these floors are not cleared and that there are infected roaming around. Once inside the apartments turn on the stoves and plant the bombs. After planting the second bomb, Michael is ambushed by infected but tries to keep in contact.
""Is that... Is that a child crying?""Kyle Crane
Make your way through the apartments and up the staircase to floor 12. From there, jump through a hole in the roof to get to the 13th floor and get to apartments 134 and 137. Be careful, as there is a screamer in room 134, who will cause several infected to break through doors and others to wake up and attack Crane. There is also a bomber in room 137, who can be shot from the hallway is carefully aimed. After planting all the bombs, head back to Michael.
On the way back, it becomes clear that Michael has been overrun by zombies, though whether he is alive or not is unknown. Enter the elevator and use it, only to have it crash down to the bottom floor. Go out to find the place swarming with infected, including a goon. Get to the basement to find a flare next to the detonator. Pick up the detonator and get out of there. On the way back to the sewers, another goon is spotted.
Once outside, the detonator is used, marking a large unhappy face in the building, and contacts both Troy and Jade. But before it can be spotted by the outside world, a fighter jet blows up the marked area, removing any sort of pattern that was made.
GameSpot Expert Reviews




Dying Light 2 Review: Look Before You Leap
					

02 February 2022





Dying Light: The Following Review
					

12 February 2016





Dying Light Review
					

30 January 2015"
https://dyinglight.fandom.com/wiki/Rendezvous,Main,"""Oh God! Jade! JADE!""Crane upon seeing the meet site
The military has blown up the pattern in the building made in the previous quest. Jade suggest to meet up in a building near the Emeral Canal. Head over there to meet Jade. Upon arrival in the room Jade is nowhere to be found. There is a text written in blood on the wall: ""What happens to a Scorpion when you cut out its sting??? Come to the museum to find out."" it becomes clear that Rais has gotten to Jade first. Contact Troy, who will recommend looking up Tariq to enter the museum. Pay him a visit.
GameSpot Expert Reviews




Dying Light 2 Review: Look Before You Leap
					

02 February 2022





Dying Light: The Following Review
					

12 February 2016





Dying Light Review
					

30 January 2015"
https://dyinglight.fandom.com/wiki/The_Museum,Main,"Learning that Jade has been kidnapped to the museum during the rendezvous, Troy suggest contacting the museum's curator, Tariq in a safe zone atop a roof. Go to Tariq and talk to him. He will state that there is an underwater entrance which leads into the museum. Go there. The entrance to the underwater cave can be found around a couple of floating barrels at the small dock near the museum.
Swim through the underwater parts of the museum - be mindful of the oxygen, as it can get very tight if you stop swimming for even a moment. The final room features a big hole in the roof - climb up to a smashed wall to advance. Once inside, Crane gets another seizure. Break down the weak door and get to the other side of the chasm. Hang from the slabs sticking out from the walls and jump side to side to make it across. Crane contacts Troy along the way. There are a total of three such chasms, with the other two being relatively easier than the first one. Upon reaching the end of the third one, a way inside the museum's courtyard is found. Two of Rais's men stand guard there, carrying a police and military rifle. Dispatch them and enter the main building.
""Is that the best you've got, Rais!? I could do this all fucking day!""Kyle Crane
Inside the main building, Rais is found. He makes it clear that he has taken Jade captive, and sends out men to kill Crane. All of the Bandits are armed with rifles and grenades, so be mindful and take cover while fighting against them. Having done so, head upside, use the museum's relics to get up, and head towards the hallway. Rais's men are waiting inside, take them out and continue. Open the shutter and move on, getting another seizure along the way.
""Find her, Crane. Come on... She won't wait for you forever... Rais""
Upon entering the next showroom of relics, head down the stairs. The way out is through a glass door to the north-west. Several more of Rais's men will ambush Crane when outside. Enter the next exhibit to find even more Bandits. Fight through them and head upstairs. The next area is a long hallway full of infected. To avoid fighting them, try using the balconies on the sides of the hallway. At the end, two more of Rais's men are standing guard, dispatch them and move on. The final door has a small area in front of it with some infected, kill them and go through the door after getting yet another seizure.
""Come on, Jade! Let's get out of here! Crane""
Inside, Jade is found greatly weakened. Rais lets out hordes of virals and infected, kill them all and try to escape. Upon activating the door, Jade collapses. Rais tosses Antizin. Both Jade and Crane needs it, but they take so long to decide that Crane has another seizure and starts hallucinating. Believing Jade is an infected, he nearly kills her before she injects him with the Antizin. Rais sends out some of his Bandits to kill them both, but Jade takes them down, turning in the process. Crane has to kill her for his own survival.
Shortly afterwards, Rais sends Tahir down to finish Crane. During the battle, Tahir gets support from several of Rais's Bandits, armed with melee weaponry. After killing Tahir, and retrieving Zere's tissue samples, Crane leaves the Museum and contacts Troy. In order to call off the Ministry an antenna outside of town has to be turned on. Find the duffle bag with Crane's stuff and depose of the two bandits of Rais guarding it before heading back to Troy. Upon leaving the museum, Crane contacts Dr. Camden to give a status update on the tissue samples, which have now been recovered.
Speak to Troy to begin the next quest, ""Broadcast"".
GameSpot Expert Reviews




Dying Light 2 Review: Look Before You Leap
					

02 February 2022





Dying Light: The Following Review
					

12 February 2016





Dying Light Review
					

30 January 2015"
https://dyinglight.fandom.com/wiki/Broadcast,Main,
https://dyinglight.fandom.com/wiki/The_Clinic,Main,"Upon completion of the previous quest, head back through the tunnel. Be mindful as the place is infested with biters, goons, and bombers. Get out of the sewers and head for Allen Camden, who is located in the far western side of Old Town.
Once inside the clinic, deal with the two bandits sent out by Rais, and take the elevator down. During the ride down, Camden explains how the facility is running on backup power, which becomes clear when the elevator gets stuck and the lights go out. Open the elevator doors manually and step out. Be mindful while walking out, as the nearby gates will start beeping and attract a viral. Enter the woman's changing room and either kill or ignore the biter and enter the ventilation shaft. Head for the security room, kill the infected guard, pick up the Key Card and press the button to open the security doors.
Exit through the security doors, be mindful of the biters along the way, and go right. Enter the first door on the left and then enter the decontamination room on the right. As the room cannot be activated without full power, head for the generators. To get there, head to the offices first and enter the ventilation shafts. Follow the colored pipes and take a left to get to the stockroom. Be careful as toxic waste is present on the floor. From there, head to the next stockroom. Distract or kill the goon walking around and activate the forklift to clear the door. Go through the door and hallway and smash through the glass on the other side to reach the generator room. One of the generators is out of order, but the other two can be activated. After doing so, head back to the decontamination room.
The main corridor can be used as a quick way back, provided that the demolisher is dealt with. Open the shutter using the security Key Card and head back to the decontamination room. Press the button to begin the decontamination process and see as the infected inside the room are killed. With the area secured, proceed to Dr. Camden and provide the bolter tissue samples. After this, contact the GRE, but not before contacting Troy. Upon trying to contact the GRE, however, Rais responds. After speaking to him, the quest is completed.
GameSpot Expert Reviews




Dying Light 2 Review: Look Before You Leap
					

02 February 2022





Dying Light: The Following Review
					

12 February 2016





Dying Light Review
					

30 January 2015"
https://dyinglight.fandom.com/wiki/Extraction,Main,"Having attempted to contact the GRE after having spoken to Dr. Camden during the last quest, Rais challenges Crane to a fight. Go to Rais in the Slums and fight him.
This finale to the game sees Crane pursuing and confronting Rais in order to prevent him escaping Harran with Zere's data regarding a possible cure.
This starts with Rais taunting Crane about escaping Harran and that Rais is located at the top of his own tower (easily viewable due to the yellow-livery and the fact it is the tallest tower/structure within Harran (on par in height with the antenna from the Broadcast quest). Crane travels back to Rais' main compound (the player can travel back to the Slums via the Sewers or fast travel from the Embers' Tower), the same location from which he fought his first Demolisher back in Rais' Arena.
Important Note: Before entering this final area for the Extraction quest, this can only be done in single-player/no co-op or multiplayer mode is possible for this - Therefore this quest MUST be done by players individually and not as a group.
However, Crane ends up having his energy drained due to his infection (this renders the Grappling Hook unusable for this quest) and ends up being chased by infected within minutes of advancing further into the compound. The first group of infected are a usual amount of Biters, and Crane simply runs past these. Upon getting up to a second area/an elevated scaffolding platform, Rais taunts Crane (after Crane/the player discovers that Rais has been killing what seems to be only a few of his own henchmen) and via a speaker system makes loud noises and causes Virals to chase after Crane.
Crane is then chased through the compound (in a reverse route to how Crane escaped the compound before after Zere's death) until he comes across a pipe opening/drop that leads to a tunnel system (at this point the player should make sure to have plenty of Zaid's Flares/UV Flares ready). Crane drops down into the tunnel, landing in what is a Volatile nest/dark area and is also confronted by a Screamer. Regardless of whether the Screamer is silenced or ran by altogether, Volatiles will almost immediately start pursuing Crane at pursuit level 4 (the highest level - This is also a good time to start throwing down flares to deter Volatiles from pursuing the player as well as to give Crane time to regain running stamina by using the flares as temporary safe zones).
""Quite an entrance. Perhaps you ARE a king... a king of MUD.""Rais
Crane naturally runs through the tunnel with the Volatiles in pursuit and more Volatiles that join the pursuit the further he makes it through the tunnel system, making use of ziplines, low-gaps to slide through and long gaps to jump over before eventually coming to a ladder that he can grab hold of whilst jumping. After climbing up the ladder and leaving the tunnel/coming back into the daylight and landing in the same arena where Crane fought the Demolisher, Crane successfully evades the Volatiles.
Rais taunts Crane again and Crane starts climbing up the main tower that Rais is atop of. This is done not only with Rais' verbal taunts and mocking Crane but also by playing a song ""played by slaves, perfect for a slave"" according to Rais. Crane then runs through the first of the two towers, avoiding the infected (regular Biters and one or two Goons) until he comes across Karim. Karim informs Crane that Rais has betrayed all of his henchmen and gang members, also letting Crane know about mines being planted on the higher levels/floors of the structure.
Karim then tells Crane to go onto an adjacent crane to get into the second tower and climb as high as possible before being able to safely make it back to the first tower. Crane does this, encountering one Biter and one Viral on the crane plus a Bomber and several Virals already waiting for him on the second tower. As he proceeds through the second tower, a running Gas Tank (similar to the Horde infected in ""Be The Zombie"") will go after Crane before exploding similar to a Bomber.
After climbing up the second tower (as high as possible), Crane then has to climb up a second crane; Be weary when nearing the top as there will be a Biter present as well as a Demolisher at the bottom of the crane throwing large slabs of concrete up at the player - Which can knock Crane off and will kill the player due to the sheer height of the crane the player will currently be situated atop of). Crane climbs onto the crane's arm and through being fast enough, runs and jumps back to the first tower after Rais shoots rockets at the crane's arm in an attempt to make Crane fall down to his death by destroying the crane's arm.
After climbing some more levels of the first tower and more taunts from Rais, Crane finally confronts him and a fight between the two ensues after Rais throws a knife into Crane's left shoulder (the fight unlike the Demolisher-Arena fight is a Quick-Time-Event/QTE-based scenario, meaning the miss/wrong press of a button ends up with Rais killing Crane if the player makes a mistake here).
Upon several successful blocks/evasions of Rais attacking Crane with his machete, Crane counters a stab attack and causes the machete to stab into Rais's sternum thus wounding Rais. Rais then taunts Crane again, asking Crane to kill him ""just like you (Crane) did to Tahir"". Crane then notices a GRE helicopter ascending to the top of the tower that the pair of rivals are on, prior to Rais (making use of Crane being distracted) screaming in rage and tackling Crane off onto a shipping container held up by another crane. Crane frantically grabs for the disk containing Zere's data and almost falls off the container in the process.
Rais threatens to ultimately doom Harran's remaining survivors unless Crane hands over the data disk. Crane does so and Rais tries to make Crane let go of the ledge he is holding onto. Crane as a result uses this as an opportunity to remove the knife embedded into his shoulder and stabs Rais in the neck, causing Rais to fall from the container to his death, landing on the ground (and presumably eaten/consumed by the infected at ground level) from at least a hundred foot drop.
Crane gets himself back up on the container, grabbing the disk with the data on it and jumping into the tower. After a brief but verbally hostile exchange between himself and the GRE regarding staying in Harran and the status of Zere's data, the GRE helicopter flies off outside of Harran. The screen fades to black as Ayo then informs the Runners (and Crane) with ""Get to the nearest Safe Zone and wait until dawn - Good night and good luck"".
The endgame credits play and the player is awarded the ""Bittersweet"" trophy for completing the base game's story as well as being taken back to the main menu of the game."
https://dyinglight.fandom.com/wiki/The_Way_Out,Main,"After a cutscene featuring Lena and a Survivor named Kurt from the countryside who has brought a map, Lena and Crane decide to send Crane out due to the decreasing supply of Antizin and rumors of people not getting infected after being bitten. After the cutscene, Crane will appear in a sewer system, carrying any items he held onto him during the events of Dying Light.
Follow the sewage system to find a body of water in a cave. Jump down and make your way through the cave until reaching the outside world. Once outside in the countryside, Crane attempts to contact Lena. Communications are difficult due to the distance travelled.
The rock wall on the north leads to a jutting rock. Climb up and jump towards the tree with the orange cloth hanging from it. Keep jumping to- and from these jutting rocks in the same direction. Eventually a fallen tree can be seen with more orange cloth hanging from it. While it may be difficult to see, there is a ledge near it alongside the mountainside. Hold on to the ledge and shimmy along it until reaching the other side. Once there, jump to the rock on the other side and walk across the fallen tree. Climb up some rocks and jump down into the water.
Once in the water, keep following the directional marker to the northeast. This will lead to Jasir's farm, a Safe Zone. Climb over the gate and be introduced to Eylem who is suspicious of Crane. After a short conversation he will direct Crane to Jasir, so go look for him. Speaking to anyone else around the farm is largely pointless, as they will all direct Crane to Jasir. Burak is standing outside the barn where Jasir is located, speak to him and head inside to find Jasir involved in a heated argument with his daughter, Ezgi.
""Lena? This is Crane. Do you copy? Dammit. What a fucking wasteland.""Kyle Crane after attempting to contact Lena
Jasir is uncooperative in conversation, so leave the barn. Crane attempts to contact Lena, but to no avail. Kaan will call on to Crane shortly thereafter. Speak to him.
GameSpot Expert Reviews




Dying Light 2 Review: Look Before You Leap
					

02 February 2022





Dying Light: The Following Review
					

12 February 2016





Dying Light Review
					

30 January 2015"
https://dyinglight.fandom.com/wiki/Kaan_and_Able,Main,"With Jasir proving uncooperative during Crane's conversation with him in the previous quest, Kaan was more willing to work with Crane. After agreeing to provide information if Crane is able to get a vehicle from a nearby farm, Crane sets off to obtain a buggy.
Head northeast from Jasir's farm or follow the pipes in that direction to avoid the infected. Another farm will eventually reveal itself. Along the way, Kaan will contact Crane and reveal that the farm is occupied by bandits. Approach the farm carefully as some of the bandits are armed with rifles. Around ten bandits are present at the farm. After dispatching them, open the gate, take the buggy and head back to Jasir's Farm.
""OK, Kaan. I've got the ride. Kaan, are you there? Kaan?""Kyle Crane after obtaining the buggy
Upon returning at the farm it is clear that Kaan is nowhere to be seen. Ezgi is found at his trailer, so speak to her to complete the quest.
GameSpot Expert Reviews




Dying Light 2 Review: Look Before You Leap
					

02 February 2022





Dying Light: The Following Review
					

12 February 2016





Dying Light Review
					

30 January 2015"
https://dyinglight.fandom.com/wiki/Gaining_Credence,Main,"With the absence of Kaan, Ezgi recommends doing some work for the locals to gain their trust. The local water supply recently got polluted, so look for a way to solve this issue. Head to the pumping station, to the west of Jasir's farm, near a lake. Be sure to bring the buggy.
""From the side! Enter from the side!""Bandit at the front gate to the pumping station
Once at the pumping station follow the wall to the south and climb up a ladder to meet Tarkan, the man in charge. Down below a goon is located standing in a bloody pool of water. The conversation isn't fruitful and Tarkan and his fellow bandits end up attacking Crane. Dispatch them. During the fight, Ali can be heard screaming for help.
After dealing with the bandits, climb on to the balcony of the main structure and head inside and head downstairs. A bandit will kick open the door, deal with him and save Ali. Ali will try to reactivate the water supply, but the valve blocked the supply, causing the pipes to start leaking. Enter the buggy and drive along the pipelines to find its location and turn the valve. The pipelines end at a small pumping station near a water tower. Head inside and climb down to find the valve and turn it off. Crane will then contact Ali again, who will tell Crane to head back to the farm and talk to Jasir. Upon arriving at the farm, people can be heard in joy about the water:
Sinan: ""Mother is kind!""
Latif: ""I'm taking the first bath!""
Esra: ""I'm gonna drink till I pop!""
Polat: ""Miracle. It's a damn miracle!""
Burak: ""Yeah...""
Ezgi can also be spoken to, and will show her gratitude. Head to Jasir, who will state his gratitude. After speaking to him, the quest is completed. Shortly thereafter, Crane will contact Lena and give her a status report.
GameSpot Expert Reviews




Dying Light 2 Review: Look Before You Leap
					

02 February 2022





Dying Light: The Following Review
					

12 February 2016





Dying Light Review
					

30 January 2015"
https://dyinglight.fandom.com/wiki/Stranger_in_a_Strange_Land,Main,
https://dyinglight.fandom.com/wiki/The_Gathering,Main,"After having sufficiently aided the people living in the Countryside, Crane will be contacted by an Acolyte of The Faceless, who will ask him to meet The Mother near the Lake of the Sun. Head to the lake, which is located in the far northwestern part of the map and follow the road leading up. Head up the path leading up the mountain and through the cave to find a small temple.
Enter the courtyard to find several of the Faceless and some worshippers, as well as some infected roaming around. Kaan is also present and praying on his knees to the Mother. The Acolytes walk around with incense to keep the infected pacified and will start a chant.
""For your suffering, the Mother thanks you.""Acolyte while walking with the incense.
At the end of the chant, the Mother appears. Two of the Acolytes jump down and begin walking through the crowd of worshippers with the incense. One of them will take Crane up the platform, which is when the Mother will speak to Crane telepathically, after which Crane will pass out. Upon waking up again, a small plane can be seen crashing into the Countryside, which will mark the start of the side quest Crash Boom Bang. While walking back down to the main road, a Faceless Acolyte will contact Crane over the radio. After leaving the cave, Crane will contact Lena to inform her of his status, unfortunately the connection is severed shortly after the conversation is started. Get back out into the Countryside again.
""Crane – we've got something here you might be able to make use of. Come see me at my farm, please.""Jasir
While in the Countryside, Jasir will contact Crane. Head back to Jasir and speak to him to learn that someone from the military died recently and Jasir wanted to give Crane a keycard he had left. Take the Military keycard and talk to Jasir again.
GameSpot Expert Reviews




Dying Light 2 Review: Look Before You Leap
					

02 February 2022





Dying Light: The Following Review
					

12 February 2016





Dying Light Review
					

30 January 2015"
https://dyinglight.fandom.com/wiki/Anomalies,Main,"After having gained sufficient trust points, and having completed ""The Gathering"", Crane will be contacted by the Faceless and be asked to investigate a strange phenomenon. The location itself is due south of the town and due west of the bay. Head there.
At the site, the same blue mist that was used during ""The Gathering"" and ""Power to the People"" to pacify the infected is found. Investigate the area to find that a Demolisher has destroyed a military vehicle. A nearby supply crate is filled with 12 DIY grenades, whereas another military crate is empty. Crane contacts the Faceless shortly thereafter to give a status report. The Faceless suggests meeting at Jasir's farm, so head there. He can be found in the corner of the barn where Crane's bedroll is located.
The Faceless will admit that the Mother does not have a real cure, but that the mist used is a temporary solution while work on the cure is ongoing. They are in need of more of the mist, so he tasks Crane with checking out a cave in the far northwest of the map for more of it. While on the way over there, Crane will contact Lena, who will inform him that the Tower has run out of Antizin.
At the cave entrance more of the blue mist is found, as well as a dead soldier with a Police Rifle next to him, and some infected, including ones wearing military fatigues. The road leading to the other side of the cave has been blown up by the military. Head to the other side to find a dead soldier next to two DIY grenades and a Camo Police Rifle. Two viral military infected - wearing helmets - will come bolting down from further up the cave. Dispatch them. Taking the road further leads to a tree, with another military vehicle crashed into it and two soldiers laying dead nearby as well as some regular infected wearing military fatigues. A Desert Military Rifle is also found here.
""Mayday, mayday! This is Varyag 5, we were forced to detour. The goods are undamaged. I say again, the goods are undamaged. Immediate assistance required, over.""Emergency broadcast from the truck
Further down the road two more military vehicles and a large truck are found. In the back end of the closest of the vehicles some rifle ammo and a DIY grenade is found, in front of the vehicle is a Desert Police Rifle. Two of the Faceless can be found here as well, dead. At the back of the truck, one of Rais's thugs is found, dead, with a Camo Military Rifle, three DIY grenades and three boxes of rifle ammunition next to him. In front of the door leading in to the truck, one more box of rifle ammunition is found, as well as two more DIY grenades. The military vehicle in front of the truck got crashed by a cave-in, two boxes of rifle ammunition can be salvaged from it, however.
""""The goods are undamaged?"" All right, then where are they?""Kyle Crane
Check the truck itself to progress the quest. The crates marked with ""military content"" are empty. To get answers, Crane contacts the Faceless again to finish the quest.
GameSpot Expert Reviews




Dying Light 2 Review: Look Before You Leap
					

02 February 2022





Dying Light: The Following Review
					

12 February 2016





Dying Light Review
					

30 January 2015"
https://dyinglight.fandom.com/wiki/Vanitas,Main,"After Crane completes ""Anomalies"", a member of The Faceless asks him to track down an ethnographer named Atilla who went missing. Head for the Mother's mansion on the east coast. A Demolisher has made its home there. While killing it is not required, it will make the rest of the quest easier to complete.
Head for the mansion to find its doors locked, making it impossible to enter. Go to the back of the building to see a broken staircase which would have led to a cave. It is advised to use a Grappling Hook to gain easy access to the cave. Enter the cave and head to the back to find a ladder going up, climb it and enter the mansion's basement. The door leading into the mansion itself is locked with an easy-level lock. After going through the door, a red locked door is spotted, so head to the room to the north. Break the boxes and push a cabinet blocking the doorway. This leads to a small workshop where a Ceremonial Mask and a note, The Origins of the Children of the Sun #1, are found. The workshop leads to the staircase behind the red locked door.
Up the stairs to the right is a kitchen, where another note, The Origins of the Children of the Sun #2 is found. Going the other way leads to a side entrance into the Mansion, where on a table the note The Function of the ""Mother"" #1 is found. This area also provides a door leading further into the house, to the dining area. In this next room, at the end of a bookshelf, another note is found, The Function of the ""Mother"" #2.
The next room is what will become Crane's safe zone, with a sleeping mat and duffle bag already in place. To the left of the door leading into this room, in a cabinet, another note is found, The Function of the ""Mother"" #3. Head up the stairs. The door to the left of the staircase is the one which houses Atilla. In this same room, on a desk with a computer just behind Atilla, is another note, The Cult of the Sun, Sky and Wind #1, just behind which, in front of a bookshelf, lies another note, The God of the Sun. In the room right next to Atilla's another note can be found just inside the room, The Cult of the Sun, Sky and Wind #2.
Having acquired Atilla's task to get the power back on, go back outside and head for the area where the demolisher was located. A power line is seen along the dirt which has pieces cut out. Use tape to restore them. The first cut is a short distance from the wall, on the corner from a small wooden wall connected to the shed. The second cut is located on the upper floor of another shed, just around the corner from the doorway. From there, follow the line to the electricity post and flip the switch. Go back to the metal tower and replace some fuses and finally turn on the generator on the other side of the stone wall to unlock the safe zone.
Having done so, return to Atilla and speak to him to complete the quest."
https://dyinglight.fandom.com/wiki/An_Unfinished_Story,Main,"Having spoken to Atilla during the previous quest and restored his electricity, he is able to continue working on his research. Crane offers to be a field agent and has to investigate three ancient monoliths and report what he sees to Atilla.
One of the monoliths is located due north of the Mansion, another is located far to the northwest of the Mansion and the last one is located due south of it.
""Okay... If one of those monoliths was supposed to be here, it either evaporated or something pushed it into the water...""Kyle Crane
The southern one is located at a rocky hill, some Infected have made the place their home, including a Demolisher. Upon reaching the monument site, it becomes clear that the monolith has fallen into the water, so jump down to find it. It is located due south of the rocky hill. After investigating it, Crane will contact Atilla.
The northern monolith is located on a large rocky island surrounded by water. Crane will have to climb to the top to investigate the monolith. A jutting stone on the northeastern side of the rock is the starting point of the climb. Climb up further until a platform is reached, from there, move around to the other side of the rock. Another jutting stone is seen on the eastern wall, climb up to reach another platform with a jutting rock. Shimmy across the jutted rock and jump to another platform on the western side of the island. Keep moving the island and jump up the platforms until a dead end is met. Several stones are located in the wall which can be used to climb up. After this, the top of the rock is reached. Be mindful as three crawling infected are located here. Dispatch them and investigate the monolith to update Atilla.
The western monolith is located on a small island in the middle of a lake, where two Toads are standing nearby atop rocks. Dispatch them and investigate the monolith, after which Atilla will be updated by Crane.
After having investigated all three monoliths, Atilla wishes that Crane investigates the Temple of the Sun, deep in the mountains. It is located due west of the western monolith. A small dirt road, connected to a main road, leads up to the mountainside where jutting rocks can be used to climb up. From there, follow the stone walls and orange cloth across several platforms. After crossing a tree, use the jutting rocks to shimmy further over to the other side and jump to the next two platforms. From there, a small cave with a symbol of the Sun is found. Jump over there and keep going. Be careful not to fall at the end of the cave. After exiting the cave, head west and cross another tree. Atilla will contact Crane again at this point.
Keep following the path and jump up the platforms. After climbing up a platform it appears to be a dead end with a large ravine, but alongside the eastern wall a plank leads to a small platform from which the other side can be reached. Shortly thereafter, a monolith is found, investigate it and move further down the path. Be sure to look around carefully, as from this point onward a lot of jumping to isolated wooden platforms and beams is required. Upon reaching the top of the mountain, Crane will contact Atilla again. Investigate the area. On the northwestern side is a monolith, and around the center of the top of the mountain is a mass grave with pots and skeletons. There is also a red mask in  this grave, so pick it up. After doing so, Atilla will ask Crane to come back. The fastest way down is to jump down into the water near the monolith. From there, return to the mansion and speak to Atilla to complete the quest.
GameSpot Expert Reviews




Dying Light 2 Review: Look Before You Leap
					

02 February 2022





Dying Light: The Following Review
					

12 February 2016





Dying Light Review
					

30 January 2015"
https://dyinglight.fandom.com/wiki/The_Fate_of_the_Fool,Main,"After having investigated the monoliths and obtained a red mask for Atilla during the previous quest, Atilla promised he would contact the Faceless again. This quest starts, however with an Acolyte contacting Crane about Atilla having been silent for too long. Go to the mansion and investigate.
Atilla is nowhere to be found in the mansion itself, a letter of his is found on the door leading to his study room. Head down to the basement and into the cave to find that Atilla has killed himself. Acolyte's of the Faceless are trying to contact Atilla over the radio, stating ""Atilla, pick up. Atilla, respond please."". Investigating Atilla shows him wearing the red mask recovered during the previous quest. Crane will contact the Faceless after finding it. After speaking to them, take the mask and Atilla's book and head to Jasir. Atilla's book can be found in his study room on the table.
After delivering the items to Jasir, the quest is completed.
GameSpot Expert Reviews




Dying Light 2 Review: Look Before You Leap
					

02 February 2022





Dying Light: The Following Review
					

12 February 2016





Dying Light Review
					

30 January 2015"
https://dyinglight.fandom.com/wiki/At_the_End_of_the_Tunnel,Main,"Sometime after having completed the previous quest, an Acolyte of The Faceless will contact Crane and inform him that a group of bandits matching the description Kyle provided has occupied the granary. The Acolytes suspect they hold their lost brother Orcan and perhaps the items stolen from the military convoy which was ambushed in the cave a few quests back. Head to the granary.
""Ugh. The REAL Harran virus.""Kyle Crane
At the granary numerous infected are found roaming around. A number of Rais's men are found on the granary installation itself. Be mindful, as they make use of Military Rifles and Police Rifles. Head to the top of the granary and start looking for the lost Faceless. He is found in a container on the northwestern portion. One of Rais's thugs will burst through the door just before reaching it. Orcan is found inside, badly wounded and almost dead. Orcan mentions the lighthouse just before dying to his wounds. Contact the Faceless to inform them of what happened before heading to the lighthouse. Lena will contact Crane on the way over there.
At the lighthouse, use the window at the highest level to head inside and go up the stairs. At the top, upon accessing the door, the finale of The Following is started, which can only be played in single player mode. After opening the door, Kaan is found. After a brief conversation it becomes clear he works with Rais's men and is headed for the Mother. Some of Rais's men show up and use a rocket launcher to destroy the lighthouse.
""Find him! Show me the goddamn corpse!""Bandit
There are five bandits, armed with Military and Police Rifles. The rocket launcher can, unfortunately, not be obtained. After defeating the bandits, take the vials which are located near Kaan's corpse to start the next and final quest.
GameSpot Expert Reviews




Dying Light 2 Review: Look Before You Leap
					

02 February 2022





Dying Light: The Following Review
					

12 February 2016





Dying Light Review
					

30 January 2015"
https://dyinglight.fandom.com/wiki/The_Following_(quest),Main,"Having defeated Rais's men at the lighthouse and learning through Kaan that more of Rais's men are after The Mother, Crane contacts The Faceless after retrieving the vials. Head over to the dam, along the way, several of Rais's men will have set up blockades with their cars. Near the lighthouse, one will even use a rocket launcher, which unfortantely cannot be looted.
There are several ways to get to the required door, such as by driving up the dam with the buggy and then jumping down, or through using the safe zone unlocked during Power to the People and then climbing up. If Fatin and Tolga were helped during Rocket Waggoon, they will also contact Crane at this point.
Use the door and head inside to find the hallway littered with corpses of Rais's men and the Faceless. The Mother will speak to Crane during the walk, giving her backstory. Along the way, a fair bit of loot can be gathered, such as a DIY grenade, four Medkits, and some weapons. In the central room, where the Mother herself is also located, a vision shows the events leading to her becoming a sentient Volatile. After a brief conversation Kyle will be asked if he is ready to sacrifice thousands of lives to purify the region, including his own. If chosen to comply, Crane and the Mother will walk to a nearby chamber where Crane activates a nuclear warhead, thus completing the quest.
""The fumes are powerful here, aren't they? They penetrate the skin... The bones... The brain. I hear your thoughts, Kyle. Your fear. I'm coming for you!""The Mother
If chosen to resist, the Mother will force Crane to drink one of the vials and engages in combat with him. She will turn to dust upon being hit and then reappear elsewhere, making the fight diffcult. She will also appear as multiple entities which will each have to be dispatched or dodged which, while weak, can easily overwhelm a player. After sufficient progress in the battle, Crane loses the ability to use weapons or items, forcing him to use his fists in combat.
""You will die — broken. Bloody. Alone. By my hands. I'm coming for you.""The Mother
The first attacks are powerful and can easily cut through the Mother and her variants in front of the player, but be mindful of the ones from the sides. After defeating all the Mother variants, the ""true"" Mother appears. She can take quite a punch and dodges attacks the way virals do. The best way to defeat her is to wait for her to attack, dodge, and then strike while she is still striking the air. After having about a third of her health left, the Mother's mask will break and she will start using scream attacks as well. Stay out of the area of effect, as these screams disable Crane for combat the way a Screamer does, and deals some damage.
After defeating the Mother, Kyle attempts to leave the building, only to start hallucinating and struggling to stay afoot. He attempts to contact Lena, but to no avail. Upon leaving the tunnels the day is about to end and Kyle finds himself outside the quarantine zone, being spotted by a mother and her two sons the sun sets and Kyle lets out a Volatile scream."
https://dyinglight.fandom.com/wiki/A_Baby_is_Born,Side,"During this side quest, you'll hear a woman screaming. Upon knocking on the door, Macary will tell you his wife is having a baby and requires alcohol to sanitize equipment in preparation for the delivery.
You'll need to scavenge for alcohol bottles in Harran and return to him once you have acquired 3 bottles. This task must be completed 3 times to progress the quest. After each visit, it appears that Macary is becoming increasingly intoxicated. On the third visit, Crane becomes suspicious of Macary and decides to intervene.
Alcohol may be found randomly inside baskets, cabinets, freezers, biters or virals.
You can find 2 bottles in his house, both in 2 separated freezers.
You can scout 2 houses to find alcohol in cabinets or freezers.
NOTE: You can have alcohol before starting this side quest to speed things up.
After giving him alcohol 3 times in a row an action becomes available to lockpick the door. Upon entering you notice there is no laboring wife but simply Macary and 3 other survivors having a party."
https://dyinglight.fandom.com/wiki/A_Survivor%27s_Guide_to_Zombieland,Side,"On the Ferry Station a man named Neil Fallon can be found. Upon speaking to him, he reveals that he is a journalist in employ of a magazine, and had held interviews with people during the days of the Harran Virus. Unfortunately, he lost his works when a horde of zombies came to the internet cafe where he was working, forcing him to abandon his work to get to safety.
Neil asks Crane to help him in retrieving his work. A satchel of his notes was left behind in the café, while he had to ditch his camera in a black car on the Infamy Bridge crossing the bay. The black car is not particularly difficult to find - as it is the one dangling over the side of the bridge. Opening the trunk causes both the car alarm to go off, and the car itself to fall into the water. Jump in after it and recover the camera.
With both items now in Crane's hands, return to Neil for your reward."
https://dyinglight.fandom.com/wiki/Assault_and_Batteries,Side,"While outside, Tolga will call Crane and tell him to meet him immediately. Go to the school, where Tolga and Fatin can be found just in front of the entrance. Speak to Tolga and the two brothers will state how they need a battery from a bus for their project.
Go to the bus station, but be mindful that there are many infected, several goons and a couple of toads at the place. There are also oil pools which can be ignited through use of firecrackers, firearms, or explosives. Each bus is an Easy lockpick, however, half of the buses are empty. Check the compartment near the driver's seat to check for the required battery. After obtaining three, speak to Tolga for your reward."
https://dyinglight.fandom.com/wiki/Bandages_and_Meds,Side,"The first pharmacy is directly south of The Tower and is just east of Dr. Zere's compound. Dr. Zere's truck is pointed toward it, and it has a blue van next to it.


The second pharmacy has a green metal-caged roof covered in vines. It has to be accessed through the roof. It is located directly west of The Tower next to a bolter feeding ground.


The third pharmacy is just down the street from the safe zone the player unlocks during the First Assignment quest. It is next to one of the car traps you must arm, and the roller door is bent up in the middle."
https://dyinglight.fandom.com/wiki/Binoculars,Side,"A nearby antenna safe zone is sure to have binoculars on one of its platforms. Provided you have unlocked it, there won't be any infected around. If you have not unlocked this safe zone, there will be a goon in front of it."
https://dyinglight.fandom.com/wiki/Bring_Me_the_Brain_of_Usain_Bolter,Side,"This is straightforward quest. Kill a bolter and go back to Dahlia. The closest bolter feeding ground is right under a light trap, and very close to one safe zone. All you need to do is sneak up to the bolter, kill him, activate the trap, search him and run back to the safe zone."
https://dyinglight.fandom.com/wiki/Cease_and_Desist,Side,"Within the school, after having cleared it with Jade, Erol Asani and some of his companions have taken up residence. He is being hunted down by Rais's thugs, and requests Crane to help him. He sends Crane off to the Slabs - located near the bus station.
At the Slabs, some dead thugs of Rais can be found, slain by the infected roaming the area. Karim is heard speaking through one of the receivers, making it clear that he's looking for Erol. Kill or distract the infected and turn over the bodies. Karim will demand his troops to return to his location - Gabriel's Estate 5, and to enter through the basement. Go there and sneak up on Karim.
Inside the building numerous of Rais's Bandits can be found, all of them looking for Erol. Crane will have to deal with them and climb up a couple of floors in order to reach Karim, as the power of the elevator has been cut off. Talk to Karim and learn his side of the story. Then part ways and return to Erol to give a report on the situation. Upon doing so, Crane is sent out to obtain some paint for a sign on the rooftop.
Within the marked area, the paint can be found:
On the south-east corner of the scaffolding, one floor up from ground.
On the south-west scaffolding, accessible from a ladder on the roof.
On the roof in the south-east corner.
There's a zipline on the south-eastern part of the rooftop of the safe zone which can be used to zipline back to the school after obtaining the paint. Once back at the school, get up to its rooftop and use the paint to create a sign reading ""help"", and then get back to Erol.
Erol claims to have a duffle bag full of 24.7 million Harran dollars in a locker of the second floor of the school. Go inside the school via the basement and look around for it. It quickly becomes clear that the lockers are empty, but upon trying to leave through the same door as Crane came in with, it turns out that it's been blocked or locked, and won't open. While trying to get out through another way, Erol contacts Crane and informs him that the duffle bag story was a lie and that he's already called in the helicopter to get out of Harran while Crane was looking for the paint. The evac team explicitly said that Crane couldn't come with them, so Erol had to make up a story to leave him behind.
Now stuck in the school, Crane has to fight his way through the Infected and to the top floor in order to exit through the rooftop. Once there, Karim can be spotted next to the loot that Erol decided to leave behind for Crane, serving as the reward."
https://dyinglight.fandom.com/wiki/Coffee_(quest),Side,"It requires you to bring 20 coffee to the Tower. If you are doing this quest, remember not to ""Sell all valuables"" when at a Vendor, since this will also sell all your coffee.
In the southwest of slums, west of Jaffar's Wheelstation, is a coffee shop with a large amount of coffee that respawns. Once the quest is started, coffee will be found more frequently on dead infected and in containers."
https://dyinglight.fandom.com/wiki/Crayons_for_the_Kids,Side,"Crayons are collected from the school's safe zone area. You need to collect all five of them.
You can find:
Three on the table in the middle of the room.
One can be found on a chair in the safe area.
One next to the hopscotch drawing on the floor."
https://dyinglight.fandom.com/wiki/Dulse,Side,"During this quest, Sophia asks Crane to retrieve dulse, a plant that grows at the bottom of the Lake of the Drowned, a large body of water in the northeast section of the slums. After collecting five dulse plants, Crane returns to Sophia for his reward: an alternative medkit recipe that can be crafted using underwater algae.
Tips[]
Dulse uses a recolored underwater algae model; while it is not as luminescent as its more common cousin, it does emit a faint glow against the murky water of the lake. This can help facilitate the search, particularly at night.
The gathering location, the Lake of the Drowned, is also used during the ""Gas Mask Man"" side quest. Complete both quests at the same time to save yourself a second trip to the lakebed."
https://dyinglight.fandom.com/wiki/Electronic_Parts,Side,
https://dyinglight.fandom.com/wiki/Firebug,Side,"After talking to Zaid, enter the warehouse which is only accessible through a hole in the roof. It is guarded by Rais' thugs, one of which possesses a rifle. Dispose of them for a safe entrance. After doing so, the warehouse's interior is filled with biters and goons. It is best to either distract them or dispose of them as well.
The zinc powder is in one of the train cars while the turpentine is in a separate room in the warehouse that is only accessible through the roof. This means that whichever the player prioritizes on, they will always have to scale the roof twice. The separate rooms  are separated further by doors which the player needs to open, some of which contain biters. Afterwards, bring the ingredients to Zaid and he will give you the rewards."
https://dyinglight.fandom.com/wiki/Gas_Mask_Man,Side,"Starting the quest[]
Talking to Musa at Fisherman's Village will start this quest. Musa tells Kyle Crane someone saw the Gas Mask Man cut the lock on the gate open to allow infected in.
Continuation[]
In order to continue, Kyle has to go talk to Shakur (who's out of town holed up next to a river) and he tells Kyle that someone was disguised as Shakur, and Shakur didn't really do it. However, Shakur doesn't reveal who the person disguised as Shakur was unless Crane gets Shakur's bag of valuables found at the bottom of the nearby river. Swim across the bottom of the river until the search area turns smaller. You can find a boat stuck in the water, on the bottom of the river, a little way south of the boat, the bag can be found. Once Kyle throws over the bag to Shakur, he tells Kyle that he doesn't exactly know who did opened the gate, but it was one of the fishermen residing in the village.
Wrapping it up[]
Crane: ""How many people have keys to open the gate?""
Guard: ""Just a few; Tom, Gursel, or Musa.""
Crane: ""Thanks.""
Talking to a guard next to the village main gate reveals that only three people have keys to open the gate. Crane is now tasked with searching the huts of Tom, Musa and Gursel for a gas mask. The mask is located on a washbasin in Gursel's hut. After finding the gas mask, you have to go talk to Gursel. After talking to him, going over and talking to Musa completes the quest and you are rewarded with the exceptional Champion weapon upgrade."
https://dyinglight.fandom.com/wiki/Gassed_Up,Side,"Gas has turned off all around the city and your job is to turn it back on. A survivor named Jeff knows the system but he has moved out of the tower. He now lives in a reinforced building called Fort Jefferson. When you go to him he says he turned off the gas to do things to his fort. He says that you have to turn the 3 valves to get the gas back on. After doing that he will send you to the central pumps to turn off some pumps. You go back to his fortress and he activates his defense system. His fort blows up and that completes the mission.
Don't forget to check his ruins for the free double barrel shotgun."
https://dyinglight.fandom.com/wiki/Goodnight_Mr._Bahir,Side,"While walking around in the Tower, Crane spots a group of people in front of appartment 202. Speaking to Brijesh reveals that the resident has locked himself in. In order to find out what has happened, Crane needs to open the (easy) locked door. After discovering the toxic fake Antizin, Crane is directed to one of the runners, Yusuf, who supplied the product. Before going to Yusuf, the fake Antizin is to be brought to Lena. Yusuf direct Crane to a drug store to stop the manufacturers. Housed in a fenced-off compound located behind the drug store, the chemist Bento works on his ""better"" Antizin formula. When Crane meets Bento, the man is either delusional or greedy, claiming that his toxic product will give others ""super strength, incredible speed, and laser eyes."" Crazy or not, Bento refuses to see the error of his ways.
Tipped off by Yusuf, Bento and his colleagues know why Crane has come. They don't initially attack until Crane states that he will shut their operation down. Crane has no choice but to terminate them in order to save himself and prevent more fake Antizin from being produced.
Combat Strategy[]
Bento and his men attack Crane in the drug store's fenced-off compound. An oil puddle and an explosive tank can be used to create a fire to assist in defeating them. A Molotov Cocktail will also prove very effective.
Bento and his men are melee fighters, but also are equipped with throwing stars. Four of them attack from ground level, while one stays posted on top of the drug store, cutting off the main escape route. This makes for an extremely difficult fight; a surplus of medkits and boosters, namely Stamina and Toughness, is advised.
A strong melee weapon is recommended for this fight, as well as stamina and endurance-boosting herbal supplements. Due to the tight-quarters nature of the compound, it is advised to alternate between repeated blows to foes and outmaneuvering them. Being cornered is a death sentence unless the player can break free with a jump-kick or other moves.
A firearm, such as the German 9mm pistol or military rifle, can also be immensely useful. The Military Rifle's high rate of fire will stun and knock back the enemies. The Pistol's high damage will make short work of foes if the player can find a relatively safe place to shoot at the bad guys. Using guns will do the job faster than melee weapons, but may attract infected to the area.
Killing Bento and his minions will not only complete the quest, but also turn the drug store into a safe zone."
https://dyinglight.fandom.com/wiki/Gunslinger,Side,"While walking around the Tower, Crane will come across Dawud standing in the doorway of appartment 203, the recreation room. Dawud will talk about how he wishes to escape the slums and go somewhere safer, but in order to do so, he needs a gun. He offers Crane a key which grants access to his former workshop in the slums if he is able to provide him with a gun.
Guns are difficult to obtain in the early game, though they can on rare occassions be found in the trunks of police vehicles. A German 9mm pistol can also be found in a house in the southern region of town along the bay region. After obtaining a gun and bringing it to him, Dawud will provide the key and requests Crane to get an action figure for his son while getting his reward in the workshop.
""Attention everyone. This is Brecken. If anyone sees Dawud, get him back to the Tower ASAP! He's got a gun, I repeat: he's got a GUN. He winged a guard on his way out. Brecken""
While making his way back to the Tower, Crane hears through his radio a message from Brecken, broadcasting a warning about Dawud being armed and having to be returned to the Tower. Go up the elevator and talk to Salma, the wife of Dawud. She will say that Dawud has taken their son, Sammy and abandoned her. Crane promises to get her son back, one way or another. This completes the quest.
Some time after reaching Old Town Dawud will be heard over the radio saying that he's been bitten and will request someone to save his child. After finding the child he'll be returned to The Tower, where a reward can be collected from Dawud's wife, Salma."
https://dyinglight.fandom.com/wiki/Hardware,Side,"Tolga and Fatin have contacted you once again and they will be located at the Fisherman settlement. They want you to collect 10 power cables and 10 rolls of duct tape. After receiving the items they will ask you to go to the Infamy Bridge and zip line to the military setup to obtain a portable sonar system. The sonar is at the back tent and is very close to the rear tent's entrance. Grab the sonar and Tolga and Fatin will tell you they do not need it at the moment, but to hold onto it for later. This completes the quest.
The military tents and police vans are full of loot, especially medkits and gauze from inside the tents, but there are lots of biters."
https://dyinglight.fandom.com/wiki/Hunting_Goon,Side,"All you need is kill a goon and loot him, then come back to Dahlia for a potion and blueprint. The potion has a side effect of slowing you down by 99%.
Note: you must drink Dahlia's potion from the previous quest in order for this quest to become available."
https://dyinglight.fandom.com/wiki/Incense_Herbs,Side,"The Lavender plants (herbs) are located in the eastern part of the slums, on and around a pair of rocky islands beyond the barge safe zone. Some linger inside of bushes, so using survivor sense can be valuable to your search. It is much harder to find them on hard mode, as survivor sense can't be used to locate loot.
Return the Tower and give the flowers to Toygar for your reward."
https://dyinglight.fandom.com/wiki/Kidney_Punch,Side,"All you need to complete this side quest is find a bomber and wait for it to kill itself, so you can search it. The Stuffed Turtle quarantine challenge is the best place to acquire one, since a bomber always spawns, and even after it explodes, virals will not spawn due to the sound, though virals will crawl out under the boarded doorway so be wary.
Then go back to Dahlia and collect potion and blueprint."
https://dyinglight.fandom.com/wiki/Lighter_Gas,Side,"You can find lighter gas throughout the map, most notably inside wardrobes. Tracking the quest might help making lighter gas spawn more often. The map shows a house where you can find a lot of them."
https://dyinglight.fandom.com/wiki/Midnight_Bride,Side,"The location is marked on your map. The herbs are found in the western-most portion, in a small park outside of two apartment buildings. There are a number of safe zones within 100 meters of the target and the herbs appear between 2130 and 0600."
https://dyinglight.fandom.com/wiki/Mother%27s_Day,Side,"After having met Brecken and leaving his room, Lena will approach Crane and speak about seizure medicines which she needs to help Brecken's injuries. She points to Gazi, whose mother used to use such medicine before her death two years ago. Since Gazi kept going to the drugstore after her death, Lena believes he will have the medicine required.
The hardest/most ambiguous part of the mission is getting into the house. Gazi, being mentally challenged, has barricaded himself inside the house, isolated from the Infected. When you first meet him, he will have a conversation with you and tell you to go find a movie which he claims is about ""How smart I really am"" and some specific chocolates for ""Mama"" before shutting the door. The waypoints will pop up on the HUD and the player can go find them.
""Sonofabitch, not now! Kyle Crane upon triggering the alarm at the movie store""
Once at the video store, the way in is through the door nearest to the large metal spike strips on the front of the building. Kill the infected around you and make sure there are none left before lockpicking the door. The level for lockpicking is hard, so bring a couple lockpicks with you. Remember that the alarm for the store will go off as soon as you open the door, causing virals (and volatiles if at night) to come and chase you; head behind the counter and turn the alarm off to avoid more trouble. The movie is on the left in the back, at the left corner. Grab it and leave the store, the door will stay open after the quest so you can come back and loot the place.
After you get the chocolates, go back to Gazi's place and knock on the door. After the conversation, he will shut the door on you and leave, forcing the player to find a way into his house. The only way to get in at the top of his place where a latch is. An easy way to get there is by getting onto the roof of the house to your right (from Gazi's place), stand in the middle (the grey part of the roof) then run and jump when you reach the edge and grab the ledge on Gazi's place. A video showing this can be seen here.
The pills are in the room directly opposite of where Gazi and his Mama are. You can take it, he won't get angry. The dialog that he gives you will explain that ""After Mama turned into a pumpkin head, she didn't need the medication anymore."" After you take the pills, leave by the way you entered and make your way back to the tower.
Upon giving the pills to Lena, she asks how ""Mother"" is. Crane states that Mother is okay, and Lena repeats what Gazi said at the beginning of the mission: ""If mama ain't happy, ain't nobody happy."""
https://dyinglight.fandom.com/wiki/O_Brother_Where_Art_Thou%3F,Side,"After hearing a rumor of some of Rais's men being spotted near the lake, enter the tunnel to the west of the lake and enter through a door. Follow the path to a gate where Osman is found, hiding. Speak to him and learn that he is looking for his brother, Nazim, who helped Osman in escaping Rais's men.
Nazim can be found at the Stuffed Turtle, but not through the front quarantine zone entrance but rather around to the side. A van from Rais' Gang can be seen outside. Upon arriving at the loading dock, screams of pain can be heard from Nazim, who is being interrogated by Rais's Bandits. Enter the Stuffed Turtle from the rear entrance and start looking for Nazim.
Once inside several rooms can be seen, including a door locked with a hard lock. First enter the bathroom and take the keys from the floor, then enter the locked room and use the fallen cupboard as a way to enter the ventilation shaft. Eventually the shaft ends near the loading bay, with a bomber blowing himself up, causing the grate of the ventilation shaft to fall out and attract virals. Jump down and deal with the virals before proceeding to find Nazim. Upon speaking to him, it becomes clear that Rais's men broke him during their interrogation and are now on their way to find Osman. Leave the Stuffed Turtle, but be careful as the mayhem in the loading dock has caused a large Infected buildup outside the loading area.
Return to Osman, but be mindful as several of Rais's Bandits have taken up positions in the tunnel leading to him, including two named bandits; Victor and Havoc. Kill the Bandits and find Osman exhausted; having been beaten by Rais's men. After speaking to him, the quest is completed."
https://dyinglight.fandom.com/wiki/On_the_Hooks,Side,"In this side quest, the player is required to collect hooks from a nearby warehouse, which can be entered from the roof. The hooks are put inside blue boxes, and are placed around breakable crates. Be mindful of the firefighter goon inside, as he can be a threat due to the close quarters. The biters inside are also stronger than most biters outside. Upon obtaining the hooks, return to Tolga and Fatin.
Completion provides the player with ziplines for moving around the city more easily."
https://dyinglight.fandom.com/wiki/Poisonous_Herbs,Side,"Wolf's bane can be found southwest of the tower, its location is marked on the map just like Herbs and Underwater Alge. Purple flowers, relatively tall."
https://dyinglight.fandom.com/wiki/Searchlights,Side,"The player must travel from Brecken's Tower in the Slums to the Bridge at the East side of the map at nighttime. Upon arriving at the base of the Bridge Towers, the player must climb up both of the towers to reach the struts across and retrieve the working bulbs from the spotlights located across the struts. There are two struts on two different levels, so the player will need to either climb up to the upper level for the second set of bulbs or descend to the lower level for the second set.
Rather than risk being spotted during the night, The player should try to spend most of the day completing other tasks, then arrive at the base of the Bride towers near dusk and begin climbing. This eliminates any possibility of the player being chased by Volatiles and becoming confused during the mission. On the other side, doing the missing during the night does provide a lot of experience points during the ascend up to the lights.
As another alternative to completing this mission at night, the player can collect all the lights during the day. Step away from the lights that electrocute after the bulb is removed."
https://dyinglight.fandom.com/wiki/Spare_Glasses,Side,"Upon taking a look at the request board at the bottom floor of The Tower you'll see a request to retrieve a pair of glasses for a survivor named Khaliq. After talking to him he'll also ask that you get a gardening book at his house so the residents can learn how to cultivate food at the Tower.
Once you have accepted the quest and talked to Khaliq, head out the Tower and towards his house. You can climb through a hole in the roof to reach a balcony and a red door you can open.

The glasses are located on the second floor of the building. It can be found in a bag next to some drawers with a diploma. The gardening book can be found on the bottom floor among many other books. It is the only book still in the bookcase and the only one that has a unique cover making it easy to spot. A zombie statue can be found here.
A door locked from the inside can be opened to leave the building. Head back to the Tower and hand over the glasses and book for your reward."
https://dyinglight.fandom.com/wiki/Steal_from_a_Thief,Side,"Speak to Kurt in Jaffar's place, he will redirect you to Jaffar, who has been looking for a runner. Jaffar will state how Rais's men came across something at a construction site which could bring down the Tower in one hit, and he tasks Crane with investigating.
Go to the construction site, located in the northeast portion of the map, near the large lake. From the waterside beyond the bridge, head east to enter through a small hole in the wall, or jump over the bridge portions itself to enter from above. Several of Rais's Soldiers can be found here, two of which are armed with Military Rifles, and one of which uses a Police Rifle. Kill the troops and enter the easternmost container unit to pick up some keys. With the keys in hand, open the door to the northernmost container and open the chest in the corner. It is full of dynamite. Take the three sticks of dynamite which can be taken and return to Jaffar to complete the quest.
GameSpot Expert Reviews




Dying Light 2 Review: Look Before You Leap
					

02 February 2022





Dying Light: The Following Review
					

12 February 2016





Dying Light Review
					

30 January 2015"
https://dyinglight.fandom.com/wiki/The_Big_Bang_Thesis,Side,"""Glad you made it. Go see Kurt, he'll explain everything.""Jaffar to Kyle Crane
Head for Jaffar's place and speak to Jaffar who will direct Crane to Kurt. Go see Kurt and talk to him. Kurt needs a truck's battery from the overpass to create an effective bomb. Go to the overpass and collect it.
Return to Kurt with the overpass. He will request for some additional items, namely six Household Supplies, six Metal Parts, and a Power Cable. Return to Kurt after obtaining the items. He will be grateful and tell Crane that he'll need some time to create the bomb. When he's done, he will radio Crane. Return to him.
In order to test the bomb, Kurt recommends blowing up a barricaded tunnel which is used by volatiles. While he recommends going there at night, the volatiles are stuck in a bottleneck and can also easily be dispatched during the day by using Firearms and a UV Flashlight. Regardless of which option is chosen take the bomb and enter the tunnel. Head to the back where a quarantine wall is located, plant the bomb there and stand clear.
As the bomb does not detonate, Crane contacts Kurt, who gives some information about how to arm the bomb. Return to the bomb and activate it and stand clear again. This time it does detonate, opening the tunnel up and clearing the nest. Return to Kurt to get the blueprint for his bombs and complete the quest."
https://dyinglight.fandom.com/wiki/The_Launch,Side,"The quest starts when Volkan Yasif Dal makes contact with Crane and asks him to come to a designated location to meet him as well as Fatin and Tolga. Head to the specified location on the map.
The map is slightly deceptive - if you take the direct path, you will likely reach an area that simply leads to a dead end, though there is a way from here as well. Find the zipline from the antenna and follow it. From there, take another zipline further down and head for a small pond. Jump in it and alongside the wall, a small cave is found. From here, go to the site. Instead, one can also head east and follow the coast to arrive at the cave.
Upon reaching the location, speak with Volkan, and push the submarine into the water. Watch as it explodes and then listen to the conversation between Dal and the brothers."
https://dyinglight.fandom.com/wiki/The_Prodigal_Son,Side,"While performing the quest ""Pact with Rais"", Alexei will call out to Crane about needing his help. Climb up to his antenna and speak to the man. Alexei will state how his son, Kristov, has run off to join Brecken at the Tower. Crane is willing to help look for the boy, and in return, Alexei offers him a reward.
Go to the Tower and speak to Blake, he will give some insights, stating that he has seen Kristov and expects him to be on a suicide mission. Deniz also gives some more insightful information, as he informs Crane that Ayo on the 19th floor is in charge of all the new scouts, and advises him to look there for more information. Ayo tells Crane that Kristov was sent out towards a skyscraper, but hasn't been heard from since. While en route towards the skyscraper, Kristov calls out for help via the radio and announces that he's found some wounded survivors around a nearby hostel. Go out to help him.
""Alright, I've secured a safe zone. Kyle Crane""
Clear the hostel parking lot and rooms from zombies, turn the power on and close the gate to turn it into a safe zone. Be mindful of the goon and toad. After clearing the place, speak to Kristov. He will agree to stop being a runner on the condition that Crane brings his father Alexei to the Tower. So make your way to Alexei.
Alexei is originally disappointed that Crane couldn't get his son back, but is eventually convinced to go to the Tower. Before he can set out, however, five of Rais's Bandits show up to kill Alexei, as he has produced enough weapons for them. Kill the bandits and speak to Alexei to complete the quest.
GameSpot Expert Reviews




Dying Light 2 Review: Look Before You Leap
					

02 February 2022





Dying Light: The Following Review
					

12 February 2016





Dying Light Review
					

30 January 2015"
https://dyinglight.fandom.com/wiki/Total_Security,Side,"After having turned the antennas on for Rais, speak to Jaffar. He will state that he has gotten a signal from Hanson's group and asks Crane to investigate. Head to the apartment buildings south of the bus station, located in the northwest area of the map, an area known as the Slabs.
Arrive at the building to find it surrounded by electrical traps and contact Jaffar. Shut off the generators, located to the north, east, and south of the building in small shacks. The body of Hanson can be found at the northern shack, the southern shack is locked with an easy lock and guarded by a goon, and the eastern shack has a toad atop of it. Enter each of the shacks and shut off the generators inside, then return to the building.
Climb up to the roof using the scaffolding or a Grappling Hook. Atop the building it becomes clear that a mass suicide has taken place as a result of Hanson falling from the building, leaving the other survivors stranded on the roof with no way down as Hanson had the keys to enter the building itself. Climb up on the northern construction to off the radio. A small voice recorder can be found next to the door of the southern building on the roof. Pick it up and listen to it:
Seref's Recording: ""This is Seref. It seems we've run out of options. Two weeks ago, Hanson fell off the scaffold, right after switching on the security system. But now the entire building is electrified, and we've been trapped up here ever since. No one's responded to our distress calls, and we've run out of supplies. The only thing left is some cyanide that Hanson thoughtfully brought with him. Anyway, given the choices, we've all decided to go this way. There was talk of trying to go cannibal, but then we'd just be smarter versions of biters. Better this way. Besides, how smart are we for allowing Hanson to leave us stranded up here in the first place? Thanks for finding us, whoever you are. Sorry for the mess. - Seref Hasan.""
After listening to the recording, make contact with Jaffar one last time to finish the quest.
GameSpot Expert Reviews




Dying Light 2 Review: Look Before You Leap
					

02 February 2022





Dying Light: The Following Review
					

12 February 2016





Dying Light Review
					

30 January 2015"
https://dyinglight.fandom.com/wiki/Tunnel_Vision,Side,"""Red Phosphorus, Lye, Iodine, Muriatic Acid, Diethyl Ether, Phenyl-nitrate. Geez. Not exactly grandma's recipe for Christmas cookies.""Kyle Crane after reading Ryan's note
After picking up about red smoke coming from the automobile graveyard, head there to find out what is going on. In the building located there, Ryan will answer the door. He will hand a note and direct Crane to Aziz at the Bazaar. Head there. Crane attempts to contact Lena, but as she is busy, Aman answers in her stead. The ingredients that Ryan has asked for turn out to be the ingredients used in the production of Slam, which is used to keep people awake for long periods of time. Since the Tower is in need of Phenyl-Nitrate, Aman recommends that Crane follow the list and then head for the Tower.
Once at the Bazaar, enter the safe zone. Aziz can be found just behind the trader, located along the northern wall. Speaking to Aziz makes it clear that his courier never arrived with the delivery, and as such, Aziz does not have any Phenyl-Nitrate. Head for the tunnel to the southwest and check the white cars for the supplies. Be mindful as opening the trunk of one of the cars triggers a car alarm. It ultimately turns out this tunnel does not contain the correct vehicle, so head to the tunnel south of the first one. The correct car is located just in front of the bus blocking the way, and in contrast to the other vehicles, its lights are still on. Check the trunk for the package and contact Aman while heading for the Tower. Once there, go up the elevator and speak to him.
Aman takes the Phenyl-Nitrate and gives Diavolon, a sleeping aid, in its stead. Asking Crane to deliver this to Ryan instead. Head back to Ryan at the automobile graveyard to find it besieged by bandits:
Bandit: ""Open the door, Ryan!""
Bandit 2: ""You don't open that door, and we're going to set fire to this place!""
Bandit 3: ""Who's this idiot?!""
Bandit 4: ""A friend of Ryan's, is an enemy of ours!""
Bandit: ""It's not worth dying for, Ryan! Hand it over!""
Bandit 2: ""We're getting tired of asking nicely.""
The bandits will then attack Crane. Dispatch them, clearing a new safe zone, and talk to Ryan to finish the quest.
GameSpot Expert Reviews




Dying Light 2 Review: Look Before You Leap
					

02 February 2022





Dying Light: The Following Review
					

12 February 2016





Dying Light Review
					

30 January 2015"
https://dyinglight.fandom.com/wiki/Voltage,Side,
https://dyinglight.fandom.com/wiki/Where%27s_My_Mother%3F,Side,"After the village is unlocked as a safe zone during the main mission Pact with Rais, Meliha can be seen and heard calling and banging loudly on a door in Fisherman's Village. Speak to her to start the quest. She will state how her sister, Aida was forced out of the village by Harun and how her children Yasmina and Jamil went out after her. Yasmina returned, but Jamil and Aida did not. Knock on the door to Harun's cabin and pick the lock (medium) to find him. It quickly becomes clear Harun is not inside his cabin, so leave the cabin. Speak to some of the townsfolk to find Jarun. Jaul is one of them, but there are also some generic fishermen:
Show: Fishermen's conversation



Crane: ""I'm looking for Harun.""
Fisherman: ""Harun? If a toothache was a man, it would be Harun. If you see him, could you push him into a hole?""
—
The second fisherman:
—
Crane: ""I'm need to find Harun.""
Fisherman: ""Nobody likes Harun, but if you ask me, he's the only one who knows what needs to be done. You can't be tough and be popular. Right? You see what I'm saying?""
—
The fisherman near Yasmina:
—
Crane: ""Where can I find Harun?""
Fisherman: ""Most likely he is under the bridge. THat is where most trolls reside. Eating fish heads, perhaps.""
There is also an objective to speak to Yasmina, this can be done alongside the objective to find Harun. Coincidentally, the fisherman who can direct Crane to Harun is also located just outside Yasmina's cabin. The fisherman claims Harun is likely located under the bridge, so head to the small platform there and speak to him. After doing so, head to the house where Jamil is located, it is the Red Flower cafe e bar. Enter the bar, kill the infected inside, and block the entrances to turn it into a safe zone, then find Jamil. Jamil is hiding in a closet on the first floor, in the children's bedroom.
Jamil will inform Crane that his mother went to the ""tool shop"" belonging to Salim. It is located a fair bit further north. Follow the road through the tunnel and keep following it to end up there. A safe zone is located next to it. Knock on Salim's front door and talk to the man. Speaking to him turns up useless, as he turns on an alarm to draw the Infected near. Kill the Infected, this can be somewhat of a challenge because every Infected in proximity is counted for this objective. Kill any Infected in the area if the alarm doesn't shut off.
""When I'm done with you, I'll hunt down her children and feed them to the volatiles!""Salim
After the alarm is shut off, Salim himself shows up to fight. Kill him, search his body for the keys, and enter his workshop to look for Aida. Move the closet facing the northern wall and head down the trapdoor. Open the regular door to find Aida with her hands cuffed in a basement bedroom. Speak with her to complete the quest."
https://dyinglight.fandom.com/wiki/Witch_Queen,Side,"Dahlia will give you a task of going to a nearby cave which can be accessed through an underwater pathway in a nearby canal. At the entrance is a drop crate. You need to collect 10 mushrooms growing all over the caverns. To avoid the few volatiles who make the cave home, one can choose to collect the mushrooms at night.
After having obtained the mushrooms, return to Dahlia and collect the potion and blueprint. The potion has a side effect of reversing backward and frontal movement."
https://dyinglight.fandom.com/wiki/Blocks_for_the_Boy,Side,"While Rupert is busy with the insulin for Alya Bozkurt he tasks Crane with watching over the children. One of them, Kadim, mentions how he got startled from a sound from the basement and lost his blocks. He asks Crane to get them back for him.
One block can be found one flight of stairs down, three more another flight down. The remaining five can be found near the door to the basement. After obtaining the blocks, return to Kadim to return the blocks and then speak to Rupert to finish the quest.
GameSpot Expert Reviews




Dying Light 2 Review: Look Before You Leap
					

02 February 2022





Dying Light: The Following Review
					

12 February 2016





Dying Light Review
					

30 January 2015"
https://dyinglight.fandom.com/wiki/Chasing_Past,Side,"Talk to Zhanna, located in a safezone in the northern part of Old Town. She will state how Tariq has a child under his wing and could use some help. Go and speak to Tariq. Tariq will state that a boy that he found is a burden to him. He was promised help and the mission is to help him and the kid by uncovering the reason behind the child's traumatized state. Go to Dolma Street, located in the far south of old town - to the east of the algea site in Emerald Pond, and investigate the building. Once inside, follow the quest marker and enter the living room of an apartment to trigger the voice recorder. After having done so, check the other apartments.
A second voice recording indicates that whatever happened might have happened in the basement, so head there. Once inside, head to the third basement door, with a bloody handmark on it. The door is locked, so head up to apartment three to find the keys. They can be found atop a small table located just beyond the front door of the apartment. Take them and head back to the basement door.
Enter the basement belonging to the third apartment to find an improvised butchery, with a bloody floor and even some human remains. The dog on the table turns out to be Mike. Take his collar and Umar emerges from his room next to the workbench, ready to attack. After defeating him, enter the room to find the legendary blueprint God's Hammer.
After uncovering the truth, return to Tariq. He will give the keys to the museum's basement, which can be accessed by an underwater tunnel. Inside are a small locked (hard) chest and two white locked (hard) chests, containing weapons and other goods."
https://dyinglight.fandom.com/wiki/Do_You_Believe%3F,Side,"At the Harran University Mufid mentions some loud music being played. After speaking to him, head to the source of the sound. The location is due north of the university, just beyond the canal. The entrance of the place is near the roof of the building, with the entrance being marked with a blue light. The door will open automatically when entering, unlocking a new Safe Zone.
Once inside, head to the back room and speak to Ishaq. Ishaq will state that Crane's ""nemesis"" sought his guidance but was denied. Ishaq is willing to provide it to Crane, but he needs a special nightshade which grows in the river bank and can only be seen at night. A bed is located in Ishaq's safe zone, so resting until night there is advisable to quickly advance the quest. 6 of the night herbs are required for the quest.
The river bank itself is located to the east of the main road leading out of Old Town. Be wary, as Toads spawn in the same area as the herbs do. The herbs are easy to recognize, as they glow in the dark. After obtaining 6 of them, return to Ishaq and put the herbs in the brazier to complete the quest. Speak to Rashiq again to start the next quest: ""The Shadow of the King""."
https://dyinglight.fandom.com/wiki/Dungeon,Side,"After hearing odd noises from the basement while recovering blocks for Kadim in the previous quest, Crane chose to investigate further and spoke to Rupert. Speak to Rupert again to begin the quest, head for the basement with the key and enter it.
Once in the basement, a puddle of water is being electrified. Follow the red tube across the floor and turn off the electricity. Then head in the opposite direction. Keep walking to the end and then open the opened door. Take the lock off the eastern door in the room to find an infected inside, Jasmine. Kill her and then head back to Rupert to finish the quest.
GameSpot Expert Reviews




Dying Light 2 Review: Look Before You Leap
					

02 February 2022





Dying Light: The Following Review
					

12 February 2016





Dying Light Review
					

30 January 2015"
https://dyinglight.fandom.com/wiki/Fan_Zone,Side,"Noah, atop the Ember's Safe Zone, has heard a distress call. Speak to him to learn more. He will request Crane to go to the Fan Zone and find out what is happening there. Head to the ""Fan Zone"", located near the giant screen in the far southeastern part of Old Town. The easiest way to get there from Noah is by using the zipline, which will land close to the quest site.
""For anyone who can hear this, our situation is dire. There are women and children here. We can offer electronic equipment and ammunition in exchange for medicine, food, and drinking water. Please, help us!""Distress call
Upon approaching the zone, the distress call is heard clearly. Crane contacts Troy to give an update on the ordeal before entering the building. Once inside, call the elevator by pressing the button to the right of its doors and head up.
The elevator itself doesn't bode well, as it is covered in blood. Upon arriving at the floor, numerous dead bodies can be found, with blood smeared on the floor. Find the source of the message. The door at the end of the main path are blocked, so instead follow the red wall to the right to find a way into a broadcasting room. Be sure to pick up the keycard from the coffee table along the way, as it is required to access the broadcasting room. From there, use another door to enter a sound studio and turn off the distress call by activating the computer.
""To anyone who can hear this: Your situation is dire. I've killed women and children here. I can offer you death in exchange for your medicine, food and drinking water. Come to me...""Voice
After turning off the distress call it becomes clear that a psychopath is inhabiting the building. Troy contacts Crane to get a status report. After doing so, head out of the sound studio.
""Ahh! So you wish to challenge me! Excellent. Take the elevator, and it will bring you straight to me. To anyone who can hear this: Your situation is quickly deteriorating. I've killed so many I can no longer remember them all. But they were all weak. You are weak, so you will die. To anyone who can hear this: I'm going to cut off your head... but not right away, of course. To anyone who can hear this: I'm going to cut out your ear drums, so you won't hear anything. You will die in total silence. Not to worry, I will hear your screams for you, so they won't go to waste. To anyone who can hear this: I was left behind by cowards, but I've survived by awakening my natural predatory abilities.""Voice
Having little choice, Crane has to use the elevator to find the psychopath. The elevator gets stuck, so climb up into the elevator shaft and from there enter the ventilation shafts. Throughout the whole procedure the psychopath keeps rambling on about his plans and his motivations. After dropping down the ventilation shaft, Crane can finally fight back. Be mindful, as the psychopath uses a Police Rifle to fight. After killing him, Crane contacts Troy. On a table in the building a German 9mm Pistol can be found, alongside 3 boxes of ammunition.
Having dispatched the psychopath, turn the power back on and ride the elevator down to complete the quest."
https://dyinglight.fandom.com/wiki/Fountain,Side,"On the roof of the Harran University in Old Town a man named Mort Norris can be found. Speak to him to begin the quest. Norris wants the water system to be active again, so he tasks Crane with turning some valves. One near the Town Hall, one near the Canal Waterfalls, and one near a Hotel.
The one near the Town Hall is accessed by opening a door due east of the Town Hall itself, near a car trap and a garbage pile. Head down the stairs and jump into the water. Swim underneath the water and head to the flare and open the underwater door, which is locked with an easy lock. Once on the other side, jump out of the water and find the blue pipe with the white valve — destroy the wooden planks in front of it and turn it over. Be careful as while the area is clear of infected initially, once the valve is turned on multiple biters will spawn right outside the alcove with the valve. While heading back to the surface, three virals will burst through a door, deal with them.
The valve near the canal can be accessed from the canal itself. Open a door and head downstairs. Once down, it becomes clear that the water inside is electrified, so Crane has to use parkour to find a safe way around. It is advisable to use a Grappling Hook to more easily, and safely, get through this section. From one of the wooden platforms, jump to a hole in the wall and turn right, taking care of any infected along the way. Near the end of the path, to the left, a flare is found in front of an electricity circuit. Open the circuit and use it to safely get down into the water in the main room and access the valve. Turn it on and head back outside.
The Hotel valve can be found in the western part of Old Town. Enter the door next to a fence trap and head downstairs. The valve itself is easy to access, but there are three Toads which will hinder Crane from using it. Swim underneath a part of the wall to get to the other side and dispatch them before heading back.
After turning on all three valves, Crane contacts Mort to give him a status report. Mort will state how now all that has to be done is turn on the main valve in the main pumping station, so head there. It is located just to north of a canal. Head down the stairs and jump in the water to swim all the way down to a flare. From there, follow the path headed east and swim up. Once on the other side, jump to the dry area to find it occupied by Rais' Gang. Three of his troops are there, two carrying Military Rifles, and one carrying a Police Rifle. After advancing further to the pump itself, two more of Rais's Men are found, again carrying rifles. After dispatching them, turn the valve and contact Mort.
Exit the main pumping station and head to the fountain to try its water. Be careful as the place is swarming with infected. After doing so, the quest is completed.
GameSpot Expert Reviews




Dying Light 2 Review: Look Before You Leap
					

02 February 2022





Dying Light: The Following Review
					

12 February 2016





Dying Light Review
					

30 January 2015"
https://dyinglight.fandom.com/wiki/Health_Potion_(quest),Side,"Having spoken to Rupert during the previous quest, it becomes clear that one of the children, Alya Bozkurt needs insulin because she is a diabetic. Head outside. Two pharmacies are marked on the map. One located to the northwest of the daycare, the other located to the southwest. The one in the northwest lacks the insulin, so go to the other one.
The one in the southwest cannot be entered through the front shutter, as opposed to most stores, this one is entirely shut. Enter the square located behind the store and pick the lock (medium) of the back door to enter. Unfortunately, this pharmacy has no insulin either. Crane contacts Troy after failing to find any and she recommends checking the computer database to find out who has last bought some insulin.
Head back inside the store and check the computer, then contact Rupert for a status update. He recommends going to the adress on the receipt, which belong to Alya's father Ekrem. It is located due southeast of the drug store in the southwest from the daycare. Enter the small square and look up. The window on the northern wall all the way at the top is open. Enter there and search the apartment. Be mindful as there are a couple of virals roaming around in the building, as well as a regular biter. A note can be found on the refrigerator. Take it.
""Harika, I'm driving to the pharmacy to get Alya's medication, then to Farhat pizzeria, and then I'll pick up Alya from daycare. We should be home with dinner by 6:00. We love you, my darling. Ekrem.""Kyle Crane reading Ekrem's note
A note left behind by Ekrem shows that he went off to buy pizza after obtaining the insulin. Crane contacts Rupert for more details on the location of the pizzeria. Head to the pizzeria mentioned and look for the insulin there. The pizzeria is located on the side of the street, with an open door. Some infected may be found shambling around there. Ekrem's corpse can be found just off the right from the counter. Turn him around and take the insulin and then return to Rupert to complete the quest.
GameSpot Expert Reviews




Dying Light 2 Review: Look Before You Leap
					

02 February 2022





Dying Light: The Following Review
					

12 February 2016





Dying Light Review
					

30 January 2015"
https://dyinglight.fandom.com/wiki/Legless_Spider,Side,"After witnessing a lot of smoke in the south of Old Town, head to the site of the smoke to find Spider, a wounded runner, on the floor. Talk to him. After doing so, take his bag and start collecting Shisha parts. They can be found in the far northeastern part of Old Town.
The first part, in the southernmost marked area, can be found next to a cash register. Another part is found in area marked due east of the previous one, and is located next to a cash register as well. The final part can be found in a shisha store next to a parking lot, located on a small end table next to a cash register. After collecting them all, go to David, who is located in the far northwestern part of Old Town, at the Royal Canal.
""Don't let me die here.""David
At his home it becomes clear that David has been attacked by Rais's thugs. Five of them are armed with Police Rifles and Military Rifles, so be careful in taking them out, three are located on roofs near David's house, whereas the other two are located inside. The sixth one is armed with a melee weapon and is also inside. After defeating them, free David to turn his home into a Safe Zone. Speak to David, he will explain how he believes a recent meteor crash is the result of the epidemic, and asks Crane to find meteorite samples.
Go to the waterside to the north of David and look for the 5 meteorite samples required. At the site, it becomes clear that a generator is required to locate the samples, so turn it on. Be mindful that the generator will turn itself off after a certain period of time, and will have to be activated again. The noise generated by the generator will also attract infected, especially virals to the site.
The meteorite samples can be found in the following locations:
1: In a small puddle of water just east of the lightpost.
2: In the river, in the southwestern section of the search area, located between three regular rocks.
3: In the northern section of the search area, hidden in the rock wall. Climb up the rocks a bit to access it.
4: In the western section of the search area, west of a couple of vans and cars, also located along the rock wall. This meteorite has a distinct round shadow surrounding it.
5: In the far eastern part of the search area, located along the rock wall headed north.
After acquiring all five samples, return to David to turn them in to receive the Anti-Gadoid Gun and complete the quest.
GameSpot Expert Reviews




Dying Light 2 Review: Look Before You Leap
					

02 February 2022





Dying Light: The Following Review
					

12 February 2016





Dying Light Review
					

30 January 2015"
https://dyinglight.fandom.com/wiki/Lost_in_Space,Side,"During the quest ""Higher Education"", Dawud will call out a distressed radio message about being bitten and being located in the Corner district. He asks for help. Go over there and look for him and his son.
Upon arrival it turns out that Dawud has turned, kill him and look for his son, Sammy. He can be found in a closet in the bedroom at the end of the hallway. Having secured Sammy, Crane contacts Troy to get Sammy to safety at the Tower, which completes the quest.
GameSpot Expert Reviews




Dying Light 2 Review: Look Before You Leap
					

02 February 2022





Dying Light: The Following Review
					

12 February 2016





Dying Light Review
					

30 January 2015"
https://dyinglight.fandom.com/wiki/Office_Outpost,Side,"This quest is offered by Savvy at the Embers' Tower. Kyle Crane has to enter the office outpost through the roof and an elevator which is guarded by a number of Rais's Men who wield rifles, kill all of Rais's Men who also wield rifles inside, and leave through an elevator leading down to the ground floor. Upon completion of this quest, the rooftop office where Kyle entered initially will be unlocked as a Safe Zone for Kyle, the ground floor will no longer have an electrified fence and a trader will also occupy the Safe Zone for the rest of the game."
https://dyinglight.fandom.com/wiki/Radio_Station,Side,
https://dyinglight.fandom.com/wiki/Rupert_the_Gunsmith,Side,"Speak to Fidan at the Harran University after looking for Jade during the quest ""Higher Education"" to learn that Rupert, their gunsmith, has been missing for a while. Head for his flat to find Rupert and talk to him. Once at the flat, head down two flights of stairs and enter the children's room to find Rupert.
Speak to Rupert to not only complete this quest, but also start the next one.
GameSpot Expert Reviews




Dying Light 2 Review: Look Before You Leap
					

02 February 2022





Dying Light: The Following Review
					

12 February 2016





Dying Light Review
					

30 January 2015"
https://dyinglight.fandom.com/wiki/The_Bunker,Side,"Inside the Safe Zone on the Northern side of Old Town you will find a man named Ihsan who is sort of the Supply Sergeant there. He mentions a rumor of a secret stash of supplies that is being horded by the former Town Clerk for Old Town.
Ihsan thinks Crane might be able to convince the guy to share out some of those supplies - or perhaps that we may prefer to kill him and just take what is needed. Either way he does not care. Head for Thabit Erdal's hideout and speak to him. He states how officially Crane must provide several forms before he can give information on the bunker, but instead also advises bribery. He requires the seal of the Mayor's embossing stamp.
The mayor was last seen in a Hotel, located southwest of Thabit's hideout. Enter the hotel through the roof and search for the Mayor's room.
The hotel is full of infected, both laying on the floor as if asleep and inside the hotel rooms, so be careful while exploring. A door in the southern section of the hotel is blocked by a cabinet, push it over to gain entrance. Once inside enter the room adjacent to it and enter the bathroom to find a hole in the wall. Jump down through it. In the lower levels a viral will burst through the door and attack, dispatch it and continue. Be mindful as on this lower floor more infected and two more virals are shambling around. The mayor's seal can be found in a room located in the far north on this floor. It is in the chest at the foot end of the bed. After obtaining it, get down to the ground floor.
On the ground floor two more virals are located, dispatch them. The bottom floor itself is a bloody mess, with piles of corpses being found in the northern of the room. The barricade blocking the main entrance leading to Old Town can be removed, do so and leave the building to return to Thabit.
After speaking to Thabit, head to the bunker, located under the Town Hall. Be mindful as several virals, bombers and regular infected have made the Town Hall their home. Head down the stairs only to find the door locked with a medium lock. Open it to find a Toad standing near the entrance to the bunker, kill it and try to open the door only to discover it requires a keycard which was last in possession of Harran Police Department Captain Enver Halim.
""Thank you, Captain Halim.""Kyle Crane
Halim has turned into a Demolisher and can be found at a police blockade on the eastern road next to the Harran University. Several regular infected police members are also present. Kill Halim and loot his body to acquire the pass card and return to the bunker to find Thabit standing in front of it, intending to betray Crane. Kill him and enter the bunker. Be careful as after killing Thabit an infected and three bombers will come walking down the stairs.
The Bunker[]
The bunker is pretty large in side. To find the supply cache, head right and follow the hallway to a lampost. From there a staircase going down is found with a locked red door leading to the storage. There is a ventilation shaft on the wall to the left, climb on in there to complete the quest. Several Disaster Relief On-site Packages are located inside which can be taken by Crane."
https://dyinglight.fandom.com/wiki/The_Shadow_of_the_King,Side,"After having found the 6 Night Herbs for Ishaq during the previous quest and having placed them in his brazier, speak to him. He will speak in riddles which need to be solved to find out what he is talking about. Head to the southeastern part of Old Town, located just northeast of the Museum.
""... a fountain of crying blood. I guess that's what that is. ... people speaking tongues? The hotel would have been full of foreigners. Maybe that's it.""Kyle Crane
A small water fountain covered in blood in front of the ""noMesh"" hotel is the hint to the first clues that Ishaq provided, as Crane realizes that the hotel would have been full of foreigners. Enter the hotel. The entrance door may be hard to recognize at first as it is a shatterd glass door, commonly used for doors which cannot be used, as opposed to a wooden door. The entrance door has a red carpet and blood on the door handles.
""And there's the red trail. Well, he's either clairvoyant, or I'm being setup. The deceitful nine must be a room number then...""Kyle Crane
Once inside, the ""red trail"" turns out to be a reference to a bloody trail leading to the stairs, on the lower levels of which a couple of infected are located. Look around for a ""Staff Rooms"" keycard, as it is required to proceed with the quest.
After obtaining it, use the keycard to access the staff rooms, located at the lobby. Behind the counter many keycards for rooms in the hotel can be found all of which can be taken. There is also a German 9mm Pistol next to the employee laying there, but be mindful as he is an infected and will wake up when Crane gets too close.
After obtaining the keycards, go back to the first door and open the elevator doors, again, be mindful as there are two infected laying on the floor here. Climb into the elevator shaft and proceed to the next floor. Once there, walk to the end of the hallway and use the keycard to room 9. Be careful as a Viral will be located in the room.
""This was Rais's room. He must have set up shop here when the epidemic first began.""Kyle Crane
Inside the room a weapon crate marked ""Rais"" can be found, locked with a medium lock. Open it to find Rais's Gun as well as some files marked as ""confidential"", a photo of Rais in his military fatigues, photos of infected, and a photo of Rais's brother can also be found. In the back of the room a wheelchair is found, probably having belong to Rais's brother before he died. On the wall at a nearby desk a map can also be seen, having been used for some form of planning.
After opening the chest and taking the gun, the quest is finished.
GameSpot Expert Reviews




Dying Light 2 Review: Look Before You Leap
					

02 February 2022





Dying Light: The Following Review
					

12 February 2016





Dying Light Review
					

30 January 2015"
https://dyinglight.fandom.com/wiki/Troll,Side,"Speak to the girl in the Magic Fortress kindergarten after having dealt with Jasmine during the quest ""Dungeon"". She will speak to Crane:
Girl: ""Are you really leaving?""
Crane: ""I'm afraid I have to, sweety. But some friends are coming to help you guys out. They'll be here really soon.""
Girl: ""What if the troll gets them?""
Crane: ""What troll?""
Girl: ""There's a giant troll down in that parking lot. He makes lots of very scary noises, so it's hard to sleep.""
Crane: ""Well, that's no good. Maybe I'd better chase him away. We can't have trolls in the parking lot, can we?""
Girl: ""No sir.""
Go into the nearby parking lot to kill a Goon. After having done so, Crane contacts Rupert and a Demolisher shows up. Kill the demolisher as well then contact Rupert again. He will state that the children are being brought to safety and he is returning to his workshop. Visit him there. It is located just north of Emerald Pond.
Talk to Rupert one last time and be rewarded with the Angel Sword blueprint. The workshop itself also has three unlocked chests with some Firearms: A Police Rifle, a Camo Police Rifle, and a Desert Police Rifle."
https://dyinglight.fandom.com/wiki/Ascend_Over_Flesh,Side,"As part of ""Two Roads Diverged"", Crane will have entered Sabit's house and discovered the floor has caved in, leading to a cave. Despite the game's warnings that there is heavy volatile activity within the hive, it remains safe (even during the day) to explore during this mission.
""It burns... Mercy...""Sabit
Following the path and using the zipline downwards, you will soon find the source of the noise: a half-formed volatile writhing about, revealed to be Sabit. He can be heard crying out in agony, his voice distorted by the mutations, to which Crane expresses fear and disgust.
After mercifully killing Sabit, the player must then exit the cave through the underwater tunnels, which can be found nearby."
https://dyinglight.fandom.com/wiki/Buggy_Grail,Side,"After arriving at Bilal's Tar & Dust Workshop and speaking to Bilal he will mention a Silas struck standed on a highway which he claims will be worth the effort. Head over there. The highway is located south of Bilal's workshop.
At the truck itself, it becomes clear that the truck's driver is still alive and armed:
Crane: ""Oh shit - sorry! I didn't think there was anybody here!""
Trucker: ""I'll be ya didn't! Thievin' little sumbitch!""
Crane: ""Well relax, it's not like that! I was just looking for some parts to fix up my ride, I wasn't going to steal anything!""
Trucker: ""If it's parts ya want, it's parts you can damn well buy. Jacob Greaves is the name.""
Crane: ""Kyle Crane.""
Trucker: ""Good to meet ya, Kyle Crane. Now, listen here: these parts is mine. You want some, I'll sell ya some. But ain't nothin' for free.""
Crane: ""Understood.""
After the conversation, the quest is completed.
GameSpot Expert Reviews




Dying Light 2 Review: Look Before You Leap
					

02 February 2022





Dying Light: The Following Review
					

12 February 2016





Dying Light Review
					

30 January 2015"
https://dyinglight.fandom.com/wiki/Burning_Rubber,Side,
https://dyinglight.fandom.com/wiki/Crash_Boom_Bang,Side,"After waking up following Crane's meeting with The Mother a plane can be seen crashing down. Not long thereafter, an Acolyte of the Faceless will contact Crane and ask him to investigate the crash site. Head to the site, located in the southwestern part of the map to get contacted by Fatin and Tolga. Head to their location, due southwest of the crash site.
They are found standing in a small tower surrounded by caravans. Go up there and speak to Fatin and Tolga in person. They want Crane to find their boss, Mr. Dal. Take the transmitter from some boxes next to the brothers and start looking for Dal.
The general area where the transmitter will start beeping is northeast of Jasir's farm. On the way there, the Acolyte from before will contact Crane again and ask for a status update.
In a wheat field, the transmitter will slowly start to beep. Head north to find that it keeps increasing along the road. A water tank and a metal wind mill. Due southwest of the wind mill a tree stump and a parachute are found in the field, but Dal is nowhere to be seen. Take the backpack and Crane will contact Fatin again. After a brief conversation, Crane sets the transmitter to the second channel to look for the tracking device planted in Mr. Dal's shoe. Head to Jasir's farm to find that Polat is the source of the beeping, and speak to him to finish the quest.
GameSpot Expert Reviews




Dying Light 2 Review: Look Before You Leap
					

02 February 2022





Dying Light: The Following Review
					

12 February 2016





Dying Light Review
					

30 January 2015"
https://dyinglight.fandom.com/wiki/Down_the_Rabbit_Hole,Side,"Kyle is given a location of the hive and is tasked with destroying it. The hive's entrance is in a cave entrance on the western side of the map, just south of a Hunting Tower. Be mindful that several Virals will be located not too far from the cave entrance.
Entering the hive at night is advisable, as Volatiles will not be present in the hive, only Biters, Night Walkers, Virals and a Toad. Each of the nests themselves will be marked on the minimap as a gray infected symbol (the same used to display virals), with the cave itself containing a total of four nests, one of which is located in a higher area of the cave and may be more difficult to find."
https://dyinglight.fandom.com/wiki/Drought,Side,"While exploring the countryside, Jasir will contact Crane and state how his people got even sicker once the water was returned to them following the quest ""Gaining Credence"". Go to Jasir's farm and talk to him. After a short conversation, Crane agrees to look at the pumping station, so head there.
At the station, several dead infected can be found dead on the floor and the water is contaminated. The doors leading into the pumping station itself are jammed of blocked. With no way to head inside through regular means, head to the lake at the back of the building. Some yellow pipes lead into the water. Jump in and open the gate of the southernmost large pipe to swim back into the pumping station, be mindful that it is locked with an easy lock.
Inside the pumping station, two bandits can be heard talking to one another, with a third one bumping in later:
Bandit: ""...No, no, no. It wasn't like that. He killed himself after all that shit went down.""
Bandit 2: ""No he didn't! I'm telling you, I've seen him with his wife up in the mountains.""
Bandit: ""Oh please, you've been here this whole fucking time.""
Bandit 2: ""I ain't lyin', motherfucker! She looked better! Like, cured, maybe!""
Bandit: ""Now I know you're lying. Nobody gets their mind back after that kind of shit.""
Bandit 2: ""Tellin' you, man. Seen it with my own eyes.""
Bandit: ""No way. He killed himself, she died, kid wound up on the streets. Got it in her head she was a witch hunter or some shit.""
Bandit 2: ""Who? The second kid?""
Bandit: ""No, dumbass, the first one.""
Bandit 2: ""Yeah, well. No witches around here. Just fuckin' zombies.""
Bandit: ""He always drank too much. Got drunk, hit her, she miscarried... everything went downhill after that.""
Bandit 2: ""He didn't kill himself.""
Bandit: ""You know so much? Then where is he? Huh? You gonna lead the way?""
Bandit 2: ""In the middle of all this zombie garbage? You out of your fucking mind?""
Bandit: ""Ah, fuck it. Pretty soon we'll be rich. Won't have to worry about him and whether he's dead or alive or whatever.""
Bandit 2: ""Yeah. Plan's good. I worry, though. You've heard about this ""stranger?""""
Bandit: ""Heard about what now?""
Bandit 2: ""Some asshole doin' all their dirty work for 'em. If they don't got balls to do somethin', he steps in.""
Bandit: ""Guns blazing, huh? Come on, that's superhero bullshit. Grow the fuck up.""
Bandit 2: ""That's just what I heard, is all.""
Bandit: ""Yeah, you heard bullshit.""
Bandit 3: ""Jesus Christ, will you two shut the fuck up already? Some people are trying to sleep here.""
Bandit 2: ""We can sleep once this is done, man!""
Bandit 3: ""I'm gonna sleep NOW, and you better get some shuteye too. Who you think's gonna carry all the loot?""
After killing the three bandits the power gets shut off and Bekir will burst through the door on the ground floor, panicked and wearing the colors of Rais' Gang. After a brief conversation Bekir will attack Crane, so kill him. Enter the room he came in from and climb up the ladder, head to the electricity box and activate it. Crane will contact Jasir after having done so. This will complete the quest.
GameSpot Expert Reviews




Dying Light 2 Review: Look Before You Leap
					

02 February 2022





Dying Light: The Following Review
					

12 February 2016





Dying Light Review
					

30 January 2015"
https://dyinglight.fandom.com/wiki/Exercises_in_Futility,Side,"After having helped Ezgi and Dara get a safe way to enter Harran, a disturbed Ezgi will call out to Crane over the radio. Head back to the now-cleared Volatile nest in the northeast of the map and see what is going on.
Inside the tunnel it becomes clear that Dara has turned into a Viral. Kill her and speak to Ezgi, who is hiding in a truck. She is determined to go to Harran, so Crane lets her. He will then contact Lena on the way to inform Jasir. After speaking to Jasir, the quest is completed.
Some time after completion of the quest, Ezgi will contact Crane to inform him that she has safely reached Troy. Crane will, in return, relay said information to Jasir.
GameSpot Expert Reviews




Dying Light 2 Review: Look Before You Leap
					

02 February 2022





Dying Light: The Following Review
					

12 February 2016





Dying Light Review
					

30 January 2015"
https://dyinglight.fandom.com/wiki/Going_Postal,Side,"After finding a written and drawn note on a table near Jasir, Crane will ask questions about it. Jasir will dismiss it, saying that the kid keeps making them and he keeps throwing them out. Go to the town and look for the Harran Post Office. The building is located on the main road leading through the town. The front door is locked with a medium level lock and so is the back door. Head inside.
Upon entering the building an alarm will start ringing. There are a couple locations where it can be shut off; at the end of the hallway of the back entrance, in a small closet behind the lobby and in the main office on the top floor. The doors leading to the package room are locked. So go look for a key. They can be found in the main office on the top floor. With the keys in hand, head back to the package room and check the boxes. It turns out that the package of the kid isn't there, so check the Harran Postal Van parked just outside the building. Be sure to take the keys hanging from a key rack in the package room and read the note next to it prior to heading out.
The kid's package is not in the van, but there are a couple of letters, starting the quests ""A Letter To Sera"", ""A Letter To Eylem"", and ""A Letter To Polat"". Head to the highway and look for the Harran Post van to find the package. Take it and head to Jasir and speak to him to complete the quest.
GameSpot Expert Reviews




Dying Light 2 Review: Look Before You Leap
					

02 February 2022





Dying Light: The Following Review
					

12 February 2016





Dying Light Review
					

30 January 2015"
https://dyinglight.fandom.com/wiki/A_Letter_To_Eylem,Side,"During the previous quest three letters can be found in the Harran Postal Van. One of them is dedicated to Eylem. Go to Jasir's farm and deliver the letter.
GameSpot Expert Reviews




Dying Light 2 Review: Look Before You Leap
					

02 February 2022





Dying Light: The Following Review
					

12 February 2016





Dying Light Review
					

30 January 2015"
https://dyinglight.fandom.com/wiki/A_Letter_To_Polat,Side,"During the previous quest three letters can be found in the Harran Postal Van. One of them is dedicated to Polat. Go to Jasir's farm and deliver the letter.
GameSpot Expert Reviews




Dying Light 2 Review: Look Before You Leap
					

02 February 2022





Dying Light: The Following Review
					

12 February 2016





Dying Light Review
					

30 January 2015"
https://dyinglight.fandom.com/wiki/A_Letter_To_Sera,Side,"During the previous quest three letters can be found in the Harran Postal Van. One of them is dedicated to Sera. Go to Jasir's farm and deliver the letter.
GameSpot Expert Reviews




Dying Light 2 Review: Look Before You Leap
					

02 February 2022





Dying Light: The Following Review
					

12 February 2016





Dying Light Review
					

30 January 2015"
https://dyinglight.fandom.com/wiki/Harvest,Side,"Kyle Crane arrives at the marked location, finding a giant Toad and a few Virals. He will have to kill said Toad, nicknamed Beelzebufo who is a member of the Freaks of Nature to finish this quest"
https://dyinglight.fandom.com/wiki/Heart_of_Darkness,Side,"The note can be found on the board in Bilal's Tar & Dust Workshop. The hive is located along the eastern shoreline, just east of the Granary. The entrance to the cave is located in the cliffside connected to the shore, and cannot be entered from above.
The hive is home to Virals, Volatiles and a Toad during the day. The Volatiles will be absent at night, but some of the biters can turn into Night Walkers instead. The hive is home to four nests.
GameSpot Expert Reviews




Dying Light 2 Review: Look Before You Leap
					

02 February 2022





Dying Light: The Following Review
					

12 February 2016





Dying Light Review
					

30 January 2015"
https://dyinglight.fandom.com/wiki/Lazarus,Side,"A note on the board on Jasir's farm serves as the introduction of this quest. After a brief conversation with Jasir, Crane is told to talk to Ezgi, so go speak to her. Jasir also advises speaking to Polat, as he used to work on Ercan's farm. Ezgi is sceptical of Crane's chances of success, but Polat is more helpful. Polat will state how there is a hole in the wall east of the entrance.
""Hey! We got company!""Bandit
Head to the farm, located to the east of Jasir's farm, just past the highway. Nine bandits, armed with Military Rifles and Police Rifles occupy the farm, one of which is hidden in the barn. Dispatch them and investigate the farmhouse. Head to the basement to find the final bandit and open the hatch leading even further down. Ercan is found here, in shock. After contacting Jasir, the farm is unlocked as a safe zone. Return to Ezgi to bring her the news to finish the quest.
GameSpot Expert Reviews




Dying Light 2 Review: Look Before You Leap
					

02 February 2022





Dying Light: The Following Review
					

12 February 2016





Dying Light Review
					

30 January 2015"
https://dyinglight.fandom.com/wiki/Power_to_the_People,Side,"The lights in Bilal's Safe Zone start to flicker. Go to Bilal and talk to him. Bilal will ask Crane to look for a new insulator, as he doesn't trust the claims of Ali that the old ones will hold when the power is turned back on. Head for the highway and look for the insulators.
There is a large, red, electrical post. Climb up onto it. The insulators are located at the end of each protrusion, get one of the insulators off, recover it, and head for Ali at the power plant in the far southwest of the map.
""Mother is good, Mother is life, Mother will help us.""Faceless
Upon arrival at the plant, the place is overrun with infected. Enter the plant grounds themselves to find Ali. He is safe, one of the Faceless is standing near him with incense which causes a blue mist and calms the infected. Ali states that the transfer switch needs to be activated again, so head inside the dam.
Once inside, head downstairs and through the door to be greeted by a demolisher who throws a slab of conrete at the door, breaking it. Kill it, throw the switch and inform Ali only to find out it was the wrong switch. Head down through the hole in the ground and look for the main switch there, Ali will make contact again. Throw the switch and jump down to the lower level, head underneath the metal floor plates and go upwards again, be careful as several infected have made their home here.
From here, two large pipes are found. One to the north, closed, and one to the south, open. The southern one leads to more infected and the Flower Bomb Paint Job, whereas the northern one is needed to advance the quest. Open the gate and follow the pipe to a ladder. Additionally, the passage with the infected also has a locked gate leading to the northern pipe which can be used instead. While going through the tunnel, Ali will contact Crane again and inform him that the Faceless remained outside instead of entering the shack as well. Leave the dam and climb up to look for Ali. Kill the infected blocking the way and find the Faceless deceased.
Speak to Ali again, he was almost done with resetting the power and just needed to flip some switches, so go with him and serve as his bodyguard while he does so. Be mindful as numerous virals will attack while Ali is busy, so having a firearm like the Semi-Automatic Shotgun is advisable to quickly deal with them. When Ali is done, any approaching virals will be killed by the electricity and a Safe Zone is unlocked. Speak to Ali again to complete the quest.
GameSpot Expert Reviews




Dying Light 2 Review: Look Before You Leap
					

02 February 2022





Dying Light: The Following Review
					

12 February 2016





Dying Light Review
					

30 January 2015"
https://dyinglight.fandom.com/wiki/Radio_Boy,Side,"While driving through the countryside near the dam, a boy will contact Crane over the radio:
Radio Boy: ""Help! Gokhan, help! Where are you?! I can't see anything! Help! Anybody?""
Crane: ""Hey, kid. What's going on?""
Radio Boy: ""Help me, mister! I fell into a hole! And my brothers ran away!""
Crane: ""Where are your parents?""
Radio Boy: ""They're dead... I'm scared, mister! There's something in here with me!""
Crane: ""Where are you?""
Radio Boy: ""In a warehouse near the dam! Will you help me? Help me! Please! Please!""
Crane: ""Hang on, kid. I'm on my way.""
Follow the road on the southern bank of the river flowing out of the bank and follow it to the warehouse. Find a way into the warehouse grounds and Crane will contact the boy again:
Crane: ""Hey! Are you there? What were you and your brothers even doing in here?""
Radio Boy: ""We were looking for treasure! We came in through a hole in the roof!""
Climb to the top of the warehouse and jump down to get inside. Crane will try to contact the boy, but to no avail. Jump down to the floor below and open the northern gate on the western wall. Climb over some boxes and enter the next room. In the middle of the room is a scarecrow with a toy sword in front of it. Pick it up to hear some children yelling ""big guy"" when a demolisher, decorated in colorful patterns, enters the room. Kill the demolisher.
After killing the demolisher it quickly becomes clear that the children were cheering on the demolisher and not Crane, as they will voice their disappointment when the demolisher is killed. Search the demolisher to find some keys and enter the back room to find some bodies, one of which is a missing person. The key provides access to a small closet with various duffle bags and a toolbox. A ladder leading up leads to more duffle bags and a white locked (hard) treasure chest. From there, climb up through a hole in the ceiling to find the children's hideout. More duffle bags, green treasure chests and toolboxes can be found here. The children themselves have, unfortunately, managed to escape. Upon accessing their hideout, the quest is completed."
https://dyinglight.fandom.com/wiki/Reclamation,Side,"In the house on Jasir's farm, Elif can be found in the upper floor children's bedroom. Talk to her and she will ask Crane in helping reclaim her farm. The freak of nature can be found due north of the water pumping station. The Holler is found here, alongside a Toad and two Virals.
The Holler is a larger variant of the Demolisher. As such, using a ranged weapon or throwable weapons is advised, since the farmhouse only has limited room to walk around on the floor. The small shed connected to the house offers access to the bathroom via a window. It is an elevated position, making it ideal for taking out the Holler from a distance. Jumping into the bathroom as he throws a chunk of concrete ensures no damage is dealt to Crane during the fight.
It is advisable to use firearms during the fight, especially of a high quality, since the body armor of the Holler is very strong and takes a lot of damage before breaking, the Holler himself also has a lot of health.
After killing the Holler, Crane will learn how to craft the ""Heavy Venom"" and gain survivor and trust points as a reward.
GameSpot Expert Reviews




Dying Light 2 Review: Look Before You Leap
					

02 February 2022





Dying Light: The Following Review
					

12 February 2016





Dying Light Review
					

30 January 2015"
https://dyinglight.fandom.com/wiki/Rocket_Waggoon,Side,"Having aided the brothers during the previous quest and given them some time, Fatin and Tolga will contact Crane. They are almost ready to finish their project, and just require the fuel line from the airplane wreck that they flew in with. Obtain the fuel line and return to the brothers. Be mindful as several Virals have made the crash site their home.
""Shit... Fatin? Tolga? Come in! Are you guys OK? Hey! Jesus. Rest in peace, guys.""Kyle Crane after the rocket wagon is used
Back at the brothers, speak to Fatin. The two will offer Crane a seat in their ""rocket wagon"", but Crane denies. The brothers ignite the rockets and the wagon bursts into the tunnel, with the tunnel collapsing behind them again. A small table next to where the rocket wagon used to stand holds the Hacking Device, be sure to take it.
While the quest itself is officially over, Fatin and Tolga will contact Crane one last time just before Crane is about to meet The Mother during The Following, showing that they survived the ride.
GameSpot Expert Reviews




Dying Light 2 Review: Look Before You Leap
					

02 February 2022





Dying Light: The Following Review
					

12 February 2016





Dying Light Review
					

30 January 2015"
"https://dyinglight.fandom.com/wiki/Run,_Bolter,_Run",Side,"On the quest board on Jasir's farm a note saying ""Will pay for bolter livers"" will hang on the blue door near Jasir. Take it and speak to him to find out that the Bolters have been eating dead family members. Jasir asks to kill a Bolter and return with its liver. Find the bolter marked on the mini map and kill it. Search the body and return to the farm with the liver.
""Oh God, the smell...""Kyle Crane at the liver barrel
Jasir will say to deposit the liver in a barrel in the corner of the farm, do so and return to Jasir to complete the quest. After having done so, any future bolter livers can be delivered there as well for additional trust points.
GameSpot Expert Reviews




Dying Light 2 Review: Look Before You Leap
					

02 February 2022





Dying Light: The Following Review
					

12 February 2016





Dying Light Review
					

30 January 2015"
https://dyinglight.fandom.com/wiki/Strange_Noises,Side,"After reading the note at Jasir's farm, head to the town well. Jasir can be spoken to, but this is optional. The town well is located between the main road leading through the town, and the smaller road leading past the mountain and is part of a park. Jump down the well to find a screamer and silence it.
Having done so, jump into the water and follow the rope with lights attached to it. Be careful, as there are several part where Crane must remain underwater for a considerable period of time. Be sure to look for air pockets and use them. Approximately halfway through the cave three biters will rise up from a stone platform. Dispatch them and move on.
Upon reaching the other side Ziya will call out to Crane, he has been shot by a crossbow. After speaking to him the quest is completed. After completing the quest and leaving the cave, two farmers can be found:
Farmer: ""Look, it's coming out!""
Farmer 2: ""Nah, that's not it. That's the new guy from Jasir's.""
Crane: ""Nice crossbow. You boys hunting something?""
Farmer: ""Yeah! A goddamn monster that's been stealing our food!""
Farmer 2: ""I shot it, but it ran and hid in this cave.""
Farmer: ""Did you not see it in there? Probably for the best, since it was wounded and all...""
GameSpot Expert Reviews




Dying Light 2 Review: Look Before You Leap
					

02 February 2022





Dying Light: The Following Review
					

12 February 2016





Dying Light Review
					

30 January 2015"
https://dyinglight.fandom.com/wiki/Secret_Project,Side,"After having helped Fatin and Tolga during ""The Great Train Robbery"", Fatin will contact Crane again and ask for his help. Go to the brothers, who are located in the far southern portion of the map, along the train tracks.
Upon arriving at the carriage, knock on the carriage door and speak to the brothers. They will give a list of items they need and offer the Geiger device. Take it from a nearby crate and return to the brothers after obtaining the items.
The brothers will state that they need some time, but eventually they will contact Crane again and ask for some fuel. They recommend going to the wall, as many vehicles are parked there. Return to the brothers with the fuel after obtaining it to finish the quest.
GameSpot Expert Reviews




Dying Light 2 Review: Look Before You Leap
					

02 February 2022





Dying Light: The Following Review
					

12 February 2016





Dying Light Review
					

30 January 2015"
https://dyinglight.fandom.com/wiki/The_Great_Train_Robbery,Side,"After having spoken to Polat during the previous quest, Crane will try to contact the brothers Fatin and Tolga to hear Fatin in distress from a train. Drive to the train tracks to the far south from Jasir's farm, near the highway, and look for the brothers.
There are several bandits located on the train tracks, armed with Police Rifles and Military Rifles, so be careful in dealing with them. A total of eleven bandits are present at the tracks. After dispatching them, Crane will contact the brothers and has to check the carriages. The brothers can be found approximately halfway across the bridge, on the straight carriage just before the diagonal one. After speaking to them, the quest is completed.
GameSpot Expert Reviews




Dying Light 2 Review: Look Before You Leap
					

02 February 2022





Dying Light: The Following Review
					

12 February 2016





Dying Light Review
					

30 January 2015"
https://dyinglight.fandom.com/wiki/The_Mechanic,Side,"Having spoken to Jasir after returning the running water during Gaining Credence, Jasir recommends going to Bilal for more work. Head to Bilal's workshop, due north of the town, and speak to the man to complete the quest.
GameSpot Expert Reviews




Dying Light 2 Review: Look Before You Leap
					

02 February 2022





Dying Light: The Following Review
					

12 February 2016





Dying Light Review
					

30 January 2015"
https://dyinglight.fandom.com/wiki/The_Thrill_of_the_Chase,Side,"At Jasir's farm, next to Jasir, is a half-torn newspaper. Take it and Crane will speak to Jasir, marking the start of the quest. Jasir will talk about a resident in the town near Bilal's Tar & Dust Workshop named Adam, who kept a collection of weapons before becoming paranoid and hiding them all. The saber of Jasir's grandfathert was in possession of Adam, so Jasir hopes that Crane can find it among the other hidden weapons.
Head to the town, the building is located along the easternmost road, but the doors leading inside are locked with doors bolted from the inside. Head to the grocery store located next to Adam's house and raise up the shutter. Go to the back of the store and destroy the crates to find a hatch. Open it and enter the basement. Follow the path until a hole in the wall is reached, jump through it and head for the door. On the door is a suicide note which reads:
""Dear Thief, I don't know who you are, but...know that I'm happy you found this letter.I know why you're here. It's about my weapons, right?It's always about my weapons.I knew I wouldn't be able to take my precious beauties to the other side... but it'd be a shame to just leave them behind for anyone to come along and steal.So, a while back I began a special project.Did you ever search for hidden treasure when you were a child?There would be no treasure to find if no one hid it in the first place.So I thought of this little game... I've left hints all around this place.Have fun.""Suicide Note
Open the door and enter the house. It is locked with an easy lock. Head up the stairs. There are three floors, each of which holds a variety of letters, most of which are hints. On the ground floor one hint is located, on the carpet in front of the front door.
On the first floor there are more hints. The first is located in a closet found when walking up the stairs. The second is located in the room to the west, next to a chair. The next one is located on a hexagon table in the middle of the room. Near the table, along the western wall on weapon racks, are two more notes, the soutnern one being named ""Sea From Way Up High"" and the northernmost one being named ""The Wishing Well"". On the other side of the room are two more notes located on weapon racks, the northernmost being named ""Six Feet Under"", and the one next to it being named ""The Rocky Riverbed"". Inside the kitchen is also a note, but it is centered around ants.
On the top floor the final letters are located. At the start of the hallway is the first, with the second being located at the end of the hallway. On the room north of the end of the hallway, along a bookshelf, another note is located, with another located in the desk nearby. Inside the bedroom, below the smashed-down door, is a note while on the bed is another.
The letter contents are displayed in the colums below, in the order they were written above.
Show: Letter Contents of the ground floor



{{Q|
Show: Letter Contents of the first floor



...family camping trip, but disaster struck in the middle of the night. The small, rock-strewn island, as the campers discovered, was home to several large hornet nests, and when going to relieve himself away from the site, one of the campers disturbed the stinging insects. The boy died of anaphylactic shock...
—

Lighthouse tours are available by appointment only, Monday through Friday, from 9:00 a.m. to 12:00 p.m. No flash photoghraphy allowed
—

Try as I might, I can't find a name for that bloody island. All the locals just call it ""the rocky island,"" as if it doesn't even need a name. I suppose I could list it as ""Rocky Island"" and leave it at that. This is no way to keep records.
—

So run, boys, runThough you can't run awayIt's a ghost of your pastLeading you astrayAnd the last thing that they sawWas the sea from way up highAnd a light out on the waterReflected in their eyeAnd they flew, flew, flewFor the first time in their livesThey were free, free, freeFrom the troubles of their pastAnd they flew, flew, flewFor the first time in their livesThey were free, free, freeFrom the troubles of their past
—

So run, boys, runthough you can't run awayit's a ghost of your pastleading you astrayThey stopped at the wishing wellAll hidden in plain sightbut it ran as deeop as the road to helland dark as pure midnight
—

Well I'll tell you all a storySaddest one to be foundWhen they placed a living bodySix feet undergroundWell, at night they went to diggin'They was diggin' hard and deepBut what they took from that there bodyWasn't meant for them to keep
—

Next day, when they woke upThey started headin' westBut from a rocky riverbedRose a sight they'd never guessedThey saw a hill a-risin'They saw the waters partInside the cave, the dead girl wokeThey heard her beatin' heart
Show: Letter Contents of the top floor



As loathe as I am to consider it, I may have to access the local cemetery clandestinely and exhume a few of the bodies. Given the state of the region, I'm not sure how I could accomplish this task, especially with conditions as they are at night. Perhaps a distraction?
—

Found another reference to the lighthouse. From what I can piece together, it was first built in 1347, but collapsed in a storm in 1462 before being rebuilt. Makes me wonder if any of the original structure remains. In vain, no doubt, since I do not have the equipment necessary to excavate in any case.
—

Dear Sir or Madam,It is with no small amount of impatience that I must remind you that that the gas main between my home and your facility has been severed. I am in no way responsible for whatever amount of gas leaked into the environment between here and there, nor do I have any intention of paying this ridiculous bill. The lot of you can, if you'll pardon my invective, get stuffed.Sincerely...
—

One of the men at the local public house, I believe he was a relative of a certain Tom, has agreed to carry out my graveyard-related exploration for me... at a steep price, of course. I have no choice but to pay him, and hope he makes it back alive.
—

""Wishing well"" mentioned again in relation to the Children of the Sun. Obvious correlation with the huge statue, but... deeper meaning? Physical connection? Must explore further.
—

The cave is referred to locally as ""the wishing well."" On the face of it, that name makes even less sense than ""the rocky island,"" but I surmise the presence of the oversized statue has something to do with it. Perhaps there was once a custom of making a wish and asking for the statue's blessing?
After having read each of the required notes, four more quests should be active; The Thrill of the Chase: Wishing Well, The Thrill of the Chase: Sea From Way Up High, The Thrill of the Chase: A Rocky Riverbed, and The Thrill of the Chase: Six Feet Under. After completing each of these quests, this quest will also be completed.
GameSpot Expert Reviews




Dying Light 2 Review: Look Before You Leap
					

02 February 2022





Dying Light: The Following Review
					

12 February 2016





Dying Light Review
					

30 January 2015"
https://dyinglight.fandom.com/wiki/The_Thrill_of_the_Chase:_A_Rocky_Riverbed,Side,"Having found the proper notes in Adam's house during ""The Thrill of the Chase"", Crane will be given this quest. Head to the rocky formation in the southwest of the map splitting the driver from the dam into two and climb to the top. Look for a large dead tree near the river and jump down to a platform. A cave is located along the northwestern side of the wall. Head inside and dispatch the Screamer inside. Open the nearby chest to find the Quickshooter and finish the quest.
GameSpot Expert Reviews




Dying Light 2 Review: Look Before You Leap
					

02 February 2022





Dying Light: The Following Review
					

12 February 2016





Dying Light Review
					

30 January 2015"
https://dyinglight.fandom.com/wiki/The_Thrill_of_the_Chase:_Sea_From_Way_Up_High,Side,"Having found the proper notes in Adam's house during ""The Thrill of the Chase"", Crane will be given this quest. Head toward the lighthouse and go down to the beach on the southern side. The cave entrance is located a short walk eastward from the rocky arch, covered in vegetation.
The chest is located on a rocky platform surrounded by water and improvised wire traps. The safest way to get to the reward is by using the Grappling Hook. Open the chest to obtain the Six-Shooter and to complete the quest.
GameSpot Expert Reviews




Dying Light 2 Review: Look Before You Leap
					

02 February 2022





Dying Light: The Following Review
					

12 February 2016





Dying Light Review
					

30 January 2015"
https://dyinglight.fandom.com/wiki/The_Thrill_of_the_Chase:_Six_Feet_Under,Side,"Having found the proper notes in Adam's house during ""The Thrill of the Chase"", Crane will be given this quest. Head to the graveyard on the northeastern section of the map, along the road northeast of Bilal's Tar & Dust Workshop. Enter the graveyard and dispatch the infected located there. Go to the back of the graveyard and use the plaque on the grave of Tom Freeman to find a note next to the Saber of Jasir's grandfather, which reads as follows:""
Found the famous saber? You can show it to Jasir if he's still alive. Would love to see his face when he finally gets it back.
Take the saber and return it to Jasir to finish the quest.
GameSpot Expert Reviews




Dying Light 2 Review: Look Before You Leap
					

02 February 2022





Dying Light: The Following Review
					

12 February 2016





Dying Light Review
					

30 January 2015"
https://dyinglight.fandom.com/wiki/The_Thrill_of_the_Chase:_Wishing_Well,Side,"Having found the proper notes in Adam's house during ""The Thrill of the Chase"", Crane will be given this quest. Head to the Temple located in the southwestern section of the northern part of the map, west of the Lake of the Sun. From the parking lot, follow the path up until the cave is entered. Jump down into the water and swim to the bottom to find the chest. It is surrounded by Underwater algae and locked with an easy lock.
Open the chest to find the Ranger revolver and finish the quest.
GameSpot Expert Reviews




Dying Light 2 Review: Look Before You Leap
					

02 February 2022





Dying Light: The Following Review
					

12 February 2016





Dying Light Review
					

30 January 2015"
https://dyinglight.fandom.com/wiki/The_Ties_That_Bind,Side,"Jasir will contact Crane while in the Countryside. Go to Jasir at his farm and speak to him. He is distressed about Ezgi, who went missing. He suspects she went to a farm not too far away, so head there. The farm is to the northeast of Jasir's.
At the farm, it quickly becomes clear that the place has been overrun by the infected, but Ezgi is nowhere to be seen. A letter from Ezgi is located under the body of Ozan, however, which reads as follows:
""Thank you, Ozan. Thank you for letting us stay here so long. But it's time for us to go. We've already packed and I think we have everything we need. :]
We'll leave from the campsite on the shroe and head to Harran. I'll try to give you a sign somehow. Thanks for everything.
Ezgi""
After reading the note, Crane will contact Jasir. After speaking to him, head to the campsite mentioned in the letter, it is located in the far northeastern part of the map, south of the highway. The campsite is, similar to the farm, also overrun. A Demolisher, Toad, Viral and some biters have made the place home. Dispatch them and check the trailers for Ezgi.
The task to return Ezgi is quickly rendered moot when Ezgi is found alongside Dara, both of which wish to escape to Harran. Ezgi asks for the favor Crane gave her. She wants to escape via a tunnel, so go there and make sure it is safe. The tunnel is located to the northwest of the campsite and is a Volatile Nest.
Enter the tunnel and use a side passage to get past the rubble. On the other side are several biters. Dispatch them and use an even further side passage to enter the hive itself. Be mindful that there will be several Volatiles here, as expected. Dispatch the two volatile nests themselves and kill any remaining infected to clear the tunnel and have it be safe. Crane will then contact Ezgi to finish the quest.
GameSpot Expert Reviews




Dying Light 2 Review: Look Before You Leap
					

02 February 2022





Dying Light: The Following Review
					

12 February 2016





Dying Light Review
					

30 January 2015"
https://dyinglight.fandom.com/wiki/Two_Roads_Diverged,Side,"On Jasir's farm a note on the quest board is found about Sabit and his plants. After taking it, Crane will talk to Jasir and ask about it after which he is sent on his way.
After being asked to acquire herbs from Sabit's hut, the player soon finds the floor caved in and leading into a volatile hive, from which strange sounds are emerging. Go down and take the herbs and return to Jasir to complete the quest.
GameSpot Expert Reviews




Dying Light 2 Review: Look Before You Leap
					

02 February 2022





Dying Light: The Following Review
					

12 February 2016





Dying Light Review
					

30 January 2015"
https://dyinglight.fandom.com/wiki/Venom_(Dying_Light),Side,
https://dyinglight.fandom.com/wiki/We_Don%27t_Go_There_Anymore,Side,"A poster at the gas station job board warns to stay out of the waterfront town.  Bilal says there are supposedly ""demons"" there, but the town has also never been looted. Crane has to search the small town for 4 screamers, in various buildings. The town is somewhat of a maze, with many levels, and locating the screamers can be challenging. Once all 4 are dead, return to Bilal to claim your reward."
https://dyinglight.fandom.com/wiki/Well_That%27s_a_Cave,Side,"Hanging from the board at Bilal's Tar & Dust Workshop is a note from Bilal about the infected taking canned food from the locals, and one of them having been spotted at the beach. Investigate the event.
Enter the cave near the beach and speak to Ziya, then swim through the underwater cave. Follow the rope and lights and be sure to make use of the air pockets. There are three biters along the way. The empty cans of food can be found underneath the town well, as well as Ziya's son, who has turned into a Screamer.
GameSpot Expert Reviews




Dying Light 2 Review: Look Before You Leap
					

02 February 2022





Dying Light: The Following Review
					

12 February 2016





Dying Light Review
					

30 January 2015"
