Mission URL,Type,Story,Walkthrough
https://marvels-spider-man.fandom.com/wiki/The_Main_Event,Main,"The scene opens with Peter Parker asleep on his bed, awoken by the buzzing of his cell phone. The camera pans to show a glimpse of his apartment, including photos with Aunt May, Uncle Ben, Mary Jane Watson, and Harry Osborn, newspapers from the Daily Bugle, schematics for suit improvements, and even comic books. It is also apparent Peter is behind on his rent. After hearing a call from the police unit, Peter quickly rises, donning his Classic Suit and hurrying out of his apartment.
Spider-Man suited up.
Peter, as Spider-Man, exits the apartment via the window. Along the way, Yuri Watanabe calls Spider-Man over comms, informing him that her team are at Fisk Tower awaiting a warrant, and asking for his help at Times Square. Soon after, work calls, and the voice of Otto Octavius comes over the line.[a] Octavius calls to ask Peter where he is, needing him to run through a demonstration before the grant committee, and Peter quickly hangs up to prepare for the battle.
Fisk's men terrorize Times Square.
Arriving at Times Square, police officers are under fire from Fisk's men, ducking behind their vehicles for cover. The enemy approaches firing machine guns, before calling in a tanker truck, which speeds in from the side, smashing their cars before exploding in a ball of fire. The thugs resume their advance, but before they can shoot, Spider-Man arrives, disarming them all from above before landing.
After defeating the thugs, Yuri calls Spider-Man only to hear another explosion nearby. After reaching Fisk Tower, he sees the police under heavy fire from Fisk's men outside. Yuri Watanabe ducks behind her vehicle to request more backup as Spider-Man lands next to her. Spider-Man then swings to the building, defeating a group of thugs and throwing one through the window in order to gain entry.
After Spider-Man defeats the group of thugs inside, the police show up as the last thug is taken down and attempt to use the elevator, but they have been shut down. While they elect to take the stairs, Spider-Man crawls up the shaft and access the ducts. Yuri contacts Spider-Man informing him that their choppers were taking fire and that Fisk's men are desperate, warning him that the server rooms' data is being wiped. While heading to the server room, Aunt May interrupts with a phone call, but he manages to convince her everything is fine before running into the next fight.
Kingpin taunts Spider-Man.
After dealing with the last of the thugs in the server room, Spider-Man approaches the console to halt the purge of server files. Fisk then appears on the server room to taunt Spider-Man, following which the server room doors open and a set of thugs rushes in to take on players. Fisk taunts Spider-Man as he fights, saying that he is the only one that has kept the criminal element in check in the city. Yuri sends in a bomb unit, which Spider-Man clears the way for.
As players make their way up through the floors, they deal with thugs they meet along the way and then meet up with the bomb unit. Hearing screams, they split up, with Spider-Man looking for victims of the explosions and the bomb unit hurrying off to diffuse what they find. After helping victims and using the ventilation shaft, Yuri contacts him again, and the two speculate Fisk planned for the attack.
Spider-Man then finds the bomb unit injured in the corridor. Upon entering, Spider-Man is met with rocket-launcher thugs instead. Once clear, the bomb squad can be found in the following room. This bomb squad really works for Fisk, however, and tries to attack Spider-Man from behind. Spider-Man defeats them, and after taking out the corrupt cops, Spider-Man walks into Fisk's office. Fisk activates the turrets nearby to fight Spider-Man.
The Kingpin arrested.
With the turrets destroyed, Fisk enters the battle and fights Spider-Man himself. As the brawl continues, he grabs Spider-Man and throws him through a few walls before the fight enters the other room, where several thugs join him. Eventually, Spider-Man captures Fisk, fully webbing him up, leaving him for the police.","Spider-Man swinging through the city.
When the mission begins and players take control, tutorials begin for how to swing through the city (hold  to swing, release to detach, press  at the end of a swing to leap forward). Swing through and follow the yellow waypoint to  ""Clearing the Way"" while dialogue takes place until reaching Times Square.
Upon reaching it, after a cutscene, the basics of combat are taught, including how to dodge () by paying attention to their Spider-Sense and how to use the Web Shooter to web towards an enemy (), then spring in close to land a hit (). Follow the on-screen commands to use these techniques to defeat the thugs, then when the second set of thugs arrives via dump trunk, armed, tutorials explain how to web up enemies (), which can be used to beat the next group.
Spider-Man confronted by Fisk's men in Times Square.
Following this, after hearing an explosion, follow the waypoint towards Fisk Tower, where a cutscene commences. After this, in the atrium, Spider-Man is now free to approach the thugs in the opposing room, which are fought using the same combos. This is when tutorials explain the importance of Focus, which can heal Spider-Man (by pressing ). Afterwards, a small group emerges from one of the rooms above and starts firing down. Tutorials learn how to perform a Zip to Point move ( + ) in order to gain access to that floor. Defeat the thugs, and then wall crawl up the elevator () and run up it (holding ), then travel through the ventilator following the waypoint.
On the way to the server room, web to the next floor up as they come out of the duct to take out the thugs there. The Finisher moves with Focus are taught ( + ) to defeat enemies quickly on a full Focus bar. Proceed to the next floor outside the server room, which cannot be accessed. Scanning () will reveal an air duct above, providing a route inside. While inside, takedowns can be performed () to instantly defeat enemies below. When dropping down at the end of the vent, a group of thugs awaits in the server room, and a countdown timer is displayed on the large computer screen showing how much time there is to defeat them. Make sure to dodge the thugs' gunfire and target the thugs with pistols first, defeat them, and then access the computer () to commence a cutscene.
Following the scene, a group of enemies appear. Use the combo techniques shown on-screen to defeat them: launch enemies (hold ) and yank (hold ) to the ground, then use the Web Shooter to lock them in place. After defeating them, proceed out the door, where Spider-Man is greeted by an explosion that takes out the floor above. Move up through the floors, deal with thugs along the way, and then meet up with the bomb unit.
Fight in the Fisk Tower atrium.
After hearing screams, zip up a floor to look for victims and enter the smoke and flame-filled corridors, following the waypoints. While doing so, Spider-Man will encounter a small handful of obstacles; use the web to pull a beam out of the way (by holding  + ) and lift debris off people by rapidly pressing . Enter the ducts again and crawl forward until the point to drop down.
Upon finding the bomb unit, head forward, and Spider-Man is met with rocket-launcher thugs. The rockets are very powerful, but move slowly, and can be dodged just before they hit Spider-Man. After taking them out on both floors, rip the doors on the floor above off their hinges with webbing. Continue to a corridor partially blocked with debris, then climb and jump up to enter into the next room to fight more. Once clear, enter the next room, to commence a cutscene. The thugs that follow are more difficult due to their riot shield, and to defeat them, dodging and getting behind them to attack (using , ) is key. Enter the next room to begin the boss battle.

Fisk boss battle[]
Spider-Man ambushed by Kingpin in his office.
Dodge the bullets from the turrets, then use the Web Shooter to gum them up. Once accomplished, use webbing further by ripping the turrets from their housings, destroying them.
Wilson Fisk then enters the battle after the last turret is destroyed. Be very mindful of dodging his thrown projectiles and, more importantly, his charge. Webbing him up takes a full Web Shooter, and works for a short period of time before he breaks free, so be sure to get a few hits on him before dodging and leaping away. Attacks off the wall are also effective, as the key is to hit Fisk while being evasive and outmaneuvering him.
Once the first phase of the fight is complete, the fight continues in another room, where Fisk has several thugs join him, making the fight more difficult. Battling the thugs provides a good source of Focus for healing, though it is best to beat the thugs first to make the fight easier. Throwable objects are extremely effective both against the thugs and Fisk himself, who is invulnerable unless webbed or first hit by an object.
Spider-Man and Kingpin fighting while free falling.
Fisk tends to take a nearly full Web Shooter in order to web up. Anything less than that and it only has minimal effect. Also, he can grab Spider-Man, wasting valuable time attempting to break free with repeated  button presses. Whenever Fisk throws objects at Spider-Man, throw them straight back at him to deal damage to him while avoiding the immense damage otherwise taken.
Near the end of the second phase, Fisk manages to grab Spider-Man and throw him to the ground. Pay attention to the button cues to dodge the attacks and defeat Fisk in order to be successful, completing the mission. This opens up the next, ""My OTHER Other Job""."
https://marvels-spider-man.fandom.com/wiki/My_OTHER_Other_Job,Main,"After helping the police take down the Kingpin, Peter gets a call from his boss at work that they need to run an equipment check and that The Grant Committee is coming. Peter then tells his boss that he's on his way and will be there soon.
The Grant Committee is not impressed.
Once inside, Peter finds Dr. Otto Octavius—the head of Octavius Industries, a small independent company that specializes in developing prostheses—in the middle of a demonstration. After saving Otto from a near-accident involving a power surge and an electrical harness Otto was using to control a prosthetic arm, the committee arrives unimpressed, and Otto dismisses Peter. Instead, Peter repairs the prosthetic.","Peter and Otto's first pass on prosthetics.
When the mission begins, Spider-Man will have leveled up. Open the Skill Tree and invest in any of three paths: Innovator focuses on offensive techniques involving webs, Defender focuses on melee combat and survivability, and Webslinger focuses on aerial combat and mobility. Any path can be chosen based on player preference, though Defender is ideal for early survivability, particularly in harder difficulties.
After expending a point, follow the waypoint to the lab. Inside, after a cutscene, Peter is controlled instead. Take control of the prosthetic arm and move it a little with , then exit and inspect the terminal on the left. This begins the first of the projects. Complete the circuit puzzles by slotting the pieces in place to allow the circuit to complete. The third puzzle requires two positive and one negative pieces be placed to balance its voltage.
A circuit puzzle.
Move the arm once more and then follow the waypoint to the spectrograph, the next puzzles. These puzzles are completed by inserting matching pattern pieces that fill the gaps.
Once this is completed, the waypoint will indicate how to leave the lab. It is possible to remain in the lab, to hear more recordings from Otto, and complete more Projects that earn Research Tokens, which become relevant later. Once ready, leave the lab to take over Spider-Man again, commencing the next mission, ""Keeping the Peace"".
Missions in Marvel's Spider-ManMarvel's Spider-ManMain missionsAct 1
Clearing the Way · The Main Event · My OTHER Other Job · Keeping the Peace · Something Old, Something New · Fisk Hideout · Landmarking · For She's a Jolly Good Fellow · Don't Touch the Art · A Shocking Comeback · The Mask · Day to Remember · Harry's Passion Project · Financial Shock · Wheels within Wheels · Home Sweet Home · Stakeout · Couch Surfing · Straw, Meet Camel · And the Award Goes to...
Act 2
Dual Purpose · Hidden Agenda · A Fresh Start · Dinner Date · Up the Water Spout... · What's in the Box? · Back to School · Spider-Hack · Uninvited · Strong Connections · First Day · Collision Course · The One That Got Away · Breakthrough · Reflection · Out of the Frying Pan...
Act 3
...Into the Fire · Picking up the Trail · Streets of Poison · Supply Run · Heavy Hitter · Step Into My Parlor... · The Heart of the Matter · Pax in Bello
OtherSide missions
The Network is Down · Storming the Castle · Spider-Man P.I. · Spider-Men · Cat's Cradle · Helping Howard · Internet Famous · Tombstone: On the Move · Tombstone: What's He Building in There... · Tombstone: Let's Get Ready to... · College Buddies · Tick Tock · Over His Head · A Matter of Debate · Home Team Advantage · Snipe Hunt · Error: File Not Found
Citywide activities
Backpacks · Landmarks · Fisk Hideouts · Demon Warehouses · Sable Outposts · Prisoner Camps · Research Stations · Black Cat Stakeouts · Pigeons · Taskmaster Challenges · Crimes
The City That Never SleepsMain missions""The Heist""
The Maria · The Trouble with Arson · Long Lost Loot · Like Old Times · Something is Screwy · Trail of the Cat · Pursuing the Truth · Newsflash · Cover for the Cat · Follow the Money
""Turf Wars""
Blindsided · The Bar With No Name · Jury Rigging · Last Stand · Season Two · Lockup · Yuri's Revenge · Bring the Hammer Down
""Silver Lining""
Old Friends · Season 3 · Rio Bravo · Together But Alone · Humanitarian Aid · Trust Issues · Getting Deep · One Plus One Equals Win
OtherSide missions
Like a Fiddle · Season Finale · Wrap Party · Aiding a Human · Scales of Justice
Citywide activities
Maggia Crimes · Hammerhead Crimes · Hardy's Stolen Art · Screwball Challenges · Hammerhead Fronts · Olympus Hideouts · Crime Scene Recordings"
https://marvels-spider-man.fandom.com/wiki/Keeping_the_Peace,Main,"Spider-Man and Yuri Watanabe
Yuri calls Spider-Man shortly after he leaves Dr. Otto Octavius' lab, requesting to meet him at the Police Department rooftop. While swinging there, Spider-Man listens to a podcast by J. Jonah Jameson, in which Jameson berates a plumber who calls in defending Spider-Man and praising him for defeating Wilson Fisk, by retorting that Spider-Man defeating a mob boss will just lead to three taking Fisks' place.
Upon arriving at the rooftop, Yuri informs Spider-Man that the surveillance towers need repairing. Spider-Man agrees to repair the towers, beginning with those around Chinatown. While doing so, he jokingly takes on the moniker of ""Spider-Cop"" and narrates himself in a gravelly voice, much to Yuri's annoyance.
Spider-Man saves Gloria Davila and recommends her to go to F.E.A.S.T.
After descrambling the first tower's transmissions, Spider-Man finds and prevents a break-in. The second tower reveals a hostage named Gloria Davila, who Spider-Man rescues from a group of thugs. The third reveals one of Spider-Man's backpacks from high school that he had left webbed up around the city, with a tracking dot inside. After retrieving it, he prevents a robbery elsewhere in the city, and calls Yuri to inform her that his ""Spider-Cop"" moniker is retired, to which she expresses relief and then hangs up.","Fixing the surveillance tower.
After reaching Yuri, interact with the first tower to repair it. 
When repairing the towers, players have to utilize both joysticks to match the incoming frequency. The right joystick () controls the height of the wavelength, while the left joystick () controls the width. It is often easier to adjust the height first. Once the frequency matches, hold position until it ""locks"" into place.
The first tower activation will show a break-in crime which must be prevented by defeating a group of thugs. After preventing the break-in, a Crime Token is earned, and the next tower activation will show an assault in progress. Once again, prevent this by defeating the group of thugs, and save the hostage, Gloria, in time. Most of the thugs are relatively simple aside from the larger brute thugs, which can take tremendous damage and are resistant to attacks unless webbed up or hit with throwable objects. Defeat the smaller thugs first while dodging attacks, and then focus on the brute last. After this, successfully disarm the thug holding Gloria at gunpoint by following the instructions on-screen.
Spider-Man saving Gloria from thugs.
Head to the third tower and zip up to it. After descrambling it, it will show an RFID signal showing one of Peter's backpacks from high school, marked by a green waypoint, webbed to a wall on the roof of the building. The backpack has a tracking dot inside, which shows backpacks all over the city. A robbery is also shown in which, once again, Spider-Man has to intervene. The thugs in the shop itself are best defeated by wall-jumping or throwing objects inside, and after this, more arrive in a car.
Spider-Man finding his old backpacks.
After defeating the group with the same tactics, descramble the final Chinatown tower. This leads directly into the next mission, ""Something Old, Something New"". Before beginning the next mission, more surveillance towers can be descrambled to detect collectibles, additional missions, and tasks. Meanwhile, backpacks can be obtained to unlock later upgrades.
Missions in Marvel's Spider-ManMarvel's Spider-ManMain missionsAct 1
Clearing the Way · The Main Event · My OTHER Other Job · Keeping the Peace · Something Old, Something New · Fisk Hideout · Landmarking · For She's a Jolly Good Fellow · Don't Touch the Art · A Shocking Comeback · The Mask · Day to Remember · Harry's Passion Project · Financial Shock · Wheels within Wheels · Home Sweet Home · Stakeout · Couch Surfing · Straw, Meet Camel · And the Award Goes to...
Act 2
Dual Purpose · Hidden Agenda · A Fresh Start · Dinner Date · Up the Water Spout... · What's in the Box? · Back to School · Spider-Hack · Uninvited · Strong Connections · First Day · Collision Course · The One That Got Away · Breakthrough · Reflection · Out of the Frying Pan...
Act 3
...Into the Fire · Picking up the Trail · Streets of Poison · Supply Run · Heavy Hitter · Step Into My Parlor... · The Heart of the Matter · Pax in Bello
OtherSide missions
The Network is Down · Storming the Castle · Spider-Man P.I. · Spider-Men · Cat's Cradle · Helping Howard · Internet Famous · Tombstone: On the Move · Tombstone: What's He Building in There... · Tombstone: Let's Get Ready to... · College Buddies · Tick Tock · Over His Head · A Matter of Debate · Home Team Advantage · Snipe Hunt · Error: File Not Found
Citywide activities
Backpacks · Landmarks · Fisk Hideouts · Demon Warehouses · Sable Outposts · Prisoner Camps · Research Stations · Black Cat Stakeouts · Pigeons · Taskmaster Challenges · Crimes
The City That Never SleepsMain missions""The Heist""
The Maria · The Trouble with Arson · Long Lost Loot · Like Old Times · Something is Screwy · Trail of the Cat · Pursuing the Truth · Newsflash · Cover for the Cat · Follow the Money
""Turf Wars""
Blindsided · The Bar With No Name · Jury Rigging · Last Stand · Season Two · Lockup · Yuri's Revenge · Bring the Hammer Down
""Silver Lining""
Old Friends · Season 3 · Rio Bravo · Together But Alone · Humanitarian Aid · Trust Issues · Getting Deep · One Plus One Equals Win
OtherSide missions
Like a Fiddle · Season Finale · Wrap Party · Aiding a Human · Scales of Justice
Citywide activities
Maggia Crimes · Hammerhead Crimes · Hardy's Stolen Art · Screwball Challenges · Hammerhead Fronts · Olympus Hideouts · Crime Scene Recordings"
"https://marvels-spider-man.fandom.com/wiki/Something_Old,_Something_New",Main,"Via a phone call, Octavius assures Peter that the committee will calm down, and tells him not to bother coming back to the lab for clean-up, as he's stepping out for dinner. Believing that Octavius will be gone for the night, Peter goes to the lab to repair the damage caused to his Classic Suit by his fight with Kingpin.
Otto discovers Peter's secret.
However, Octavius returns to the lab and catches him repairing the suit. To Peter's relief, Octavius seemingly assumes that he merely designs Spider-Man's equipment, and promises him that his secret is safe. Peter is left to his work, eventually falling asleep on the couch.
When he wakes up, he finds a note from Otto telling him to check his email. In Otto's email, he praises Peter for his altruism and provides ideas for improving the suit. Using Otto's notes, Peter crafts the Advanced Suit.","Follow the waypoint back to Octavius' lab. Along the way, surveillance towers for Greenwich can be descrambled, and a few crimes can be completed.
Spider-Man in his new suit.
Inside the lab, as before, projects are available for Research Tokens, though none are immediately relevant. Another recording can be heard from Octavius.
Enter Peter's workstation and interact with it to begin a cutscene. Following this, check the emails on the computer, eventually progressing to the suits menu. Craft the Advanced Suit, and tutorials will explain how suit powers work. After the cutscene, the next mission, ""Fisk Hideout"", is available.
Missions in Marvel's Spider-ManMarvel's Spider-ManMain missionsAct 1
Clearing the Way · The Main Event · My OTHER Other Job · Keeping the Peace · Something Old, Something New · Fisk Hideout · Landmarking · For She's a Jolly Good Fellow · Don't Touch the Art · A Shocking Comeback · The Mask · Day to Remember · Harry's Passion Project · Financial Shock · Wheels within Wheels · Home Sweet Home · Stakeout · Couch Surfing · Straw, Meet Camel · And the Award Goes to...
Act 2
Dual Purpose · Hidden Agenda · A Fresh Start · Dinner Date · Up the Water Spout... · What's in the Box? · Back to School · Spider-Hack · Uninvited · Strong Connections · First Day · Collision Course · The One That Got Away · Breakthrough · Reflection · Out of the Frying Pan...
Act 3
...Into the Fire · Picking up the Trail · Streets of Poison · Supply Run · Heavy Hitter · Step Into My Parlor... · The Heart of the Matter · Pax in Bello
OtherSide missions
The Network is Down · Storming the Castle · Spider-Man P.I. · Spider-Men · Cat's Cradle · Helping Howard · Internet Famous · Tombstone: On the Move · Tombstone: What's He Building in There... · Tombstone: Let's Get Ready to... · College Buddies · Tick Tock · Over His Head · A Matter of Debate · Home Team Advantage · Snipe Hunt · Error: File Not Found
Citywide activities
Backpacks · Landmarks · Fisk Hideouts · Demon Warehouses · Sable Outposts · Prisoner Camps · Research Stations · Black Cat Stakeouts · Pigeons · Taskmaster Challenges · Crimes
The City That Never SleepsMain missions""The Heist""
The Maria · The Trouble with Arson · Long Lost Loot · Like Old Times · Something is Screwy · Trail of the Cat · Pursuing the Truth · Newsflash · Cover for the Cat · Follow the Money
""Turf Wars""
Blindsided · The Bar With No Name · Jury Rigging · Last Stand · Season Two · Lockup · Yuri's Revenge · Bring the Hammer Down
""Silver Lining""
Old Friends · Season 3 · Rio Bravo · Together But Alone · Humanitarian Aid · Trust Issues · Getting Deep · One Plus One Equals Win
OtherSide missions
Like a Fiddle · Season Finale · Wrap Party · Aiding a Human · Scales of Justice
Citywide activities
Maggia Crimes · Hammerhead Crimes · Hardy's Stolen Art · Screwball Challenges · Hammerhead Fronts · Olympus Hideouts · Crime Scene Recordings"
https://marvels-spider-man.fandom.com/wiki/Fisk_Hideout,Main,,"After arriving at the hideout on the waypoint, the gadgets menu will be displayed, allowing the Impact Web to be crafted. This fires a powerful web blast that can instantly web up normal enemies, but has low ammo, and can only be recharged by defeating enemies. It can be selected by holding  to bring up the gadget wheel and switch between the Impact Web and Web Shooter.
The player is introduced to the Gadget Wheel.
After selecting it, the goal is to defeat all the thugs at the hideout, across six waves. The challenge is effectively a combat challenge against multiple enemies, though it can initially be approached by stealth. Picking off thugs by performing perch takedowns ( when hanging) on lone thugs is effective, though as soon as Spider-Man is spotted, combat will begin. As this is inevitable anyway, doing so is optional.
The hideout has two bonus objectives: perform ten Finishers, and web five enemies up to walls. It is ideal to complete these objectives throughout, though both are simple to obtain. The first is done by preserving Focus by avoiding attacks, reducing reliance on healing, and use the Battle Focus Suit Power ( + ) to activate it quickly. The second is achieved easily with the Impact Web, by firing it at enemies that are close to walls. The same can also be achieved with the Web Shooter. As there are six waves of enemies, this is achievable largely with Battle Focus.
The hideout is cleared.
As always, during combat, prioritize taking out enemies with pistols, machine guns, and in the final wave, rocket launchers, as these are the most difficult to dodge. After surviving and defeating all six waves, with the bonus objectives complete, three Base Tokens are earned, and more Fisk Hideouts are located around the city. These hideouts will provide tokens used to unlock more equipment for Spider-Man, and as such, are worthwhile tasks to complete. This will unlock the next mission, ""Landmarking"".
Missions in Marvel's Spider-ManMarvel's Spider-ManMain missionsAct 1
Clearing the Way · The Main Event · My OTHER Other Job · Keeping the Peace · Something Old, Something New · Fisk Hideout · Landmarking · For She's a Jolly Good Fellow · Don't Touch the Art · A Shocking Comeback · The Mask · Day to Remember · Harry's Passion Project · Financial Shock · Wheels within Wheels · Home Sweet Home · Stakeout · Couch Surfing · Straw, Meet Camel · And the Award Goes to...
Act 2
Dual Purpose · Hidden Agenda · A Fresh Start · Dinner Date · Up the Water Spout... · What's in the Box? · Back to School · Spider-Hack · Uninvited · Strong Connections · First Day · Collision Course · The One That Got Away · Breakthrough · Reflection · Out of the Frying Pan...
Act 3
...Into the Fire · Picking up the Trail · Streets of Poison · Supply Run · Heavy Hitter · Step Into My Parlor... · The Heart of the Matter · Pax in Bello
OtherSide missions
The Network is Down · Storming the Castle · Spider-Man P.I. · Spider-Men · Cat's Cradle · Helping Howard · Internet Famous · Tombstone: On the Move · Tombstone: What's He Building in There... · Tombstone: Let's Get Ready to... · College Buddies · Tick Tock · Over His Head · A Matter of Debate · Home Team Advantage · Snipe Hunt · Error: File Not Found
Citywide activities
Backpacks · Landmarks · Fisk Hideouts · Demon Warehouses · Sable Outposts · Prisoner Camps · Research Stations · Black Cat Stakeouts · Pigeons · Taskmaster Challenges · Crimes
The City That Never SleepsMain missions""The Heist""
The Maria · The Trouble with Arson · Long Lost Loot · Like Old Times · Something is Screwy · Trail of the Cat · Pursuing the Truth · Newsflash · Cover for the Cat · Follow the Money
""Turf Wars""
Blindsided · The Bar With No Name · Jury Rigging · Last Stand · Season Two · Lockup · Yuri's Revenge · Bring the Hammer Down
""Silver Lining""
Old Friends · Season 3 · Rio Bravo · Together But Alone · Humanitarian Aid · Trust Issues · Getting Deep · One Plus One Equals Win
OtherSide missions
Like a Fiddle · Season Finale · Wrap Party · Aiding a Human · Scales of Justice
Citywide activities
Maggia Crimes · Hammerhead Crimes · Hardy's Stolen Art · Screwball Challenges · Hammerhead Fronts · Olympus Hideouts · Crime Scene Recordings"
https://marvels-spider-man.fandom.com/wiki/Landmarking,Main,,"From where the mission begins, the first objective is to take a snapshot of the Empire State Building, which can be done without moving from the starting position.
To take a photograph, get close to the marked landmark location and press  to activate the camera. While facing the landmark, use  to zoom in the camera, and move the camera until the lens in the field-of-view turns green, then use  to capture the image.
After taking it, Spider-Man receives a Landmark Token, and the other landmarks will appear on the map. The mission is then complete, leading to the next mission, ""For She's a Jolly Good Fellow"". It is worthwhile capturing other landmarks while descrambling surveillance towers in order to pick up more tokens, as they are used for purchasing upgrades to equipment.
Missions in Marvel's Spider-ManMarvel's Spider-ManMain missionsAct 1
Clearing the Way · The Main Event · My OTHER Other Job · Keeping the Peace · Something Old, Something New · Fisk Hideout · Landmarking · For She's a Jolly Good Fellow · Don't Touch the Art · A Shocking Comeback · The Mask · Day to Remember · Harry's Passion Project · Financial Shock · Wheels within Wheels · Home Sweet Home · Stakeout · Couch Surfing · Straw, Meet Camel · And the Award Goes to...
Act 2
Dual Purpose · Hidden Agenda · A Fresh Start · Dinner Date · Up the Water Spout... · What's in the Box? · Back to School · Spider-Hack · Uninvited · Strong Connections · First Day · Collision Course · The One That Got Away · Breakthrough · Reflection · Out of the Frying Pan...
Act 3
...Into the Fire · Picking up the Trail · Streets of Poison · Supply Run · Heavy Hitter · Step Into My Parlor... · The Heart of the Matter · Pax in Bello
OtherSide missions
The Network is Down · Storming the Castle · Spider-Man P.I. · Spider-Men · Cat's Cradle · Helping Howard · Internet Famous · Tombstone: On the Move · Tombstone: What's He Building in There... · Tombstone: Let's Get Ready to... · College Buddies · Tick Tock · Over His Head · A Matter of Debate · Home Team Advantage · Snipe Hunt · Error: File Not Found
Citywide activities
Backpacks · Landmarks · Fisk Hideouts · Demon Warehouses · Sable Outposts · Prisoner Camps · Research Stations · Black Cat Stakeouts · Pigeons · Taskmaster Challenges · Crimes
The City That Never SleepsMain missions""The Heist""
The Maria · The Trouble with Arson · Long Lost Loot · Like Old Times · Something is Screwy · Trail of the Cat · Pursuing the Truth · Newsflash · Cover for the Cat · Follow the Money
""Turf Wars""
Blindsided · The Bar With No Name · Jury Rigging · Last Stand · Season Two · Lockup · Yuri's Revenge · Bring the Hammer Down
""Silver Lining""
Old Friends · Season 3 · Rio Bravo · Together But Alone · Humanitarian Aid · Trust Issues · Getting Deep · One Plus One Equals Win
OtherSide missions
Like a Fiddle · Season Finale · Wrap Party · Aiding a Human · Scales of Justice
Citywide activities
Maggia Crimes · Hammerhead Crimes · Hardy's Stolen Art · Screwball Challenges · Hammerhead Fronts · Olympus Hideouts · Crime Scene Recordings"
https://marvels-spider-man.fandom.com/wiki/For_She%27s_a_Jolly_Good_Fellow,Main,"After receiving a call from Martin Li, Peter Parker heads towards F.E.A.S.T., a homeless shelter. Along the way, he receives a call from his landlord informing him he is on his third and final warning to pay rent, and that eviction proceedings begin soon.
F.E.A.S.T. staff celebrates May.
Parker enters F.E.A.S.T., a homeless shelter, and speaks to him, apologizing for being late. Martin Li shrugs and asks Peter to distract Aunt May. Peter then starts a conversation with Aunt May, blustering to come up with topics to distract her. Aunt May seems concerned for Peter and suggests he should make up with Mary Jane Watson, suggesting the two would make ""beautiful babies"".
Eventually, Martin Li and the rest of the staff arrive with a cake thanking Aunt May, with Li saying where Aunt May was once inspired by Li to work at the homeless shelter, she now inspires him. Afterwards, Peter thanks Martin Li, who suggests May should visit the City Hall to talk to the mayor. Peter leaves after receiving a voicemail from Yuriko Watanabe.","After reaching the mission objective, the player controls Peter Parker in a mostly interactive segment. Inside F.E.A.S.T., the objective is to simply approach Martin Li and talk to him. Along the way, Peter can hear lines of dialogue from other people in the shelter by walking past them.
After talking to Martin Li, a cutscene commences. Following this, leave the shelter to take control of Spider-Man again, leading into the next mission, ""Don't Touch the Art"".
Missions in Marvel's Spider-ManMarvel's Spider-ManMain missionsAct 1
Clearing the Way · The Main Event · My OTHER Other Job · Keeping the Peace · Something Old, Something New · Fisk Hideout · Landmarking · For She's a Jolly Good Fellow · Don't Touch the Art · A Shocking Comeback · The Mask · Day to Remember · Harry's Passion Project · Financial Shock · Wheels within Wheels · Home Sweet Home · Stakeout · Couch Surfing · Straw, Meet Camel · And the Award Goes to...
Act 2
Dual Purpose · Hidden Agenda · A Fresh Start · Dinner Date · Up the Water Spout... · What's in the Box? · Back to School · Spider-Hack · Uninvited · Strong Connections · First Day · Collision Course · The One That Got Away · Breakthrough · Reflection · Out of the Frying Pan...
Act 3
...Into the Fire · Picking up the Trail · Streets of Poison · Supply Run · Heavy Hitter · Step Into My Parlor... · The Heart of the Matter · Pax in Bello
OtherSide missions
The Network is Down · Storming the Castle · Spider-Man P.I. · Spider-Men · Cat's Cradle · Helping Howard · Internet Famous · Tombstone: On the Move · Tombstone: What's He Building in There... · Tombstone: Let's Get Ready to... · College Buddies · Tick Tock · Over His Head · A Matter of Debate · Home Team Advantage · Snipe Hunt · Error: File Not Found
Citywide activities
Backpacks · Landmarks · Fisk Hideouts · Demon Warehouses · Sable Outposts · Prisoner Camps · Research Stations · Black Cat Stakeouts · Pigeons · Taskmaster Challenges · Crimes
The City That Never SleepsMain missions""The Heist""
The Maria · The Trouble with Arson · Long Lost Loot · Like Old Times · Something is Screwy · Trail of the Cat · Pursuing the Truth · Newsflash · Cover for the Cat · Follow the Money
""Turf Wars""
Blindsided · The Bar With No Name · Jury Rigging · Last Stand · Season Two · Lockup · Yuri's Revenge · Bring the Hammer Down
""Silver Lining""
Old Friends · Season 3 · Rio Bravo · Together But Alone · Humanitarian Aid · Trust Issues · Getting Deep · One Plus One Equals Win
OtherSide missions
Like a Fiddle · Season Finale · Wrap Party · Aiding a Human · Scales of Justice
Citywide activities
Maggia Crimes · Hammerhead Crimes · Hardy's Stolen Art · Screwball Challenges · Hammerhead Fronts · Olympus Hideouts · Crime Scene Recordings"
https://marvels-spider-man.fandom.com/wiki/Don%27t_Touch_the_Art,Main,"Spider-Man discovers a break in at the auction house.
Spider-Man receives a call from Yuri to investigate a silent alarm triggered at Fisk's estate while at F.E.A.S.T., and leaves in a hurry. On his way there, Aunt May calls him, thanking him for his heartfelt words from earlier.
Spider-Man entered through a back entrance in the roof. Once inside, he saw a group of thugs wearing black masks take a woman hostage, and called Yuri to inform her that a heist was in-progress. Spider-Man then crawled through the ventilation and stealthily took out a group of thugs, fearing that alerting them would cause them to kill the hostage.
After taking out a few thugs, Parker notices a camera and examines it, allowing a thug to sneak up on him. Instead, Mary Jane Watson knocks the thug out cold, and then explains the story to Peter.
A wild Mary Jane appears.
In her story, taking place 15 minutes earlier, Mary Jane Watson arrives at the Fisk estate. Rose Rosemann greets her, and she explains she is a reporter who is here to take photos for a new piece on the estate. Rosemann is initially skeptical and refuses to partake, as the meeting was scheduled for the following day, though Mary Jane sets up a fake call to ""Craig"", manager at the Heritage Arts, on the phone saying that something else will be needed on the cover, prompting Rosemann to change her mind. Mary Jane examines several art pieces that Fisk held in his estate, including a samurai sword that Wilson Fisk had once used to wound Peter.
Throughout her story, Mary Jane takes pictures of Fisk's art, and questions Rosemann about how involved she was prior to Fisk's arrest, and about money laundry involved in art sales. This causes Rosemann to grow irritated over time before she takes a phone call in a backroom. Mary Jane recognizes the statue she sees in the room, and pretends she needs to use the restroom before sneaking around further. Rosemann in a phone call to Craig expresses annoyance and says she demands to have Mary Jane arrested.
Mary Jane discovers the Devil's Breath
Mary Jane enters the room with the statue, and within is a file on Norman Osborn and something called Devil's Breath, the file that the thugs intended to find. After her story is finished, Spider-Man asks Mary Jane to hide, and says this is exactly how she imagined the two meeting again. He then continues to sneak around the building and take out the masked thugs silently. The thugs caught Mary Jane while she tried to escape, causing Spider-Man to storm in and rescue both her and Rosemann from the thugs, while taking note that the thugs fight with energy-empowered attacks. After defeating them, Rosemann confronts Mary Jane that she is not the reporter who Heritage Arts intended to send, and Mary Jane explains she works for the Daily Bugle and attempts to ask questions to no success. Peter texts Mary Janes asking for dinner at Mick's Restaurant, and she reluctantly agrees.
Peter and Mary Jane catch up.
Later, Peter and Mary Jane meet at Mick's and catch up. Mary Jane explains she will likely be in a meeting with the legal team after receiving an all-caps text about her antics at Fisk's estate, while Parker explains that though he could work for Oscorp, Otto Octavius' work could save millions of lives. The conversation becomes awkward as the two are about to discuss why they broke up, but their conversation is interrupted by sirens. Peter leaves, and Mary Jane soon follows. The end of this scene contains a cameo from Stan Lee as the Short Order Cook, calling the couple his ""favorites"".","Spider-Man segment[]
The beginning of the mission is all about stealth. Crawl through the ventilation shaft forward to the end, then drop down and remain on the beams. As directed, shoot a web at the floor (hold  to aim and shoot  at the spot on the floor, not at the thug) to distract a thug to move towards them, then perform a Perch Takedown with .
The player is introduced to Perch Takedown.
Zip to the next vent and perform a Vent Takedown at the end, then drop down into the next room and perform a Takedown of an enemy by sneaking up behind them and pressing . Web up to the beams, perform a Perch Takedown on the thug that enters the room, and once again enter the vents to the third room.
Here, two enemies are talking to one another, and as such, it is not safe to perform a Takedown on either. Instead, shoot a nearby box to distract the thug on the left, perform a Perch Takedown of the thug on the right, and then perform a Takedown on the thug on the left. After this, examine an object nearby pointed by a waypoint to commence the next segment.
Mary Jane segment[]
Mary Jane trying to sneak into Rosemann's office.
Mary Jane is controlled in this segment, and has much the same controls as Peter Parker. The mission is continued by following Rosemann and talking to her, though Mary Jane can interact with items on display to learn more information about the art pieces on display, followed by some dialogue from Mary Jane.
Upon talking to Rosemann, follow her around and take pictures of various items. The controls for Mary Jane's camera are similar to Spider-Man's: hold  to pull out and aim the camera, and press  to take the photo once it is in frame. After taking four photos, follow Rosemann to the objective, and then sneak around objects out of sight. Waypoints mostly mark the direction to any safe places to sneak behind. The goal is to reenter the room where Mary Jane saw a statue: sneak around the objects while Rosemann is not looking and on the phone call, then enter the door.
Mary Jane investigating the office.
Inside the room with the statue, the objective is to move its position to allow the statue to open. Investigate the right item on the desk to see the changes that must be made to the statue: it must enter a ""latent power"" position, with its mouth closed, left arm down, and right palm forward. Move the statue in this position, and turn the head right.
After moving its position, the statue must also be holding an item in its left hand. The other item on the desk reveals that this is a short gold staff, which is the furthest-right item on the display case adjacent to the desk. Take it and interact with the statue once again to conclude the segment.
Second Spider-Man segment[]
Spider-Man taking down enemies using stealth.
Spider-Man is then controlled again to conclude the stealth segment. Spider-Man can now zip up to ceilings by holding  to aim upwards and pressing  to zip up. On the first ceiling, crawl to the room on the right, press  to determine when enemies are safe to take down, and when they are, perform either Perch Takedowns or Web Strike Takedowns to clear the two enemies. Next, use the Web Shooter to hit boxes near the exit to the room and lure two thugs in, both of which can be defeated with separate Perch Takedowns.
Drop down to the beams above the next room (which Mary Jane was previously inside), and use the same techniques to distract thugs and take them down. Perch Takedowns are preferable to Web Strike Takedowns, as Perch Takedowns are harder for enemies to discover. Once the room is cleared of thugs, a cutscene commences, following which battle will take place.
Inner Demons attacking Spider-Man.
In this battle against the Inner Demons, they use melee attacks with a wider reach than usual, making dodging very important. Beyond this, the same melee attacks apply. Later, a thug arrives who wields a melee weapon with a wide radius once slammed on the ground. The melee weapon can also block most of Spider-Man's attacks. Instead, perform an Air Launch (hold ) then defeat them either with an Air Combo or by throwing them to the ground and webbing them there with the Web Shooter.
Once all enemies are defeated, a cutscene concludes the mission, leading into the next, ""A Shocking Comeback"".
Missions in Marvel's Spider-ManMarvel's Spider-ManMain missionsAct 1
Clearing the Way · The Main Event · My OTHER Other Job · Keeping the Peace · Something Old, Something New · Fisk Hideout · Landmarking · For She's a Jolly Good Fellow · Don't Touch the Art · A Shocking Comeback · The Mask · Day to Remember · Harry's Passion Project · Financial Shock · Wheels within Wheels · Home Sweet Home · Stakeout · Couch Surfing · Straw, Meet Camel · And the Award Goes to...
Act 2
Dual Purpose · Hidden Agenda · A Fresh Start · Dinner Date · Up the Water Spout... · What's in the Box? · Back to School · Spider-Hack · Uninvited · Strong Connections · First Day · Collision Course · The One That Got Away · Breakthrough · Reflection · Out of the Frying Pan...
Act 3
...Into the Fire · Picking up the Trail · Streets of Poison · Supply Run · Heavy Hitter · Step Into My Parlor... · The Heart of the Matter · Pax in Bello
OtherSide missions
The Network is Down · Storming the Castle · Spider-Man P.I. · Spider-Men · Cat's Cradle · Helping Howard · Internet Famous · Tombstone: On the Move · Tombstone: What's He Building in There... · Tombstone: Let's Get Ready to... · College Buddies · Tick Tock · Over His Head · A Matter of Debate · Home Team Advantage · Snipe Hunt · Error: File Not Found
Citywide activities
Backpacks · Landmarks · Fisk Hideouts · Demon Warehouses · Sable Outposts · Prisoner Camps · Research Stations · Black Cat Stakeouts · Pigeons · Taskmaster Challenges · Crimes
The City That Never SleepsMain missions""The Heist""
The Maria · The Trouble with Arson · Long Lost Loot · Like Old Times · Something is Screwy · Trail of the Cat · Pursuing the Truth · Newsflash · Cover for the Cat · Follow the Money
""Turf Wars""
Blindsided · The Bar With No Name · Jury Rigging · Last Stand · Season Two · Lockup · Yuri's Revenge · Bring the Hammer Down
""Silver Lining""
Old Friends · Season 3 · Rio Bravo · Together But Alone · Humanitarian Aid · Trust Issues · Getting Deep · One Plus One Equals Win
OtherSide missions
Like a Fiddle · Season Finale · Wrap Party · Aiding a Human · Scales of Justice
Citywide activities
Maggia Crimes · Hammerhead Crimes · Hardy's Stolen Art · Screwball Challenges · Hammerhead Fronts · Olympus Hideouts · Crime Scene Recordings"
https://marvels-spider-man.fandom.com/wiki/A_Shocking_Comeback,Main,"The Shocker returns.
Yuriko Watanabe calls Spider-Man to inform him that Herman Schultz, the Shocker, has violated parole again, prompting Spider-Man to swing over to stop him. On the way, Dr. Otto Octavius calls Peter Parker out of concern he may have left his Spider-Man equipment at the lab and that the grant committee would be asking questions; Peter assures him not to worry, and Octavius says he believes Spider-Man should not be swayed by J. Jonah Jameson or his fanbase. Further along the way, J. Jonah Jameson hosts another episode in which he responds to a caller who believes Spider-Man has made New York City safer by referring to supervillains, including the Shocker, that have appeared since Spider-Man stepped on the scene.
The Shocker is apprehended.
After reaching Shocker outside a bank, Spider-Man confronts him and chases him around the city. Spider-Man asks Shocker what he needs the money for, deducing that Shocker would not be stupid enough to steal money knowing the police are watching his every move, and that he must be working for someone. Shocker declines to answer, showing apparent fear.","Spider-Man chasing down the Shocker.
When the mission begins, chase Shocker by swinging. Upon reaching him later on, when the  prompt appears, use it to hit Shocker, prompting a short scene following another chase. Shocker will send charge up and fire blasts towards Spider-Man after this point, which must be dodged mid-air. Later in, upon reaching him, Spider-Man can web towards him again to hit him once more, ending the chase.
This leads into the next mission, ""The Mask"", and also unlocks the side mission ""Spider-Man P.I."".
Missions in Marvel's Spider-ManMarvel's Spider-ManMain missionsAct 1
Clearing the Way · The Main Event · My OTHER Other Job · Keeping the Peace · Something Old, Something New · Fisk Hideout · Landmarking · For She's a Jolly Good Fellow · Don't Touch the Art · A Shocking Comeback · The Mask · Day to Remember · Harry's Passion Project · Financial Shock · Wheels within Wheels · Home Sweet Home · Stakeout · Couch Surfing · Straw, Meet Camel · And the Award Goes to...
Act 2
Dual Purpose · Hidden Agenda · A Fresh Start · Dinner Date · Up the Water Spout... · What's in the Box? · Back to School · Spider-Hack · Uninvited · Strong Connections · First Day · Collision Course · The One That Got Away · Breakthrough · Reflection · Out of the Frying Pan...
Act 3
...Into the Fire · Picking up the Trail · Streets of Poison · Supply Run · Heavy Hitter · Step Into My Parlor... · The Heart of the Matter · Pax in Bello
OtherSide missions
The Network is Down · Storming the Castle · Spider-Man P.I. · Spider-Men · Cat's Cradle · Helping Howard · Internet Famous · Tombstone: On the Move · Tombstone: What's He Building in There... · Tombstone: Let's Get Ready to... · College Buddies · Tick Tock · Over His Head · A Matter of Debate · Home Team Advantage · Snipe Hunt · Error: File Not Found
Citywide activities
Backpacks · Landmarks · Fisk Hideouts · Demon Warehouses · Sable Outposts · Prisoner Camps · Research Stations · Black Cat Stakeouts · Pigeons · Taskmaster Challenges · Crimes
The City That Never SleepsMain missions""The Heist""
The Maria · The Trouble with Arson · Long Lost Loot · Like Old Times · Something is Screwy · Trail of the Cat · Pursuing the Truth · Newsflash · Cover for the Cat · Follow the Money
""Turf Wars""
Blindsided · The Bar With No Name · Jury Rigging · Last Stand · Season Two · Lockup · Yuri's Revenge · Bring the Hammer Down
""Silver Lining""
Old Friends · Season 3 · Rio Bravo · Together But Alone · Humanitarian Aid · Trust Issues · Getting Deep · One Plus One Equals Win
OtherSide missions
Like a Fiddle · Season Finale · Wrap Party · Aiding a Human · Scales of Justice
Citywide activities
Maggia Crimes · Hammerhead Crimes · Hardy's Stolen Art · Screwball Challenges · Hammerhead Fronts · Olympus Hideouts · Crime Scene Recordings"
https://marvels-spider-man.fandom.com/wiki/The_Mask,Main,"After catching Shocker, Spider-Man receives a call from Mary Jane Watson, who asks him to learn more about the mask the two recovered during ""Don't Touch the Art"". Spider-Man says he intends to ask Martin Li, who has a degree in Art History. On the way, J. Jonah Jameson has a new podcast about the masked thugs that attacked Rosemann's estate, ranting that them using masks is further evidence that Spider-Man has led to an increase in crime.
Peter consults Martin Li about the mask.
After arriving at the F.E.A.S.T. shelter, Spider-Man grabs a snack and waits until morning, then removes his costume and enters the shelter as Peter Parker. Upon approaching Li in his office, Peter asks Li about the mask, saying he is bringing it as a favor for Mary Jane. Li appears disturbed, and reveals the symbol inside the mask means ""Demon"". He reveals the mask could be connected to dangerous people, and urges Peter to steer Mary Jane away from her investigation.
Once Peter leaves, he calls Mary Jane about what happened, speculating that the mask must have reminded Li of some childhood trauma and passing on Li's warning to her, though she declines to drop the story.","Peter looking for Martin Li at F.E.A.S.T.
There is no combat in this mission, as it consists of traveling to the F.E.A.S.T. shelter and talking with Li. After entering his office and talking to him, a cutscene commences, after which, leave the shelter to conclude the mission and resume control as Spider-Man.
Before the next mission, ""Day to Remember"", begins, Spider-Man remarks there is ""time to kill"" before he is needed at Dr. Otto Octavius' lab. One of the available side missions (either ""Spider-Man P.I."", ""Spider-Men"", or ""Storming the Castle"") can be completed now, though simple citywide activities can be completed in the meantime instead before the next mission is available.
Missions in Marvel's Spider-ManMarvel's Spider-ManMain missionsAct 1
Clearing the Way · The Main Event · My OTHER Other Job · Keeping the Peace · Something Old, Something New · Fisk Hideout · Landmarking · For She's a Jolly Good Fellow · Don't Touch the Art · A Shocking Comeback · The Mask · Day to Remember · Harry's Passion Project · Financial Shock · Wheels within Wheels · Home Sweet Home · Stakeout · Couch Surfing · Straw, Meet Camel · And the Award Goes to...
Act 2
Dual Purpose · Hidden Agenda · A Fresh Start · Dinner Date · Up the Water Spout... · What's in the Box? · Back to School · Spider-Hack · Uninvited · Strong Connections · First Day · Collision Course · The One That Got Away · Breakthrough · Reflection · Out of the Frying Pan...
Act 3
...Into the Fire · Picking up the Trail · Streets of Poison · Supply Run · Heavy Hitter · Step Into My Parlor... · The Heart of the Matter · Pax in Bello
OtherSide missions
The Network is Down · Storming the Castle · Spider-Man P.I. · Spider-Men · Cat's Cradle · Helping Howard · Internet Famous · Tombstone: On the Move · Tombstone: What's He Building in There... · Tombstone: Let's Get Ready to... · College Buddies · Tick Tock · Over His Head · A Matter of Debate · Home Team Advantage · Snipe Hunt · Error: File Not Found
Citywide activities
Backpacks · Landmarks · Fisk Hideouts · Demon Warehouses · Sable Outposts · Prisoner Camps · Research Stations · Black Cat Stakeouts · Pigeons · Taskmaster Challenges · Crimes
The City That Never SleepsMain missions""The Heist""
The Maria · The Trouble with Arson · Long Lost Loot · Like Old Times · Something is Screwy · Trail of the Cat · Pursuing the Truth · Newsflash · Cover for the Cat · Follow the Money
""Turf Wars""
Blindsided · The Bar With No Name · Jury Rigging · Last Stand · Season Two · Lockup · Yuri's Revenge · Bring the Hammer Down
""Silver Lining""
Old Friends · Season 3 · Rio Bravo · Together But Alone · Humanitarian Aid · Trust Issues · Getting Deep · One Plus One Equals Win
OtherSide missions
Like a Fiddle · Season Finale · Wrap Party · Aiding a Human · Scales of Justice
Citywide activities
Maggia Crimes · Hammerhead Crimes · Hardy's Stolen Art · Screwball Challenges · Hammerhead Fronts · Olympus Hideouts · Crime Scene Recordings"
https://marvels-spider-man.fandom.com/wiki/Day_to_Remember,Main,"Otto tests his prosthetics on Mr. Texidor.
Peter Parker arrives to witness Otto working with Lance Corporal James Texidor. Just as success is realized, Mayor Norman Osborn enters with an order to shut the site down due to ""hazardous conditions"", explaining the grant came with strict safety violations. Osborn first states he excused Otto Octavius' previous safety violations and that this was too far, before escorting the amputee to visit Oscorp Robotics to receive prosthetics. Otto then accuses Osborn of misusing his power, and implies the two have a history.
Norman Osborn enters the lab.
Osborn attempts to strong-arm Otto into returning to work at Oscorp. Meanwhile, he tries to convince Peter Parker to think seriously about opening up a business with Harry Osborn, who will be returning from Europe shortly. After Norman and his staff leave, Otto informs Peter he no longer has the funds to pay him and that he should go out and find another job. Peter leaves, wishing he could help Octavius, and first thinks to call Harry for help. Though he dismisses the idea, he remembers Harry had several research stations across the city, and visits one.","Peter coming to the lab.
Players do not engage in combat in this mission. Instead, they show up to Octavius' lab to control Peter Parker, and after entering it, a cutscene commences. Once it ends, the player controls Spider-Man again with a waypoint to the next mission, ""Harry's Passion Project"".
Missions in Marvel's Spider-ManMarvel's Spider-ManMain missionsAct 1
Clearing the Way · The Main Event · My OTHER Other Job · Keeping the Peace · Something Old, Something New · Fisk Hideout · Landmarking · For She's a Jolly Good Fellow · Don't Touch the Art · A Shocking Comeback · The Mask · Day to Remember · Harry's Passion Project · Financial Shock · Wheels within Wheels · Home Sweet Home · Stakeout · Couch Surfing · Straw, Meet Camel · And the Award Goes to...
Act 2
Dual Purpose · Hidden Agenda · A Fresh Start · Dinner Date · Up the Water Spout... · What's in the Box? · Back to School · Spider-Hack · Uninvited · Strong Connections · First Day · Collision Course · The One That Got Away · Breakthrough · Reflection · Out of the Frying Pan...
Act 3
...Into the Fire · Picking up the Trail · Streets of Poison · Supply Run · Heavy Hitter · Step Into My Parlor... · The Heart of the Matter · Pax in Bello
OtherSide missions
The Network is Down · Storming the Castle · Spider-Man P.I. · Spider-Men · Cat's Cradle · Helping Howard · Internet Famous · Tombstone: On the Move · Tombstone: What's He Building in There... · Tombstone: Let's Get Ready to... · College Buddies · Tick Tock · Over His Head · A Matter of Debate · Home Team Advantage · Snipe Hunt · Error: File Not Found
Citywide activities
Backpacks · Landmarks · Fisk Hideouts · Demon Warehouses · Sable Outposts · Prisoner Camps · Research Stations · Black Cat Stakeouts · Pigeons · Taskmaster Challenges · Crimes
The City That Never SleepsMain missions""The Heist""
The Maria · The Trouble with Arson · Long Lost Loot · Like Old Times · Something is Screwy · Trail of the Cat · Pursuing the Truth · Newsflash · Cover for the Cat · Follow the Money
""Turf Wars""
Blindsided · The Bar With No Name · Jury Rigging · Last Stand · Season Two · Lockup · Yuri's Revenge · Bring the Hammer Down
""Silver Lining""
Old Friends · Season 3 · Rio Bravo · Together But Alone · Humanitarian Aid · Trust Issues · Getting Deep · One Plus One Equals Win
OtherSide missions
Like a Fiddle · Season Finale · Wrap Party · Aiding a Human · Scales of Justice
Citywide activities
Maggia Crimes · Hammerhead Crimes · Hardy's Stolen Art · Screwball Challenges · Hammerhead Fronts · Olympus Hideouts · Crime Scene Recordings"
https://marvels-spider-man.fandom.com/wiki/Harry%27s_Passion_Project,Main,"New York City in smog.
After Otto Octavius' lab is shut down by Norman Osborn, Peter Parker thinks to contact Harry for help, before dismissing the idea. He then remembers Harry had several research stations set up around the city, and decides to visit one.
After arriving, Peter views a message from Harry where he explains the research stations were a project led by his mother to help the public, and that Oscorp was going to close them if they did not prove value. Peter decided to put them to good use, believing they meant a lot to Harry.","See also: Research Stations
Spider-Man trying to collect smog samples.
Upon arriving at the waypoint and interacting with the station, more will be displayed around the map. Research Stations are a form of side missions that allow the player to earn Research Tokens, necessary for upgrades to suits and gadgets.
The research station shown by this mission is the side mission ""Snapping up Smog"". For this, the goal is to swing or fall through green clouds of gas to obtain smog samples, and then take a picture of faulty smoke stacks nearby.
Once it is complete, the next story mission, ""Financial Shock"", becomes available.
Missions in Marvel's Spider-ManMarvel's Spider-ManMain missionsAct 1
Clearing the Way · The Main Event · My OTHER Other Job · Keeping the Peace · Something Old, Something New · Fisk Hideout · Landmarking · For She's a Jolly Good Fellow · Don't Touch the Art · A Shocking Comeback · The Mask · Day to Remember · Harry's Passion Project · Financial Shock · Wheels within Wheels · Home Sweet Home · Stakeout · Couch Surfing · Straw, Meet Camel · And the Award Goes to...
Act 2
Dual Purpose · Hidden Agenda · A Fresh Start · Dinner Date · Up the Water Spout... · What's in the Box? · Back to School · Spider-Hack · Uninvited · Strong Connections · First Day · Collision Course · The One That Got Away · Breakthrough · Reflection · Out of the Frying Pan...
Act 3
...Into the Fire · Picking up the Trail · Streets of Poison · Supply Run · Heavy Hitter · Step Into My Parlor... · The Heart of the Matter · Pax in Bello
OtherSide missions
The Network is Down · Storming the Castle · Spider-Man P.I. · Spider-Men · Cat's Cradle · Helping Howard · Internet Famous · Tombstone: On the Move · Tombstone: What's He Building in There... · Tombstone: Let's Get Ready to... · College Buddies · Tick Tock · Over His Head · A Matter of Debate · Home Team Advantage · Snipe Hunt · Error: File Not Found
Citywide activities
Backpacks · Landmarks · Fisk Hideouts · Demon Warehouses · Sable Outposts · Prisoner Camps · Research Stations · Black Cat Stakeouts · Pigeons · Taskmaster Challenges · Crimes
The City That Never SleepsMain missions""The Heist""
The Maria · The Trouble with Arson · Long Lost Loot · Like Old Times · Something is Screwy · Trail of the Cat · Pursuing the Truth · Newsflash · Cover for the Cat · Follow the Money
""Turf Wars""
Blindsided · The Bar With No Name · Jury Rigging · Last Stand · Season Two · Lockup · Yuri's Revenge · Bring the Hammer Down
""Silver Lining""
Old Friends · Season 3 · Rio Bravo · Together But Alone · Humanitarian Aid · Trust Issues · Getting Deep · One Plus One Equals Win
OtherSide missions
Like a Fiddle · Season Finale · Wrap Party · Aiding a Human · Scales of Justice
Citywide activities
Maggia Crimes · Hammerhead Crimes · Hardy's Stolen Art · Screwball Challenges · Hammerhead Fronts · Olympus Hideouts · Crime Scene Recordings"
https://marvels-spider-man.fandom.com/wiki/Financial_Shock,Main,"After helping out at one of Harry Osborn's research stations, Spider-Man receives a call from Yuriko Watanabe that the Shocker has escaped police custody, having apparently been let out by a guard, and is robbing again. On the way there, he receives a call from Mary Jane Watson where she explains the Inner Demons have attempted to fill the vacuum left by Wilson Fisk.
Spider-Man apprehend Shocker once more.
Upon meeting Shocker in the bank, a battle ensues. During the fight, Spider-Man gains enough information to determine that Shocker is working, under duress, for the Inner Demons. Spider-Man successfully apprehends Shocker at the bank, and remarks that Shocker's fear suggests the Inner Demons are something to be feared too. He calls Yuri to inform her, and she says he will be escorted to the Raft.","After arriving at the waypoint, the boss battle against Shocker begins after a short cutscene. The fight consists of plenty of dodging, as Shocker uses not only an electrical blast from a distance, but an area-of-effect when he lands near Spider-Man. The best time to strike is when he has temporarily exhausted his energy and is standing still — his bubble will be flickering. In this instance, throw an object (a piece of debris) against him and then attack.
Spider-Man fighting the Shocker.
During the second part of the fight, after Shocker escapes from being webbed the first time, he then starts using a tremor-type ability. It is important for players to stay off the ground as much as possible if in his line of fire. During the tremor attack, he is vulnerable to slinging items at him from above will stop this, after which Spider-Man is free to descend and attack as usual. Repeat this until the next phase.
During the final phase of the fight, Shocker will remain still but fire fairly quickly. Spider-Man will need to keep dodging the attacks until there are brief pauses. During these, Spider-Man can take advantage of these to web-pull the supports above him that hold the world in place. Once these are gone, the art falls atop Shocker. He will try to break free using his suit, but it will bust and explode in the process.
After the battle, downtime occurs in which a side mission or two can be completed before the next story mission, ""Wheels within Wheels"", begins.

Missions in Marvel's Spider-ManMarvel's Spider-ManMain missionsAct 1
Clearing the Way · The Main Event · My OTHER Other Job · Keeping the Peace · Something Old, Something New · Fisk Hideout · Landmarking · For She's a Jolly Good Fellow · Don't Touch the Art · A Shocking Comeback · The Mask · Day to Remember · Harry's Passion Project · Financial Shock · Wheels within Wheels · Home Sweet Home · Stakeout · Couch Surfing · Straw, Meet Camel · And the Award Goes to...
Act 2
Dual Purpose · Hidden Agenda · A Fresh Start · Dinner Date · Up the Water Spout... · What's in the Box? · Back to School · Spider-Hack · Uninvited · Strong Connections · First Day · Collision Course · The One That Got Away · Breakthrough · Reflection · Out of the Frying Pan...
Act 3
...Into the Fire · Picking up the Trail · Streets of Poison · Supply Run · Heavy Hitter · Step Into My Parlor... · The Heart of the Matter · Pax in Bello
OtherSide missions
The Network is Down · Storming the Castle · Spider-Man P.I. · Spider-Men · Cat's Cradle · Helping Howard · Internet Famous · Tombstone: On the Move · Tombstone: What's He Building in There... · Tombstone: Let's Get Ready to... · College Buddies · Tick Tock · Over His Head · A Matter of Debate · Home Team Advantage · Snipe Hunt · Error: File Not Found
Citywide activities
Backpacks · Landmarks · Fisk Hideouts · Demon Warehouses · Sable Outposts · Prisoner Camps · Research Stations · Black Cat Stakeouts · Pigeons · Taskmaster Challenges · Crimes
The City That Never SleepsMain missions""The Heist""
The Maria · The Trouble with Arson · Long Lost Loot · Like Old Times · Something is Screwy · Trail of the Cat · Pursuing the Truth · Newsflash · Cover for the Cat · Follow the Money
""Turf Wars""
Blindsided · The Bar With No Name · Jury Rigging · Last Stand · Season Two · Lockup · Yuri's Revenge · Bring the Hammer Down
""Silver Lining""
Old Friends · Season 3 · Rio Bravo · Together But Alone · Humanitarian Aid · Trust Issues · Getting Deep · One Plus One Equals Win
OtherSide missions
Like a Fiddle · Season Finale · Wrap Party · Aiding a Human · Scales of Justice
Citywide activities
Maggia Crimes · Hammerhead Crimes · Hardy's Stolen Art · Screwball Challenges · Hammerhead Fronts · Olympus Hideouts · Crime Scene Recordings"
https://marvels-spider-man.fandom.com/wiki/Wheels_within_Wheels,Main,"Spider-Man meets Jefferson Davis.
Yuriko calls Spider-Man to inform him that the Inner Demons have been attacking Fisk properties. After Spider-Man suggests they get ahead of the curve, she mentions a shipyard where high activity has been reported, encouraging him to check it out. Yuriko sends Jefferson Davis, a good police officer who has investigated his properties for a long time, to help. Upon arriving, Spider-Man takes out the Fisk snipers guarding the equipment.
Spider-Man and Jefferson discover Fisk's hidden vault.
After defeating the guards, Spider-Man meets Jefferson Davis. Though Jefferson has a warrant, Spider-Man finds a less-destructive way of entering the warehouse, by sneaking around the back to open the door from inside. Davis hands Spider-Man a stun gun, which he uses to create the Electric Web and open the junction box. Once inside, the two investigate hidden areas before finding a hidden passageway to a vault in the floor. Once inside, they hear explosions, and discover the Demons have already found the vault inside, leaving behind broken glass from a smash-and-grab, any non-lethal weapons including smoke grenades and stun guns, and empty crates for lethal assault rifles and RPGs and a empty room they didn't tamper with.
Jefferson accepts Mary Jane's interview offer.
One of the vans with Demons gets away, but Spider-Man catches the other and takes out the demons inside, before it collides with a truck. He then uses his webbing to get the truck out of the way of the subway train, before the van attempts to crash into Spider-Man. Jefferson then shows up and takes out the final Demon, but is injured in the process. As the clean-up begins and Jefferson is placed in the ambulance, Mary Jane Watson manages to convince him to give her his story, and they ride away in the ambulance together.","Spider-Man infiltrating Fisk's operation.
Upon arriving, the mission involves stealth. Using Web Strike Takedowns and Perch Takedowns against the lone snipers is the best way to take them out, though any guards watching the snipers should be taken out first. In cases where enemies are grouped together, firing webs to cause distractions and draw guards away is best.
Once the infiltration is complete, Jefferson Davis arrives. To enter the building, at the back of the building near the eaves, an access point can be found via a duct. Once inside, head to the front and pick up the stun gun given by Davis, unlocking the Electric Web. Equip it, and use it to activate the junction box.
Spider-Man and Jefferson trying to find a way into Fisk's vault.
Once Jefferson is inside, use  to scan the environment for hidden conduits in order to access a hidden area; typically the furthest conduit is the one that unlocks the door. Another hidden area is found on the top floor by locating scrapes on the floor hinting at it. Once it is unlocked, Davis suspects there is another hidden area, and a second conduit can be found by pulling up an elevator and hitting the conduit box behind it with the Electric Web.
When the hidden passageway opens in the floor, help Jefferson lift it, then wall-crawl to help him through debris to reach the vault. Inspect the objects in the room and open the back door before proceeding to a battle against the Inner Demons. The Electric Web can help stun them in this battle, though one must be careful of those with melee weapons as they can be deadly if not dealt with from a distance or stunned first. Cars arrive with more Demons that must be defeated to proceed.
Spider-Man chasing Inner Demons' truck.
The final part of the mission consists of a chase through the city as Spider-Man follows the second van. Just like the earlier pursuit with Shocker, dodge the rockets while in the air, until the  appears and Spider-Man can latch on. After grabbing onto the van, head down left or right and press  to throw the Demons off. When the van collides with a truck, use webbing to get the truck out of the way of the train.
After the mission ends, Fast Travel locations are unlocked, and the mission ""Home Sweet Home"" is available. Fast Travel to Peter Parker's apartment to begin the next mission.
Missions in Marvel's Spider-ManMarvel's Spider-ManMain missionsAct 1
Clearing the Way · The Main Event · My OTHER Other Job · Keeping the Peace · Something Old, Something New · Fisk Hideout · Landmarking · For She's a Jolly Good Fellow · Don't Touch the Art · A Shocking Comeback · The Mask · Day to Remember · Harry's Passion Project · Financial Shock · Wheels within Wheels · Home Sweet Home · Stakeout · Couch Surfing · Straw, Meet Camel · And the Award Goes to...
Act 2
Dual Purpose · Hidden Agenda · A Fresh Start · Dinner Date · Up the Water Spout... · What's in the Box? · Back to School · Spider-Hack · Uninvited · Strong Connections · First Day · Collision Course · The One That Got Away · Breakthrough · Reflection · Out of the Frying Pan...
Act 3
...Into the Fire · Picking up the Trail · Streets of Poison · Supply Run · Heavy Hitter · Step Into My Parlor... · The Heart of the Matter · Pax in Bello
OtherSide missions
The Network is Down · Storming the Castle · Spider-Man P.I. · Spider-Men · Cat's Cradle · Helping Howard · Internet Famous · Tombstone: On the Move · Tombstone: What's He Building in There... · Tombstone: Let's Get Ready to... · College Buddies · Tick Tock · Over His Head · A Matter of Debate · Home Team Advantage · Snipe Hunt · Error: File Not Found
Citywide activities
Backpacks · Landmarks · Fisk Hideouts · Demon Warehouses · Sable Outposts · Prisoner Camps · Research Stations · Black Cat Stakeouts · Pigeons · Taskmaster Challenges · Crimes
The City That Never SleepsMain missions""The Heist""
The Maria · The Trouble with Arson · Long Lost Loot · Like Old Times · Something is Screwy · Trail of the Cat · Pursuing the Truth · Newsflash · Cover for the Cat · Follow the Money
""Turf Wars""
Blindsided · The Bar With No Name · Jury Rigging · Last Stand · Season Two · Lockup · Yuri's Revenge · Bring the Hammer Down
""Silver Lining""
Old Friends · Season 3 · Rio Bravo · Together But Alone · Humanitarian Aid · Trust Issues · Getting Deep · One Plus One Equals Win
OtherSide missions
Like a Fiddle · Season Finale · Wrap Party · Aiding a Human · Scales of Justice
Citywide activities
Maggia Crimes · Hammerhead Crimes · Hardy's Stolen Art · Screwball Challenges · Hammerhead Fronts · Olympus Hideouts · Crime Scene Recordings"
https://marvels-spider-man.fandom.com/wiki/Home_Sweet_Home,Main,"Spider-Man tracks down his belongings after getting evicted.
Upon finding out that he is evicted, Parker has no choice but to call sanitation to figure out where the dump truck is so he can recover his possessions. He calls about dumpster 64476 to track his USB Spidey-Drive, believing it more important than his other possessions. When he arrives at the final location, he finds thugs in the area, and rescues the worker who allows him to dig through the trash. It is not long before he recovers a USB drive, upon which is the schematics for the Web Bomb. After constructing the Bomb, a new fight enables players to use it for the first time.
Mary Jane publishes her article about Jefferson Davis.
Successful, Spider-Man then heads off to the apartment of Mary Jane Watson, hoping for a place to sleep. When an alert comes through showing that her story about Jefferson Davis just got published, he decides to go elsewhere, thinking she must be busy with work.","The mission consists of Spider-Man swinging through the city and checking out various locations, the first of which is the sanitation department. This can be entered via an air duct on the left side of the building. For the next location, two trucks are investigated near West Chinatown, before the final location, the incinerator.
Spider-Man looking through trash to find his stuff.
Upon arriving at the final location, thugs are already in the area, which must be dealt with. Dig through the trash after the worker gives permission, and upon finding a USB, the Web Bomb is then unlocked. A new fight enables players to use it for the first time. Using the Web Bomb near surfaces, such as walls, or against downed enemies can web them in place and take them out; against enemies not near surfaces, it can web them greatly to allow them to be finished off with another move (such as a Web Throw).
Once the mission ends, swing to Mary Jane's apartment to end the mission. Immediately, a call opens the next mission, ""Stakeout"".
Missions in Marvel's Spider-ManMarvel's Spider-ManMain missionsAct 1
Clearing the Way · The Main Event · My OTHER Other Job · Keeping the Peace · Something Old, Something New · Fisk Hideout · Landmarking · For She's a Jolly Good Fellow · Don't Touch the Art · A Shocking Comeback · The Mask · Day to Remember · Harry's Passion Project · Financial Shock · Wheels within Wheels · Home Sweet Home · Stakeout · Couch Surfing · Straw, Meet Camel · And the Award Goes to...
Act 2
Dual Purpose · Hidden Agenda · A Fresh Start · Dinner Date · Up the Water Spout... · What's in the Box? · Back to School · Spider-Hack · Uninvited · Strong Connections · First Day · Collision Course · The One That Got Away · Breakthrough · Reflection · Out of the Frying Pan...
Act 3
...Into the Fire · Picking up the Trail · Streets of Poison · Supply Run · Heavy Hitter · Step Into My Parlor... · The Heart of the Matter · Pax in Bello
OtherSide missions
The Network is Down · Storming the Castle · Spider-Man P.I. · Spider-Men · Cat's Cradle · Helping Howard · Internet Famous · Tombstone: On the Move · Tombstone: What's He Building in There... · Tombstone: Let's Get Ready to... · College Buddies · Tick Tock · Over His Head · A Matter of Debate · Home Team Advantage · Snipe Hunt · Error: File Not Found
Citywide activities
Backpacks · Landmarks · Fisk Hideouts · Demon Warehouses · Sable Outposts · Prisoner Camps · Research Stations · Black Cat Stakeouts · Pigeons · Taskmaster Challenges · Crimes
The City That Never SleepsMain missions""The Heist""
The Maria · The Trouble with Arson · Long Lost Loot · Like Old Times · Something is Screwy · Trail of the Cat · Pursuing the Truth · Newsflash · Cover for the Cat · Follow the Money
""Turf Wars""
Blindsided · The Bar With No Name · Jury Rigging · Last Stand · Season Two · Lockup · Yuri's Revenge · Bring the Hammer Down
""Silver Lining""
Old Friends · Season 3 · Rio Bravo · Together But Alone · Humanitarian Aid · Trust Issues · Getting Deep · One Plus One Equals Win
OtherSide missions
Like a Fiddle · Season Finale · Wrap Party · Aiding a Human · Scales of Justice
Citywide activities
Maggia Crimes · Hammerhead Crimes · Hardy's Stolen Art · Screwball Challenges · Hammerhead Fronts · Olympus Hideouts · Crime Scene Recordings"
https://marvels-spider-man.fandom.com/wiki/Stakeout,Main,,"Spider-Man taking a photo of the cat.
After arriving at the waypoint, look through the camera until the zoom upon is unlocked, then zoom in left to a warehouse atop a building, where a shine from a black cat object can be found. Take its photo to complete the mission. From here out, players can track down the Black Cat statues to uncover her mystery and unlock a custom suit. The next mission, ""Couch Surfing"", begins shortly after.
Missions in Marvel's Spider-ManMarvel's Spider-ManMain missionsAct 1
Clearing the Way · The Main Event · My OTHER Other Job · Keeping the Peace · Something Old, Something New · Fisk Hideout · Landmarking · For She's a Jolly Good Fellow · Don't Touch the Art · A Shocking Comeback · The Mask · Day to Remember · Harry's Passion Project · Financial Shock · Wheels within Wheels · Home Sweet Home · Stakeout · Couch Surfing · Straw, Meet Camel · And the Award Goes to...
Act 2
Dual Purpose · Hidden Agenda · A Fresh Start · Dinner Date · Up the Water Spout... · What's in the Box? · Back to School · Spider-Hack · Uninvited · Strong Connections · First Day · Collision Course · The One That Got Away · Breakthrough · Reflection · Out of the Frying Pan...
Act 3
...Into the Fire · Picking up the Trail · Streets of Poison · Supply Run · Heavy Hitter · Step Into My Parlor... · The Heart of the Matter · Pax in Bello
OtherSide missions
The Network is Down · Storming the Castle · Spider-Man P.I. · Spider-Men · Cat's Cradle · Helping Howard · Internet Famous · Tombstone: On the Move · Tombstone: What's He Building in There... · Tombstone: Let's Get Ready to... · College Buddies · Tick Tock · Over His Head · A Matter of Debate · Home Team Advantage · Snipe Hunt · Error: File Not Found
Citywide activities
Backpacks · Landmarks · Fisk Hideouts · Demon Warehouses · Sable Outposts · Prisoner Camps · Research Stations · Black Cat Stakeouts · Pigeons · Taskmaster Challenges · Crimes
The City That Never SleepsMain missions""The Heist""
The Maria · The Trouble with Arson · Long Lost Loot · Like Old Times · Something is Screwy · Trail of the Cat · Pursuing the Truth · Newsflash · Cover for the Cat · Follow the Money
""Turf Wars""
Blindsided · The Bar With No Name · Jury Rigging · Last Stand · Season Two · Lockup · Yuri's Revenge · Bring the Hammer Down
""Silver Lining""
Old Friends · Season 3 · Rio Bravo · Together But Alone · Humanitarian Aid · Trust Issues · Getting Deep · One Plus One Equals Win
OtherSide missions
Like a Fiddle · Season Finale · Wrap Party · Aiding a Human · Scales of Justice
Citywide activities
Maggia Crimes · Hammerhead Crimes · Hardy's Stolen Art · Screwball Challenges · Hammerhead Fronts · Olympus Hideouts · Crime Scene Recordings"
https://marvels-spider-man.fandom.com/wiki/Couch_Surfing,Main,"Martin Li leaves town and puts May in charge of F.E.A.S.T.
Once Peter arrives at May's couch at the shelter, he quickly falls asleep. He finds Aunt May at her desk in the morning, and she has left him cash to help. Peter initially can't accept, but May insists, telling him he is much like his uncle Ben Parker and must swallow the ""Parker pride"" and ask for help next time. Martin Li interrupts their conversation to announce he is leaving town and that she is in charge until he returns. Peter also receives a call from Mary Jane Watson about an award Jefferson Davis is receiving from Norman Osborn, inviting Peter to come to the ceremony.","Peter going into May's office.
After arriving at the shelter, the player controls Peter Parker and must head to May's office. After a short cutscene, leave the office to receive a call from Mary Jane Watson, then leave the shelter to regain control of Spider-Man. A few side missions are available, including ""Helping Howard"" and ""Internet Famous"". An activity must be completed before the next mission, ""Straw, Meet Camel"", is available.
Missions in Marvel's Spider-ManMarvel's Spider-ManMain missionsAct 1
Clearing the Way · The Main Event · My OTHER Other Job · Keeping the Peace · Something Old, Something New · Fisk Hideout · Landmarking · For She's a Jolly Good Fellow · Don't Touch the Art · A Shocking Comeback · The Mask · Day to Remember · Harry's Passion Project · Financial Shock · Wheels within Wheels · Home Sweet Home · Stakeout · Couch Surfing · Straw, Meet Camel · And the Award Goes to...
Act 2
Dual Purpose · Hidden Agenda · A Fresh Start · Dinner Date · Up the Water Spout... · What's in the Box? · Back to School · Spider-Hack · Uninvited · Strong Connections · First Day · Collision Course · The One That Got Away · Breakthrough · Reflection · Out of the Frying Pan...
Act 3
...Into the Fire · Picking up the Trail · Streets of Poison · Supply Run · Heavy Hitter · Step Into My Parlor... · The Heart of the Matter · Pax in Bello
OtherSide missions
The Network is Down · Storming the Castle · Spider-Man P.I. · Spider-Men · Cat's Cradle · Helping Howard · Internet Famous · Tombstone: On the Move · Tombstone: What's He Building in There... · Tombstone: Let's Get Ready to... · College Buddies · Tick Tock · Over His Head · A Matter of Debate · Home Team Advantage · Snipe Hunt · Error: File Not Found
Citywide activities
Backpacks · Landmarks · Fisk Hideouts · Demon Warehouses · Sable Outposts · Prisoner Camps · Research Stations · Black Cat Stakeouts · Pigeons · Taskmaster Challenges · Crimes
The City That Never SleepsMain missions""The Heist""
The Maria · The Trouble with Arson · Long Lost Loot · Like Old Times · Something is Screwy · Trail of the Cat · Pursuing the Truth · Newsflash · Cover for the Cat · Follow the Money
""Turf Wars""
Blindsided · The Bar With No Name · Jury Rigging · Last Stand · Season Two · Lockup · Yuri's Revenge · Bring the Hammer Down
""Silver Lining""
Old Friends · Season 3 · Rio Bravo · Together But Alone · Humanitarian Aid · Trust Issues · Getting Deep · One Plus One Equals Win
OtherSide missions
Like a Fiddle · Season Finale · Wrap Party · Aiding a Human · Scales of Justice
Citywide activities
Maggia Crimes · Hammerhead Crimes · Hardy's Stolen Art · Screwball Challenges · Hammerhead Fronts · Olympus Hideouts · Crime Scene Recordings"
"https://marvels-spider-man.fandom.com/wiki/Straw,_Meet_Camel",Main,"Fisk asks Spider-Man to protect his men in exchange of information.
When Spider-Man arrives at the construction site, he finds that the Demons are eliminating Fisk's thugs and taking over. After defeating a few and taking a phone from a Fisk construction worker, Spider-Man talks to Fisk over the phone, and he reluctantly agrees to share more information if Spider-Man keeps Fisk's men alive.
Spider-Man saves New York from falling helicopter
After Spider-Man rescued Fisk's men, he called Fisk to ask who led the Demons. Fisk simply responded that Spider-Man may find the leader on the roof. Upon arriving, Spider-Man found a masked man that appeared to be the leader take off in a helicopter. Spider-Man webbed a container to the helicopter as it flew through New York City, causing great damage along the way. He eventually caught up with the helicopter and disabled it, briefly taunting the Demons', before stopping it from crashing.
Introducing Miles Morales.
The end of this mission is the first glimpse of Miles Morales, recording with his cell phone with a friend. Via his texts, it is shown that Jefferson Davis is his father.","Spider-Man using stealth to take out Inner Demons
After arriving at the checkpoint, the mission begins with stealth. The usual methods work, though it is also possible to pull objects to knock a few out, or to simply engage in combat. After defeating them, zipping through the next area will commence a cutscene, after which combat begins against a few. A good strategy to clear them quickly is to open up with a Web Bomb, and finish off the rest of the enemies with Web Throws or Web Shooters.
As a helicopter arrives, there are six men in total that Spider-Man must save. Before engaging the Demons nearby, it is possible to perform a Web Strike Takedown, though most encounters will inevitably lead to combat anyway. After rescuing the one on the upper bridge, the Demon Brute is introduced. These are similar to other Brutes and can be taken down with similar methods, but have powerful shockwave attacks that should be avoided by staying in the air.
Spider-Man stopping the helicopter with his webs.
After rescuing them, head to the roof to find the helicopter, as a cutscene commences. Following a series of quick-time events, follow the helicopter around the city, making sure to dodge the rockets it fires. After chasing for a while, the  prompt appears to latch on; following the cutscene, run through the building and grab onto the helicopter. To disable the helicopter, pull apart its left and right engines, dodging the Demons' attacks to temporarily disable him allowing time to destroy each. Once this is done, a series of quick-time events commences, leading to the end of the mission. The next, ""And the Award Goes to..."", begins straight after.
Missions in Marvel's Spider-ManMarvel's Spider-ManMain missionsAct 1
Clearing the Way · The Main Event · My OTHER Other Job · Keeping the Peace · Something Old, Something New · Fisk Hideout · Landmarking · For She's a Jolly Good Fellow · Don't Touch the Art · A Shocking Comeback · The Mask · Day to Remember · Harry's Passion Project · Financial Shock · Wheels within Wheels · Home Sweet Home · Stakeout · Couch Surfing · Straw, Meet Camel · And the Award Goes to...
Act 2
Dual Purpose · Hidden Agenda · A Fresh Start · Dinner Date · Up the Water Spout... · What's in the Box? · Back to School · Spider-Hack · Uninvited · Strong Connections · First Day · Collision Course · The One That Got Away · Breakthrough · Reflection · Out of the Frying Pan...
Act 3
...Into the Fire · Picking up the Trail · Streets of Poison · Supply Run · Heavy Hitter · Step Into My Parlor... · The Heart of the Matter · Pax in Bello
OtherSide missions
The Network is Down · Storming the Castle · Spider-Man P.I. · Spider-Men · Cat's Cradle · Helping Howard · Internet Famous · Tombstone: On the Move · Tombstone: What's He Building in There... · Tombstone: Let's Get Ready to... · College Buddies · Tick Tock · Over His Head · A Matter of Debate · Home Team Advantage · Snipe Hunt · Error: File Not Found
Citywide activities
Backpacks · Landmarks · Fisk Hideouts · Demon Warehouses · Sable Outposts · Prisoner Camps · Research Stations · Black Cat Stakeouts · Pigeons · Taskmaster Challenges · Crimes
The City That Never SleepsMain missions""The Heist""
The Maria · The Trouble with Arson · Long Lost Loot · Like Old Times · Something is Screwy · Trail of the Cat · Pursuing the Truth · Newsflash · Cover for the Cat · Follow the Money
""Turf Wars""
Blindsided · The Bar With No Name · Jury Rigging · Last Stand · Season Two · Lockup · Yuri's Revenge · Bring the Hammer Down
""Silver Lining""
Old Friends · Season 3 · Rio Bravo · Together But Alone · Humanitarian Aid · Trust Issues · Getting Deep · One Plus One Equals Win
OtherSide missions
Like a Fiddle · Season Finale · Wrap Party · Aiding a Human · Scales of Justice
Citywide activities
Maggia Crimes · Hammerhead Crimes · Hardy's Stolen Art · Screwball Challenges · Hammerhead Fronts · Olympus Hideouts · Crime Scene Recordings"
https://marvels-spider-man.fandom.com/wiki/And_the_Award_Goes_to...,Main,"The Morales family arrives at City Hall for the ceremony.
Peter Parker hurries to meet up with MJ at the ceremony for Jefferson Davis, who arrives with his family, consisting of his wife, Rio Morales, and his son, Miles Morales. Moments later, Mayor Norman Osborn presents him with his medal and is pulled away quickly for a phone call while Jefferson has his chance to speak. Norman receives a call by an unknown caller that Jefferson's speech will go awry and that a terrible event will occur, the caller saying he wants to watch Osborn suffer. At the culmination of Jefferson's speech, Peter's Spider-Sense goes off.
Norman Osborn receives a threatening call from Martin Li.
Following this, Peter frantically searches the crowd for dangers, discovers that the Inner Demons have arrived, and that Martin Li is their leader. Li surrounds the pavilion and powering up their ""negative"" powers. On stage, it appears the Deputy Mayor is one of them as well. All of them are wearing explosives strapped to their chests. While one of them manages to detonate his explosive at the edge of the crowd, the Deputy Mayor tries to do so at the podium, but Jefferson intercepts him right before his bomb goes off.
Jefferson Davis gives his life to stop the bomber.
Darkness sets in, and then Miles is being dragged away to safety, his mother following. Peter is laid down nearby with Mary Jane fretting over him. As Miles regains consciousness, his mother decides to go and find Jefferson. Peter remains unconscious nearby.
A funeral is held for Jefferson where Peter and Miles meet.
At this point, Miles regains his feet to search for his parents. He finds his mother trapped under debris, lifting it off so EMTs can tend to her. Despite his mother's protests, Miles pushes further inside the destruction. He finally finds his way to the now-secluded podium where the Inner Demons are. Failing to take one of them by surprise, he is nearly killed, until Li calls them off. As they leave, Miles finds his father, dead.
One week later a funeral is held. Miles, his mother, Peter, Mary Jane, Captain Watanabe , and Mayor Osborn all attend. Peter tries to talk to Miles after, but his words fall on deaf ears.","Upon arriving at the waypoint, a cutscene commences, following which Miles is controlled. At first, simply follow the linear path forward through buildings and debris, following on-screene prompts to navigate it. After finding Rio Morales, button mash  to free her, then climb over and proceed forward to the stage.
Miles looking for his parents after the bombing.
The next segment is a stealth segment, as Miles must avoid the Inner Demons. The path forward is mostly linear, though it is important to wait until the Demons' flashlights are out of the way before proceeding, as they will otherwise find Miles. Knocking any of the objects too close to Demons is also fatal. In many cases, Miles can simply wait for Demons to leave an area before proceeding forward. At the very end, next to the ceremony stage, Miles can simply run forward to complete the mission.
With this mission complete, Act 1 ends. Act 2 begins with the next mission, ""Dual Purpose""."
https://marvels-spider-man.fandom.com/wiki/Hidden_Agenda,Main,"Peter gives Rio's number to May.
While there as Peter Parker, he suggests to Aunt May that Miles Morales might be a good person to hire. He then decides to search Li's office, entering through the ventilation duct as the door was locked. There, Peter finds a note written to May in which he expressed genuine belief in F.E.A.S.T.'s mission, but also warned her that he would be written about as a criminal. He also finds an entry in Li's journal explaining that the arrest of Wilson Fisk allowed the Inner Demons to capture his weapons and use them against Norman Osborn, but lamenting that this would mean giving up F.E.A.S.T., saying that while part of him wishes to turn back, the ""demon is hungry"" and he is not strong enough to hold it back.
Martin Li about to “leave town” again.
Peter then finds a secret room behind Li's office. Here, he sees found Inner Demon weapons and deduces that Li was giving his powers to the other Demons, a board with news stories about Norman Osborn. He also finds a recording by Li in which he notices his power growing, lamenting that father would say he has lost balance, but that ""the only way to fight a monster is to become one"". Lastly, he sees the file folder on Devil's Breath that Mary Jane Watson had found at the auction house earlier, and unfortunately trips a booby trap that turns the room into a sparking ""burn room"".
After escaping the trap, Peter left and bumped into Li on the way out. Their very short conversation is interrupted by Aunt May. Li does not seem concerned that he found Peter exiting the room, only announcing to Peter and May that he will be leaving town yet again. Peter follows him outside, watching him get in his car, but then is attacked by homeless people who are apparently under sway of Li's ""negative"" power. Only when they are knocked unconscious do they return to normal.
Peter gets jumped on by the corrupted homeless.
With the evidence of the Devil's Breath file in hand, Peter calls Watanabe to inform her what he found in the center in F.E.A.S.T. center in Chinatown, as well as the possible attack by Martin Li using Devil's Breath, apparently a potential bio-weapon created by Oscorp. He also fills in Mary Jane Watson, agreeing to meet her for dinner. While Peter ponders what to cook, Otto Octavius calls and urges him to postpone dinner plans and meet him in the lab.","Solving the puzzle in Li's office.
The player controls Peter Parker throughout the mission. After entering the F.E.A.S.T. shelter, following a cutscene, the objective is to investigate Martin Li's office, which is locked, forcing players to use the ventilation ducts as a point of entry. Once inside, many objects are available for investigation. The key found in Li's journal in a drawer and the picture of Li and May are required to progress.
Using the key to reach behind the picture of Li and his wife and completing a simple puzzle lock behind it (making a Taoism symbol in) opens a room beyond. There are many items to inspect, but the important one for progression is the file folder on the desk. Taking it and leaving trips the next section. Here, players need to hang upside down from the ceiling and use their Electric Web to short out the circuit breakers all over the room to disable the trap.
Peter discovering Li's secret room.
After the room is safe, players must drop to a room in the grating below and then escape by pushing an object in front of a door. Cutscenes then complete the mission, and afew a few phone calls with Yuri, Mary Jane, and then Otto Octavius, the next mission, ""A Fresh Start"", begins.
Missions in Marvel's Spider-ManMarvel's Spider-ManMain missionsAct 1
Clearing the Way · The Main Event · My OTHER Other Job · Keeping the Peace · Something Old, Something New · Fisk Hideout · Landmarking · For She's a Jolly Good Fellow · Don't Touch the Art · A Shocking Comeback · The Mask · Day to Remember · Harry's Passion Project · Financial Shock · Wheels within Wheels · Home Sweet Home · Stakeout · Couch Surfing · Straw, Meet Camel · And the Award Goes to...
Act 2
Dual Purpose · Hidden Agenda · A Fresh Start · Dinner Date · Up the Water Spout... · What's in the Box? · Back to School · Spider-Hack · Uninvited · Strong Connections · First Day · Collision Course · The One That Got Away · Breakthrough · Reflection · Out of the Frying Pan...
Act 3
...Into the Fire · Picking up the Trail · Streets of Poison · Supply Run · Heavy Hitter · Step Into My Parlor... · The Heart of the Matter · Pax in Bello
OtherSide missions
The Network is Down · Storming the Castle · Spider-Man P.I. · Spider-Men · Cat's Cradle · Helping Howard · Internet Famous · Tombstone: On the Move · Tombstone: What's He Building in There... · Tombstone: Let's Get Ready to... · College Buddies · Tick Tock · Over His Head · A Matter of Debate · Home Team Advantage · Snipe Hunt · Error: File Not Found
Citywide activities
Backpacks · Landmarks · Fisk Hideouts · Demon Warehouses · Sable Outposts · Prisoner Camps · Research Stations · Black Cat Stakeouts · Pigeons · Taskmaster Challenges · Crimes
The City That Never SleepsMain missions""The Heist""
The Maria · The Trouble with Arson · Long Lost Loot · Like Old Times · Something is Screwy · Trail of the Cat · Pursuing the Truth · Newsflash · Cover for the Cat · Follow the Money
""Turf Wars""
Blindsided · The Bar With No Name · Jury Rigging · Last Stand · Season Two · Lockup · Yuri's Revenge · Bring the Hammer Down
""Silver Lining""
Old Friends · Season 3 · Rio Bravo · Together But Alone · Humanitarian Aid · Trust Issues · Getting Deep · One Plus One Equals Win
OtherSide missions
Like a Fiddle · Season Finale · Wrap Party · Aiding a Human · Scales of Justice
Citywide activities
Maggia Crimes · Hammerhead Crimes · Hardy's Stolen Art · Screwball Challenges · Hammerhead Fronts · Olympus Hideouts · Crime Scene Recordings"
https://marvels-spider-man.fandom.com/wiki/A_Fresh_Start,Main,"Otto struggles to control the prosthetic.
Otto Octavius calls, urging Peter to return to the lab. Once there, Peter witnesses Otto fail at using prosthetics, and curse out Norman Osborn in far more rage than before. After Peter asks, Otto describes his friendship with Norman; they were friends and lab partners in college, and both started Oscorp together, but separated after Osborn started a genetics project that Otto found unethical, leaving the company after lawyers were involved.
Otto is ready to move onto the next phase.
After Peter repairs the circuit and the prosthetic works successfully, Otto announces that the next step is designing and building the neural interface. Peter volunteers to help with the project, despite Otto's inability to pay him. Afterward, Peter looks at his phone to see a missed call from Mary Jane Watson.","Arriving at Otto's lab and investigating the two waypoint markers leads to a cutscene. After this, players need to complete a circuit project in order to fix it. Doing so leads to another cutscene.
Solving the circuit puzzle.
Before leaving, the player may wish to complete other optional projects for experience points and Research Tokens. Many other things in the lab can be investigated, including plans for the Raft (Octavius explaining he was contracted to improve its security), a quick release needle to help with prosthetic rejection, and other items.
Leaving the lab leads to a call from Mary Jane. Completing a few citywide activities or a side mission leads to another call from her and then the next mission, ""Dinner Date"".
Missions in Marvel's Spider-ManMarvel's Spider-ManMain missionsAct 1
Clearing the Way · The Main Event · My OTHER Other Job · Keeping the Peace · Something Old, Something New · Fisk Hideout · Landmarking · For She's a Jolly Good Fellow · Don't Touch the Art · A Shocking Comeback · The Mask · Day to Remember · Harry's Passion Project · Financial Shock · Wheels within Wheels · Home Sweet Home · Stakeout · Couch Surfing · Straw, Meet Camel · And the Award Goes to...
Act 2
Dual Purpose · Hidden Agenda · A Fresh Start · Dinner Date · Up the Water Spout... · What's in the Box? · Back to School · Spider-Hack · Uninvited · Strong Connections · First Day · Collision Course · The One That Got Away · Breakthrough · Reflection · Out of the Frying Pan...
Act 3
...Into the Fire · Picking up the Trail · Streets of Poison · Supply Run · Heavy Hitter · Step Into My Parlor... · The Heart of the Matter · Pax in Bello
OtherSide missions
The Network is Down · Storming the Castle · Spider-Man P.I. · Spider-Men · Cat's Cradle · Helping Howard · Internet Famous · Tombstone: On the Move · Tombstone: What's He Building in There... · Tombstone: Let's Get Ready to... · College Buddies · Tick Tock · Over His Head · A Matter of Debate · Home Team Advantage · Snipe Hunt · Error: File Not Found
Citywide activities
Backpacks · Landmarks · Fisk Hideouts · Demon Warehouses · Sable Outposts · Prisoner Camps · Research Stations · Black Cat Stakeouts · Pigeons · Taskmaster Challenges · Crimes
The City That Never SleepsMain missions""The Heist""
The Maria · The Trouble with Arson · Long Lost Loot · Like Old Times · Something is Screwy · Trail of the Cat · Pursuing the Truth · Newsflash · Cover for the Cat · Follow the Money
""Turf Wars""
Blindsided · The Bar With No Name · Jury Rigging · Last Stand · Season Two · Lockup · Yuri's Revenge · Bring the Hammer Down
""Silver Lining""
Old Friends · Season 3 · Rio Bravo · Together But Alone · Humanitarian Aid · Trust Issues · Getting Deep · One Plus One Equals Win
OtherSide missions
Like a Fiddle · Season Finale · Wrap Party · Aiding a Human · Scales of Justice
Citywide activities
Maggia Crimes · Hammerhead Crimes · Hardy's Stolen Art · Screwball Challenges · Hammerhead Fronts · Olympus Hideouts · Crime Scene Recordings"
https://marvels-spider-man.fandom.com/wiki/Dinner_Date,Main,"Mary Jane tells Peter about her investigation over dinner.
Peter arrives at Mary Jane's apartment to cook dinner, having promised it to her earlier when he called her after finding the Devil's Breath file in Martin Li's office at the F.E.A.S.T. shelter. Upon arriving, Mary Jane lets Peter know that she went to the address of one of Martin Li's properties earlier in the day, handing Peter a GPS tracker she recovered.
Tombstone is revealed to be working for Inner Demons.
Mary Jane then describes her story from when she went there earlier in the day. She described finding a group of armed bikers in the warehouse, a large vehicle under construction, military-grade equipment, and the fact that Tombstone works for Li. She describes Tombstone beat up a welder named Rick who is broke an unknown project, and then how she entered the warehouse office, took pictures of blueprints for an armored personnel carrier, and took a GPS tracker.
Peter leaves abruptly after an alert.
After Mary Jane finishes her story, Peter gives MJ a stun device, finishes cooking his chicken curry, and shares his information on the Devil's Breath file. She also suggests they team up and become partners. While in the middle of cooking, an alert comes in about Charles Standish, Oscorp's CFO, and he has to leave. While swinging, MJ calls him to compliment his curry, before giving him information on Standish, including his art collection.","After ""A Fresh Start"", players have some time on their hands before the next phone call, so are free to roam the city to pick up side missions and citywide activities before Mary Jane calls, and entering her apartment begins the mission.
Mary Jane sneaking past Tombstone's gang members.
At the apartment, a cutscene begins, leading to the players controlling Mary Jane; this is very much a stealth mission, and being spotted means failure. Players can use objects to distract thugs, but most take care to avoid walking into boxes or over broken glass. Otherwise, waypoints must be followed to complete the objective.
Upon completing it, a cutscene occurs in the present, ending the mission and leading to the next, ""Up the Water Spout..."", with MJ calling Peter to give information on the way."
https://marvels-spider-man.fandom.com/wiki/Up_the_Water_Spout...,Main,"Spider-Man finds Standish' apartment under attack.
After receiving the alert, Spider-Man reached Standish' apartment complex and found Inner Demons under attack by police. After a firefight, he entered the building through the parking garage to find Standish by climbing the elevator.
Spider-Man eventually reaches the penthouse and clears out the Inner Demons, then talks to Standish. Standish tells him the Demons were after financial records related to Devil's Breath, but tells him that while Norman Osborn had poured money into it for years, he does not know what it is as it is a very secret project for which Standish is the only one with any record. Spider-Man then points out that records are being copied to a secure server, and discovers they are looking for Dr. Isaac Delaney.
Spider-Man meets Standish.
Though Spider-Man manages to find out that the Inner Demons are searching through Oscorp's payroll, the arrival of a helicopter outside the window interrupts his conversation with Standish. It opens fire with a machine gun, forcing them to run, and Standish goes to the elevators, not knowing they no longer function. As an explosion rips through the penthouse, he and Spider-Man are thrown down the shaft.
Spider-Man saves Standish from falling down the elevator shaft.
Spider-Man saves Standish, and then calls Yuriko Watanabe outside to keep her in the loop. Sable International have arrived, and told Spider-Man to back off, Yuri suggesting that Sable only wish to keep Standish quiet. Peter calls Mary Jane, updates her on what happened, and she promises to look into Dr. Delaney. While swinging throughout the city, Otto Octavius calls Peter late, telling him he has been thinking about ways to not only give amputees back their missing limbs, but give them better ones. Later, Yuri calls Spider-Man again about a suspicious box in Hell's Kitchen.","Spider-Man taking down Demons in the elevator shaft.
Upon arriving at the apartment, players must jump into fighting the Inner Demons and help the police (as only a single stealth takedown is possible before Spider-Man is spotted).
Once in the parking garage, after talking with an injured officer, players make their way through another group of Inner Demons. With the elevator no longer an option, they must then climb up the shaft to gain access to the penthouse. On the way up, they need to be careful of Demons looking out through open elevator doors; pulling them out and webbing them up will deal with them. They also need to avoid the beams of light coming from the opposite direction in the second shaft. The third shaft uses falling jets of fire and elevator cars; staying off the main tracks as much as possible is best.
Spider-Man taking down Demons using stealth.
Once the penthouse is entered, the Inner Demons must be cleared out before entering the office. Sneaking around using the overhead beams is a good idea for stealth takedowns. Some guards can also be distracted by pulling down chandaliers from the ceilings, allowing one to be taken down while the other is investigating. If preferred, players can simply fight the guards instead, though this will be challenging.
After clearing out the guards and reaching the office door, Spider-Man cannot quite get it open, as a Demon swordsman enters to attack. Players need to dodge his attack, only counterattacking after he is finished. Attempting to web him before this will have no effect. More Demons will join the fight fairly quickly.
Spider-Man saving Standish from falling.
When Spider-Man eventually gains access to the office, a cutscene commences. After this, players must pay close attention to the on-screen prompts in order to quickly move debris out of the way and also slow, and finally catch Standish. After this, a new side mission is unlocked, ""Internet Famous"". After phone calls with Mary Jane, Otto Octavius, and eventually Yuri, the next main mission, ""What's in the Box?"" is unlocked."
https://marvels-spider-man.fandom.com/wiki/What%27s_in_the_Box%3F,Main,,"Spider-Man racing against the clock to disarm the bombs.
Reaching the box opens up Taskmaster Challenges, as Challenge Recon Points are available around the city and enable players to collect Challenge Tokens.
Finding and disarming the bombs is a timed run, but they are relatively close by and in proximity to one another. Players just need to toss them in the air and then web them until they explode.
After completing a few, a call from Mary Jane Watson opens the mission ""Back to School"".
Missions in Marvel's Spider-ManMarvel's Spider-ManMain missionsAct 1
Clearing the Way · The Main Event · My OTHER Other Job · Keeping the Peace · Something Old, Something New · Fisk Hideout · Landmarking · For She's a Jolly Good Fellow · Don't Touch the Art · A Shocking Comeback · The Mask · Day to Remember · Harry's Passion Project · Financial Shock · Wheels within Wheels · Home Sweet Home · Stakeout · Couch Surfing · Straw, Meet Camel · And the Award Goes to...
Act 2
Dual Purpose · Hidden Agenda · A Fresh Start · Dinner Date · Up the Water Spout... · What's in the Box? · Back to School · Spider-Hack · Uninvited · Strong Connections · First Day · Collision Course · The One That Got Away · Breakthrough · Reflection · Out of the Frying Pan...
Act 3
...Into the Fire · Picking up the Trail · Streets of Poison · Supply Run · Heavy Hitter · Step Into My Parlor... · The Heart of the Matter · Pax in Bello
OtherSide missions
The Network is Down · Storming the Castle · Spider-Man P.I. · Spider-Men · Cat's Cradle · Helping Howard · Internet Famous · Tombstone: On the Move · Tombstone: What's He Building in There... · Tombstone: Let's Get Ready to... · College Buddies · Tick Tock · Over His Head · A Matter of Debate · Home Team Advantage · Snipe Hunt · Error: File Not Found
Citywide activities
Backpacks · Landmarks · Fisk Hideouts · Demon Warehouses · Sable Outposts · Prisoner Camps · Research Stations · Black Cat Stakeouts · Pigeons · Taskmaster Challenges · Crimes
The City That Never SleepsMain missions""The Heist""
The Maria · The Trouble with Arson · Long Lost Loot · Like Old Times · Something is Screwy · Trail of the Cat · Pursuing the Truth · Newsflash · Cover for the Cat · Follow the Money
""Turf Wars""
Blindsided · The Bar With No Name · Jury Rigging · Last Stand · Season Two · Lockup · Yuri's Revenge · Bring the Hammer Down
""Silver Lining""
Old Friends · Season 3 · Rio Bravo · Together But Alone · Humanitarian Aid · Trust Issues · Getting Deep · One Plus One Equals Win
OtherSide missions
Like a Fiddle · Season Finale · Wrap Party · Aiding a Human · Scales of Justice
Citywide activities
Maggia Crimes · Hammerhead Crimes · Hardy's Stolen Art · Screwball Challenges · Hammerhead Fronts · Olympus Hideouts · Crime Scene Recordings"
https://marvels-spider-man.fandom.com/wiki/Back_to_School,Main,"Spider-Man searches through the crowd to find Dr. Delaney.
Spider-Man managed to get the name ""Dr. Isaac Delaney"" from Charles Standish before Sable International stepped in. After passing this information onto Mary Jane Watson, she dug into it while Spider-Man investigated a box at the request of Yuriko Watanabe.
Following this, Mary Jane calls Spider-Man to send a picture of Isaac Delaney and three others at Empire State University, but does not know which one is him, leading Spider-Man to investigate. Along the way, Aunt May tells Peter that she spoke to Rio Morales and loves the idea of Miles Morales working at F.E.A.S.T., as it would give herself time to grieve while her son works.
Demons threaten Delaney to give up Morgan Michaels.
Spider-Man arrives at Empire State University and finds Delaney on the dance floor dressed as the Lizard, before the Inner Demons take him away. Spider-Man follows, saving students from the Demons on the way, before Delaney meets Martin Li. Li turns into Mister Negative for the first time in front of Spider-Man, who tries to intervene. Li manages to incapacitate him with a massive blast, gaining a name from Delaney as to whom he was working with at Oscorp: Morgan Michaels. With this information in-hand, Li leaves with his Demons, leaving a ""negative"" possessed Delaney to shoot himself in the head. Players are left to deal with the remaining Demons.
Martin Li uses his ""negative"" powers to stall Spider-Man.
Spider-Man then warns Yuri that Michaels is in trouble. Yuri finds Michaels, but says Sable have him under protection and refuse to tell her where. Afterward, on call with MJ, MJ tells him that she learned Norman Osborn asked Wilson Fisk to build a lab for Devil's Breath that was kept away from regulators, and then asked Fisk destroy all records of it, but she suspects Fisk kept information for eventual blackmail.","Spider-Man looking through the crowd to find Delaney.
Upon arriving at ESU, players are free to search the party-goers as Spider-Man since everyone is in costume. Interacting with someone disguised as Mysterio causes a brief scene as players follow the Mysterio into a mirror maze, followed by Mysterio informing Spider-Man that Delaney is out in the party somewhere. Players then see someone disguised as Vulture standing atop a balcony, and must parkour from a springboard opposite, where he will tell him that Isaac Delaney is dressed as Lizard on the dance floor.
After Spider-Man finds Delaney, before he can talk to him, a student dressed as the Rhino interrupts, keeping him occupied with some of the Inner Demons take Delaney away. The student is easy to deal with (press  repeatedly), and then players are free to follow into the Science Center.
Spider-Man watches from above as they escort Delaney through the hall, but must intervene when one of the students decides to ignore the Demons and walk out. A Demon puts a gun to his head, and players must rapidly target it in order to save the student. On the floor, players must face off against the remainder of the Demons. Once dealt with, players need to enter the vent above the laboratory to gain access.
Spider-Man fighting Inner Demons to catch Martin Li.
Within the vent, to easily defeat Demons below, the Electric Web can be used to knock out the lighting before entering the room. As long as Spider-Man remains in the shadows, he seems to retain an advantage in the fight. When the Demons are dealt with, Spider-Man learns Delaney has been taken further into the building. At this point, players exit the room via a window, to track Delaney from the outside as he is escorted down the halls. Another vent allows entry to the room that the doctor is taken into, where he is met by Martin Li.
Finding Li leads to a cutscene, followed by a battle with Demons and then a chase with Li. The chase outside only results in party-goers influenced by his negative power, and players must battle them as well. Battling the student dressed as Rhino leads to a cutscene as the mission ends. A call with Mary Jane then unlocks to the next mission, ""Spider-Hack"".
Missions in Marvel's Spider-ManMarvel's Spider-ManMain missionsAct 1
Clearing the Way · The Main Event · My OTHER Other Job · Keeping the Peace · Something Old, Something New · Fisk Hideout · Landmarking · For She's a Jolly Good Fellow · Don't Touch the Art · A Shocking Comeback · The Mask · Day to Remember · Harry's Passion Project · Financial Shock · Wheels within Wheels · Home Sweet Home · Stakeout · Couch Surfing · Straw, Meet Camel · And the Award Goes to...
Act 2
Dual Purpose · Hidden Agenda · A Fresh Start · Dinner Date · Up the Water Spout... · What's in the Box? · Back to School · Spider-Hack · Uninvited · Strong Connections · First Day · Collision Course · The One That Got Away · Breakthrough · Reflection · Out of the Frying Pan...
Act 3
...Into the Fire · Picking up the Trail · Streets of Poison · Supply Run · Heavy Hitter · Step Into My Parlor... · The Heart of the Matter · Pax in Bello
OtherSide missions
The Network is Down · Storming the Castle · Spider-Man P.I. · Spider-Men · Cat's Cradle · Helping Howard · Internet Famous · Tombstone: On the Move · Tombstone: What's He Building in There... · Tombstone: Let's Get Ready to... · College Buddies · Tick Tock · Over His Head · A Matter of Debate · Home Team Advantage · Snipe Hunt · Error: File Not Found
Citywide activities
Backpacks · Landmarks · Fisk Hideouts · Demon Warehouses · Sable Outposts · Prisoner Camps · Research Stations · Black Cat Stakeouts · Pigeons · Taskmaster Challenges · Crimes
The City That Never SleepsMain missions""The Heist""
The Maria · The Trouble with Arson · Long Lost Loot · Like Old Times · Something is Screwy · Trail of the Cat · Pursuing the Truth · Newsflash · Cover for the Cat · Follow the Money
""Turf Wars""
Blindsided · The Bar With No Name · Jury Rigging · Last Stand · Season Two · Lockup · Yuri's Revenge · Bring the Hammer Down
""Silver Lining""
Old Friends · Season 3 · Rio Bravo · Together But Alone · Humanitarian Aid · Trust Issues · Getting Deep · One Plus One Equals Win
OtherSide missions
Like a Fiddle · Season Finale · Wrap Party · Aiding a Human · Scales of Justice
Citywide activities
Maggia Crimes · Hammerhead Crimes · Hardy's Stolen Art · Screwball Challenges · Hammerhead Fronts · Olympus Hideouts · Crime Scene Recordings"
https://marvels-spider-man.fandom.com/wiki/Spider-Hack,Main,"Peter Parker shares with Mary Jane Watson the demise of Isaac Delaney and also the name that Delaney ended up giving Martin Li: Morgan Michaels. Mary Jane lets him know that she dug up information that Norman Osborn and Wilson Fisk were apparently in league with each other, as Norman wanted Fisk to build him a secret lab. Spider-Man decides he needs to infiltrate Oscorp to see if he can find any further information.
While entering the building, Osborn is overheard talking to Wilson Fisk about the Ni-oh statue. Once in the office, Spider-Man accesses Norman's computer, where they learn about Project GR-27, apparently a research project that has the potential to cure any known disease; however, the project seems to be a failure, targeting the subject's immune system. This failure is deemed ""Devil's Breath"" and is highly contagious. Morgan Michaels is the only one with a sample.
After leaving, Peter Parker calls Mary Jane, who is in the middle of trying to find Michaels, and then follows her to Central Park. On the way, Otto Octavius calls Peter about a breakthrough he has, in which he expresses enthusiasm for a project about unlocking the power of the mind.","Upon arriving on top of the building, players must use scan to find cables and follow them to the security models, which they must find and hack the security modules around the building in order to gain access. After hacking the first, the power goes out, and Sable International soldiers start crisscrossing the exterior of the building with their lights, making things more difficult, as their beams must be avoided or else the mission will fail. Luckily, the beams are relatively slow and easy to avoid.
Once the second module is hacked, drones start flying around the building with larger lights, which are more difficult to avoid but can be avoided by running past them. The third hack brings a helicopter on the scene with a searchlight. The last module is high up the building in the center of the Oscorp sign. Getting caught by the snipers, drones or helicopters will result in mission failure. Once it is hacked, Norman's office is very close by, and players can use the vent to access the building.
Crawling across the vent through to Osborn's office allows players to overhear a conversation. Once in theoffice, players can access Norman's computer. Scrolling through slides competes the mission, and a phone call with Mary Jane leads to the next mission, ""Uninvited"".
Missions in Marvel's Spider-ManMarvel's Spider-ManMain missionsAct 1
Clearing the Way · The Main Event · My OTHER Other Job · Keeping the Peace · Something Old, Something New · Fisk Hideout · Landmarking · For She's a Jolly Good Fellow · Don't Touch the Art · A Shocking Comeback · The Mask · Day to Remember · Harry's Passion Project · Financial Shock · Wheels within Wheels · Home Sweet Home · Stakeout · Couch Surfing · Straw, Meet Camel · And the Award Goes to...
Act 2
Dual Purpose · Hidden Agenda · A Fresh Start · Dinner Date · Up the Water Spout... · What's in the Box? · Back to School · Spider-Hack · Uninvited · Strong Connections · First Day · Collision Course · The One That Got Away · Breakthrough · Reflection · Out of the Frying Pan...
Act 3
...Into the Fire · Picking up the Trail · Streets of Poison · Supply Run · Heavy Hitter · Step Into My Parlor... · The Heart of the Matter · Pax in Bello
OtherSide missions
The Network is Down · Storming the Castle · Spider-Man P.I. · Spider-Men · Cat's Cradle · Helping Howard · Internet Famous · Tombstone: On the Move · Tombstone: What's He Building in There... · Tombstone: Let's Get Ready to... · College Buddies · Tick Tock · Over His Head · A Matter of Debate · Home Team Advantage · Snipe Hunt · Error: File Not Found
Citywide activities
Backpacks · Landmarks · Fisk Hideouts · Demon Warehouses · Sable Outposts · Prisoner Camps · Research Stations · Black Cat Stakeouts · Pigeons · Taskmaster Challenges · Crimes
The City That Never SleepsMain missions""The Heist""
The Maria · The Trouble with Arson · Long Lost Loot · Like Old Times · Something is Screwy · Trail of the Cat · Pursuing the Truth · Newsflash · Cover for the Cat · Follow the Money
""Turf Wars""
Blindsided · The Bar With No Name · Jury Rigging · Last Stand · Season Two · Lockup · Yuri's Revenge · Bring the Hammer Down
""Silver Lining""
Old Friends · Season 3 · Rio Bravo · Together But Alone · Humanitarian Aid · Trust Issues · Getting Deep · One Plus One Equals Win
OtherSide missions
Like a Fiddle · Season Finale · Wrap Party · Aiding a Human · Scales of Justice
Citywide activities
Maggia Crimes · Hammerhead Crimes · Hardy's Stolen Art · Screwball Challenges · Hammerhead Fronts · Olympus Hideouts · Crime Scene Recordings"
https://marvels-spider-man.fandom.com/wiki/Uninvited,Main,"Mary Jane tells Peter that Charles Standish may know where Morgan Michaels is, and indicates she is going to try to sneak in to meet Standish. Peter does not think it is a good idea and races to meet her in Central Park. When Peter arrives, he sees Mary Jane held at gunpoint.
At this point, Mary Jane's perspective from 15 minutes earlier is revealed. During her version of events, Mary Jane sneaks inside. She also takes a picture of a Sable screen showing that the Inner Demons are killing people related to Devil's Breath, and a picture of locations of safehouses. Upon reaching Standish, he believes she has been sent by Martin Li. Standish is the one Peter sees holding the gun.
Mary Jane manages to convince him that she is a reporter by showing him her badge. He then reveals to her that Michaels is being held in the Bowery. He is about to tell her about the Inner Demons' interest in Grand Central Station when Peter interrupts. Frightened and off-balance, Standish falls and knocks himself unconscious. With Sable forces moving in, Peter takes Mary Jane and escapes. Shortly after, Mary Jane calls Peter scolding him, telling him that his treating her like a child was why they had broken up.","The mission plays similar to previous Mary Jane stealth missions, except she now can use Peter's lure device. The first must be thrown to the targeted blue area to distract the guard and enter the compound, while the rest can be thrown at-will. For the next guard in front of the staircase, is best to throw the lures a distance a way where Mary Jane is out of the guard's line of sight, and then run past them. Atop the staircase, a picture must be taken of the Sable screen, before the waypoint points theway forward.
After a short cutscene showing Standish' location, players must continue following the waypoint, and a guard will be seen in the nearby tent. Though a lure can distract the guard, pressing the switch on the yellow generator will turn off the tents' lights and distract the guard also. From here, a combination of lures and other distractions (revealed by scanning) can be used to follow the waypoint to reach Standish. When the armored truck moves, Mary Jane can run alongside it to use it as cover.
Upon reaching Standish, a cutscene commences, ending the mission. Another activity should be complete before the next mission, ""Strong Connections"", is available.
Missions in Marvel's Spider-ManMarvel's Spider-ManMain missionsAct 1
Clearing the Way · The Main Event · My OTHER Other Job · Keeping the Peace · Something Old, Something New · Fisk Hideout · Landmarking · For She's a Jolly Good Fellow · Don't Touch the Art · A Shocking Comeback · The Mask · Day to Remember · Harry's Passion Project · Financial Shock · Wheels within Wheels · Home Sweet Home · Stakeout · Couch Surfing · Straw, Meet Camel · And the Award Goes to...
Act 2
Dual Purpose · Hidden Agenda · A Fresh Start · Dinner Date · Up the Water Spout... · What's in the Box? · Back to School · Spider-Hack · Uninvited · Strong Connections · First Day · Collision Course · The One That Got Away · Breakthrough · Reflection · Out of the Frying Pan...
Act 3
...Into the Fire · Picking up the Trail · Streets of Poison · Supply Run · Heavy Hitter · Step Into My Parlor... · The Heart of the Matter · Pax in Bello
OtherSide missions
The Network is Down · Storming the Castle · Spider-Man P.I. · Spider-Men · Cat's Cradle · Helping Howard · Internet Famous · Tombstone: On the Move · Tombstone: What's He Building in There... · Tombstone: Let's Get Ready to... · College Buddies · Tick Tock · Over His Head · A Matter of Debate · Home Team Advantage · Snipe Hunt · Error: File Not Found
Citywide activities
Backpacks · Landmarks · Fisk Hideouts · Demon Warehouses · Sable Outposts · Prisoner Camps · Research Stations · Black Cat Stakeouts · Pigeons · Taskmaster Challenges · Crimes
The City That Never SleepsMain missions""The Heist""
The Maria · The Trouble with Arson · Long Lost Loot · Like Old Times · Something is Screwy · Trail of the Cat · Pursuing the Truth · Newsflash · Cover for the Cat · Follow the Money
""Turf Wars""
Blindsided · The Bar With No Name · Jury Rigging · Last Stand · Season Two · Lockup · Yuri's Revenge · Bring the Hammer Down
""Silver Lining""
Old Friends · Season 3 · Rio Bravo · Together But Alone · Humanitarian Aid · Trust Issues · Getting Deep · One Plus One Equals Win
OtherSide missions
Like a Fiddle · Season Finale · Wrap Party · Aiding a Human · Scales of Justice
Citywide activities
Maggia Crimes · Hammerhead Crimes · Hardy's Stolen Art · Screwball Challenges · Hammerhead Fronts · Olympus Hideouts · Crime Scene Recordings"
https://marvels-spider-man.fandom.com/wiki/Strong_Connections,Main,"After an uncomfortable call with Mary Jane Watson, while roaming the city, Peter Receives an urgent call from Otto Octavius inviting him to the lab for another test. Once in the lab, with Peter's help, Otto then tests the neural interface in tandem with his prosthetics with success.
When Otto has trouble removing the cap, he reveals to Peter that he is suffering from a degenerative neurological condition. He swears Peter to secrecy, and Peter learns that Otto may lose control of his motor functions within a year. Further examination of the lab reveals results of his lab tests, which indicate that using the cranial implant could also alter Otto's personality.","Following the call with Mary Jane Watson, the city is free to roam for citywide activities until receiving the call from Octavius. At this point, three puzzles must be complete. Once done, following a cutscene, the mission ""First Day"" is available.
Missions in Marvel's Spider-ManMarvel's Spider-ManMain missionsAct 1
Clearing the Way · The Main Event · My OTHER Other Job · Keeping the Peace · Something Old, Something New · Fisk Hideout · Landmarking · For She's a Jolly Good Fellow · Don't Touch the Art · A Shocking Comeback · The Mask · Day to Remember · Harry's Passion Project · Financial Shock · Wheels within Wheels · Home Sweet Home · Stakeout · Couch Surfing · Straw, Meet Camel · And the Award Goes to...
Act 2
Dual Purpose · Hidden Agenda · A Fresh Start · Dinner Date · Up the Water Spout... · What's in the Box? · Back to School · Spider-Hack · Uninvited · Strong Connections · First Day · Collision Course · The One That Got Away · Breakthrough · Reflection · Out of the Frying Pan...
Act 3
...Into the Fire · Picking up the Trail · Streets of Poison · Supply Run · Heavy Hitter · Step Into My Parlor... · The Heart of the Matter · Pax in Bello
OtherSide missions
The Network is Down · Storming the Castle · Spider-Man P.I. · Spider-Men · Cat's Cradle · Helping Howard · Internet Famous · Tombstone: On the Move · Tombstone: What's He Building in There... · Tombstone: Let's Get Ready to... · College Buddies · Tick Tock · Over His Head · A Matter of Debate · Home Team Advantage · Snipe Hunt · Error: File Not Found
Citywide activities
Backpacks · Landmarks · Fisk Hideouts · Demon Warehouses · Sable Outposts · Prisoner Camps · Research Stations · Black Cat Stakeouts · Pigeons · Taskmaster Challenges · Crimes
The City That Never SleepsMain missions""The Heist""
The Maria · The Trouble with Arson · Long Lost Loot · Like Old Times · Something is Screwy · Trail of the Cat · Pursuing the Truth · Newsflash · Cover for the Cat · Follow the Money
""Turf Wars""
Blindsided · The Bar With No Name · Jury Rigging · Last Stand · Season Two · Lockup · Yuri's Revenge · Bring the Hammer Down
""Silver Lining""
Old Friends · Season 3 · Rio Bravo · Together But Alone · Humanitarian Aid · Trust Issues · Getting Deep · One Plus One Equals Win
OtherSide missions
Like a Fiddle · Season Finale · Wrap Party · Aiding a Human · Scales of Justice
Citywide activities
Maggia Crimes · Hammerhead Crimes · Hardy's Stolen Art · Screwball Challenges · Hammerhead Fronts · Olympus Hideouts · Crime Scene Recordings"
https://marvels-spider-man.fandom.com/wiki/First_Day,Main,"After finishing in Otto Octavius' lab, Peter receives a text from Aunt May inviting him to the shelter to meet Miles, whose mother Rio Morales promised he was coming. On his way there, as Spider-Man, he spots Miles being mugged by a group of thugs. After rescuing him, Miles is excited by meeting Spider-Man, who gives him pointers on how to fight.
Miles then sneaks his way through a Sable International-controlled zone using a hacking app Miles developed, not wanting to be slowed down by the Sable checkpoint. Once there, after telling his mother he stands by his decision to work at the shelter instead of take up more therapy (her other offer), Miles meets up with Peter and begins to get the lay of the land.
At the shelter, Miles begins by making coffee and greeting the people at the shelter. He also fixes the TV for one of the residents, Ernie. After fixing it, when Jefferson Davis appears, Ernie complains that Davis is not a true hero due to dying in the explosion; as Miles holds his tongue, Peter interrupts and points out that Miles is Jefferson Davis' son, leading Ernie to apologize. After Miles meets Aunt May in the kitchen, May shows him around. Believing Sable would then be moving Dr. Morgan Michaels, Peter leaves the shelter and heads to the Bowery.",
https://marvels-spider-man.fandom.com/wiki/Collision_Course,Main,"Peter Parker, after leaving the shelter, calls Yuriko Watanabe to inform her of his plans to check on Dr. Michaels. When she gives a warning that Silver Sable might shoot him on sight, he agrees to just ""be in the neighborhood"".
When he arrives, he cannot find Michaels. Meanwhile, Michaels, carrying vials of Devil's Breath, is escorted by Sable International, who tell him they are the ""best in the world"", something that gives him no reassurance. Thereafter, they are attacked by the Inner Demons. Michaels is kidnapped with his vial, and the Inner Demons escape with him and Mister Negative in an armored vehicle.
Spider-Man reaches Mister Negative's armored truck, which Sable fires upon, despite the danger. After fending off the Demons attacking, Spider-Man reaches Mister Negative, who uses his powers on him. There, he takes Peter Parker to a ""negative zone"" in which the bombing at City Hall is frozen in place. There, he taunts Spider-Man about the bombing, insinuating that Norman Osborn knew what was about to happen and ran. When Spider-Man refuses to join him, a fight begins in the negative zone.
After re-emerging from the negative world, Spider-Man gets free of Mister Negative and has to forcibly steer the armored vehicle away from pedestrians using his webbing. The truck crashes into a building, and after emerging from the rubble, he finds the Inner Demons have vanished with the Devil's Breath. Silver Sable and her team arrive to take Michaels to safety. Spider-Man briefly argues with Sable, but Michaels stops her when she pulls her gun on him, thanking Spider-Man, and going with Sable to brief Osborn.","Upon reaching the location of the mission, after the cutscene, players need to chase down the vehicle while dodging rockets. Demons must be fought throughout; those atop the truck can be defeated simply by knocking them off, while those in cars are defeated the same way car crimes are usually stopped. The chase leads to players underneath the vehicle as it is moving.
After hanging onto the vehicle and reaching the briefcase, Mister Negative uses his powers on Spider-Man. Players are taken to a negative zone reminiscent of the City Hall bombing. During this, players must continue to follow Mister Negative, who warps to different areas of the zone. After some dialogue, a mask appears; after web throwing it away, a battle begins.
Mister Negative summons wave after wave of ""negative"" enemies, supposed ghosts of those Spider-Man could not save. Once these are dealt with, players face Mister Negative; similar to other Inner Demons, players must make liberal use of dodge in order to avoid his blasts. Once Mister Negative assembles a mask of energy, players must break it apart to succeed in ending the fight. They need to do this by avoiding a whip enemy and by catching the blasts from the mask to hurl them back.
Following this, a cutscene commences, and a call with Yuri leads to the next mission, ""The One That Got Away"".
Missions in Marvel's Spider-ManMarvel's Spider-ManMain missionsAct 1
Clearing the Way · The Main Event · My OTHER Other Job · Keeping the Peace · Something Old, Something New · Fisk Hideout · Landmarking · For She's a Jolly Good Fellow · Don't Touch the Art · A Shocking Comeback · The Mask · Day to Remember · Harry's Passion Project · Financial Shock · Wheels within Wheels · Home Sweet Home · Stakeout · Couch Surfing · Straw, Meet Camel · And the Award Goes to...
Act 2
Dual Purpose · Hidden Agenda · A Fresh Start · Dinner Date · Up the Water Spout... · What's in the Box? · Back to School · Spider-Hack · Uninvited · Strong Connections · First Day · Collision Course · The One That Got Away · Breakthrough · Reflection · Out of the Frying Pan...
Act 3
...Into the Fire · Picking up the Trail · Streets of Poison · Supply Run · Heavy Hitter · Step Into My Parlor... · The Heart of the Matter · Pax in Bello
OtherSide missions
The Network is Down · Storming the Castle · Spider-Man P.I. · Spider-Men · Cat's Cradle · Helping Howard · Internet Famous · Tombstone: On the Move · Tombstone: What's He Building in There... · Tombstone: Let's Get Ready to... · College Buddies · Tick Tock · Over His Head · A Matter of Debate · Home Team Advantage · Snipe Hunt · Error: File Not Found
Citywide activities
Backpacks · Landmarks · Fisk Hideouts · Demon Warehouses · Sable Outposts · Prisoner Camps · Research Stations · Black Cat Stakeouts · Pigeons · Taskmaster Challenges · Crimes
The City That Never SleepsMain missions""The Heist""
The Maria · The Trouble with Arson · Long Lost Loot · Like Old Times · Something is Screwy · Trail of the Cat · Pursuing the Truth · Newsflash · Cover for the Cat · Follow the Money
""Turf Wars""
Blindsided · The Bar With No Name · Jury Rigging · Last Stand · Season Two · Lockup · Yuri's Revenge · Bring the Hammer Down
""Silver Lining""
Old Friends · Season 3 · Rio Bravo · Together But Alone · Humanitarian Aid · Trust Issues · Getting Deep · One Plus One Equals Win
OtherSide missions
Like a Fiddle · Season Finale · Wrap Party · Aiding a Human · Scales of Justice
Citywide activities
Maggia Crimes · Hammerhead Crimes · Hardy's Stolen Art · Screwball Challenges · Hammerhead Fronts · Olympus Hideouts · Crime Scene Recordings"
https://marvels-spider-man.fandom.com/wiki/The_One_That_Got_Away,Main,"Yuri calls Spider-Man after Silver Sable recovers Morgan Michaels, letting him know they have located a vehicle that matches that of the one Martin Li took after stealing the Devil's Breath with his Inner Demons.
As Spider-Man heads there, Dr. Michaels, using one of Sable's radios, calls Spider-Man to inform him that transit hubs are the most likely release for Devil's Breath, and how he regrets ignoring the risks Devil's Breath posed while he worked on it. When Spider-Man arrives at Yuri's location, he finds the car empty. He also cannot reach Mary Jane Watson to warn her about the Devil's Breath.
Meanwhile, Mary Jane is at Grand Central Station, where several advertisements for Oscorp technology are present. As she views an advertisement for the Gaia Microbe Dispersal Device, Martin Li arrives behind her, and he and his Demons take control of the station. Li calls Norman Osborn to order him to come to Grand Central Terminal alone in thirty minutes or he will kill more people.
Mary Jane is forced into the center with the others, but manages to reach Spider-Man for help. Spider-Man deduces that Li's plan is to force Osborn to release Devil's Breath himself, making him responsible. Spider-Man enters, but drones patrolling make him unable to act.
When Mary Jane works with him in order to steal the control tablet for the drones, she is interrupted when one of the prisoners decides to attack the Demons. With no other recourse, she reveals herself as a reporter, insisting she can assure Osborn arrives on time so long as they do not kill the prisoner. When they agree, she leads one of the them to another part of the building, where Spider-Man attacks and webs him up.
After Mary Jane disables the drones using the tablet, Spider-Man and Mary Jane work together. They have a difference of opinion on their partnership, where Spider-Man urges her to leave and promises to return for Devil's Breath later, but Mary Jane refuses due to the people in danger. With Spider-Man's help, Mary Jane is able to get back to the bomb to diffuse it.
Once diffused, Spider-Man takes out more of the Demons stealthily. When enough have been disabled, Spider-Man gives the all-clear for the hostages to flee, and Mary Jane leads them to safety. Martin Li ends up being in one of the subway cars below, and Spider-Man follows him and battles him in a subway car. Spider-Man apprehends Li and stops the runaway subway train, with Li sent to the Raft. Afterward, awkward texts with Mary Jane, who is not yet ready to talk on the phone, suggest she might be considering their relationship over, though she suggests she may call him the next day. Yuri calls Spider-Man to congratulate him as Li is sent to the Raft while Devil's Breath is secured by Sable.","Upon reaching the mission location, players assume the perspective of Mary Jane, entering Grand Central Station. They are free to roam about examining the various advertisements for Oscorp technology, but the one that triggers the next part is the Gaia Microbe Dispersal Device.
After a cutscene, as Mary Jane, players must move the camera around the room to point out points of danger for Spider-Man. When asked to find an entry point for him, the vent is in the southwest corner, right behind Mary Jane's right shoulder.
Spider-Man arrives, but players still assume Mary Jane's role, watching as he sneaks his way inside. After he causes a distraction, run for the control tablet to commence a brief cutscene, and after this, follow the waypoint to another part of the room so Spider-Man can web up the Demon led astray. After the next cutscene, a stealth segment commences.
The stealth segment is similar to usual Mary Jane segments with the exception that players can call Spider-Man to help eliminate some guards. Using lures, players can throw lures to separate Demons apart so that Spider-Man can be called to web and eliminate them. Not all Demons have to be eliminated, and Mary Jane simply needs to approach the group near the Devil's Breath bomb then cause a distraction.
After reaching the bomb, a cutscene commences, following which players have to diffuse it. This is done by tracing the wires to their source on the device, rotating to follow them, then pulling the wires: the two blue wires first, the yellow next, and the red wire last.
Players then assume the role of Spider-Man, waiting above. This is another stealth mission, tasking players with taking high points and then stringing up the Inner Demons from above. A cutscene commences after this, at which point an all-out battle commences.
Martin Li ends up being in one of the subway cars below, and players quickly board in order to fight him. As it is a subway car, it is a very close-quarters combat fight, and players will find they have nowhere to swing off to. Webbing Li works, and players must be very quick to use their dodge when their Spider-Sense goes off. The fight is more difficult in the second car, as players need to continually dodge side to side and at a distance to avoid his amped-up blasts. Players will also begin to have to jump onto the ceiling. Spider-Man will announce when the best time to strike is, so players should hold off until they hear the message.
After successfully defeating Li, players will have to stop the runaway subway car by paying attention to the screen prompts. A cutscene then ends the mission, and player shave time to roam the city as Spider-Man and complete citywide activities. When Otto Octavius calls, the mission ""Breakthrough"" is available."
https://marvels-spider-man.fandom.com/wiki/Breakthrough,Main,"Once Peter arrives, he finds that the Doctor has already utilized an intra-cranial neural network to attach and use his prosthetic arms, giving him neuro-transmission speeds under one nanosecond, faster than signals traveling inside the brain.
When Peter examines the interface, he notices there are errors with cascading voltage spikes in the motor complex, doubting if he can fix it. The interface gives a 38.7% probability of seizures, 40.4% probability of short-term memory loss, and 62.3% probability of long-term memory loss. Peter than expresses concerns that the neural web was not isolating his motor neurons and that Otto has not tested it enough. This angers Otto, who says he ""does not feel like a failure"" for the first time in his life, before Otto calms down after Peter reminds him he is not a failure and promises that they are close.
Otto thanks Peter as he leaves, before the news report comes on in which Norman Osborn claims credit for the apprehension of Martin Li. Otto smashes the television with one of his robotic arms in rage.","After reaching the lab and after a cutscene, players will be tasked with completing a trio of circuit puzzles to set things right. Regardless of the success in these projects, the outcome will be the same. Once the cutscene ends, the next mission, ""Reflection"", is available.
Missions in Marvel's Spider-ManMarvel's Spider-ManMain missionsAct 1
Clearing the Way · The Main Event · My OTHER Other Job · Keeping the Peace · Something Old, Something New · Fisk Hideout · Landmarking · For She's a Jolly Good Fellow · Don't Touch the Art · A Shocking Comeback · The Mask · Day to Remember · Harry's Passion Project · Financial Shock · Wheels within Wheels · Home Sweet Home · Stakeout · Couch Surfing · Straw, Meet Camel · And the Award Goes to...
Act 2
Dual Purpose · Hidden Agenda · A Fresh Start · Dinner Date · Up the Water Spout... · What's in the Box? · Back to School · Spider-Hack · Uninvited · Strong Connections · First Day · Collision Course · The One That Got Away · Breakthrough · Reflection · Out of the Frying Pan...
Act 3
...Into the Fire · Picking up the Trail · Streets of Poison · Supply Run · Heavy Hitter · Step Into My Parlor... · The Heart of the Matter · Pax in Bello
OtherSide missions
The Network is Down · Storming the Castle · Spider-Man P.I. · Spider-Men · Cat's Cradle · Helping Howard · Internet Famous · Tombstone: On the Move · Tombstone: What's He Building in There... · Tombstone: Let's Get Ready to... · College Buddies · Tick Tock · Over His Head · A Matter of Debate · Home Team Advantage · Snipe Hunt · Error: File Not Found
Citywide activities
Backpacks · Landmarks · Fisk Hideouts · Demon Warehouses · Sable Outposts · Prisoner Camps · Research Stations · Black Cat Stakeouts · Pigeons · Taskmaster Challenges · Crimes
The City That Never SleepsMain missions""The Heist""
The Maria · The Trouble with Arson · Long Lost Loot · Like Old Times · Something is Screwy · Trail of the Cat · Pursuing the Truth · Newsflash · Cover for the Cat · Follow the Money
""Turf Wars""
Blindsided · The Bar With No Name · Jury Rigging · Last Stand · Season Two · Lockup · Yuri's Revenge · Bring the Hammer Down
""Silver Lining""
Old Friends · Season 3 · Rio Bravo · Together But Alone · Humanitarian Aid · Trust Issues · Getting Deep · One Plus One Equals Win
OtherSide missions
Like a Fiddle · Season Finale · Wrap Party · Aiding a Human · Scales of Justice
Citywide activities
Maggia Crimes · Hammerhead Crimes · Hardy's Stolen Art · Screwball Challenges · Hammerhead Fronts · Olympus Hideouts · Crime Scene Recordings"
https://marvels-spider-man.fandom.com/wiki/Reflection,Main,"When Peter calls Miles to check up on him, Miles responds that though he wanted to quit at first, he was reminded of his father's words, ""a hero's just a guy who doesn't give up"", and realized that nothing Martin Li did was the fault of anyone at the shelter. Peter tells Miles he is proud of him, and then travels to the center to check up on Miles in person. On the way, Parker calls Yuriko Watanabe to congratulate her promotion to captain and suggest she take a vacation, something she declines.
There, Peter speaks to Aunt May. After shrugging off Peter's concerns that May was overworking herself, she tells Peter that the Martin Li she knew could not have committed terrorist attacks and did not want to remember him that way. She also urges Peter to be honest with Mary Jane Watson to improve their difficult relationship. Their conversation is interrupted with a news report that the truck carrying the vial of Devil's Breath was attacked. By the time Aunt May has turned around, Peter has already vanished.","The mission simply comprises a cutscene as the player reaches the shelter. After the cutscene ends, the lengthy mission ""Out of the Frying Pan..."" is available.
Missions in Marvel's Spider-ManMarvel's Spider-ManMain missionsAct 1
Clearing the Way · The Main Event · My OTHER Other Job · Keeping the Peace · Something Old, Something New · Fisk Hideout · Landmarking · For She's a Jolly Good Fellow · Don't Touch the Art · A Shocking Comeback · The Mask · Day to Remember · Harry's Passion Project · Financial Shock · Wheels within Wheels · Home Sweet Home · Stakeout · Couch Surfing · Straw, Meet Camel · And the Award Goes to...
Act 2
Dual Purpose · Hidden Agenda · A Fresh Start · Dinner Date · Up the Water Spout... · What's in the Box? · Back to School · Spider-Hack · Uninvited · Strong Connections · First Day · Collision Course · The One That Got Away · Breakthrough · Reflection · Out of the Frying Pan...
Act 3
...Into the Fire · Picking up the Trail · Streets of Poison · Supply Run · Heavy Hitter · Step Into My Parlor... · The Heart of the Matter · Pax in Bello
OtherSide missions
The Network is Down · Storming the Castle · Spider-Man P.I. · Spider-Men · Cat's Cradle · Helping Howard · Internet Famous · Tombstone: On the Move · Tombstone: What's He Building in There... · Tombstone: Let's Get Ready to... · College Buddies · Tick Tock · Over His Head · A Matter of Debate · Home Team Advantage · Snipe Hunt · Error: File Not Found
Citywide activities
Backpacks · Landmarks · Fisk Hideouts · Demon Warehouses · Sable Outposts · Prisoner Camps · Research Stations · Black Cat Stakeouts · Pigeons · Taskmaster Challenges · Crimes
The City That Never SleepsMain missions""The Heist""
The Maria · The Trouble with Arson · Long Lost Loot · Like Old Times · Something is Screwy · Trail of the Cat · Pursuing the Truth · Newsflash · Cover for the Cat · Follow the Money
""Turf Wars""
Blindsided · The Bar With No Name · Jury Rigging · Last Stand · Season Two · Lockup · Yuri's Revenge · Bring the Hammer Down
""Silver Lining""
Old Friends · Season 3 · Rio Bravo · Together But Alone · Humanitarian Aid · Trust Issues · Getting Deep · One Plus One Equals Win
OtherSide missions
Like a Fiddle · Season Finale · Wrap Party · Aiding a Human · Scales of Justice
Citywide activities
Maggia Crimes · Hammerhead Crimes · Hardy's Stolen Art · Screwball Challenges · Hammerhead Fronts · Olympus Hideouts · Crime Scene Recordings"
https://marvels-spider-man.fandom.com/wiki/Out_of_the_Frying_Pan...,Main,"After Spider-Man arrives at the Sable International truck, Yuriko Watanabe meets him there via helicopter to reveal the situation is much worse, pointing to the Ryker's Island attack. Spider-Man hitches a ride with her and defeats many of the prisoners there, preventing them from stealing a chopper.
Spider-Man hitches a ride with Yuri to the Raft, and when they arrive, Electro appears and shoots their helicopter with a bolt of electricity. Spider-Man barely holds on. He grabs hold of Yuri and brings the helicopter into a somewhat controlled crash. Electro then uses his powers to open the cell blocks.
Once the prisoners are largely subdued, Spider-Man begins his pursuit of Electro outside. This is briefly interrupted by Vulture. Spider-Man chases Electro out on the roof, where he is then surrounded by Vulture, Rhino, Scorpion, and Mister Negative. The fight is fierce, but they gain the upper hand. As Spider-Man crawls to the edge of the building, none other than Otto Octavius arrives, having taken on the mantle of Doctor Octopus. He warns Spider-Man not to interfere before throwing him over the edge.
The villains then disperse, having particular jobs to do that will erase any debt they owe to Doctor Octopus.","Following a cutscene, as Spider-Man, players help in minimizing the damage at Ryker's, even stopping the prisoners from escaping in a helicopter. A lengthy battle occurs against freed prisoners. These are functionally identical to previous enemies fought, particularly Wilson Fisk's thugs, and some are armed with rocket launchers. Web Bombs are effective due to the enclosed spaces.
After defeating most around the prison, a few will arrive attacking a police car; these must be taken out to proceed. Prisoners then attempt to steal a chopper. Follow on-screen prompts to save it, and a cutscene leads to the next section. Inside the Raft, more prisoners are fought. Players must proceed through the Raft, defeating prisoners, with a few cutscenes along the way.
Eventually, Spider-Man catches up to and pursues Electro. Much of the pursuit is dependent upon players' ability to dodge Electro's attacks, especially when the chase goes up a long shaft. The lengthy chase around the Raft culminates in a cutscene ending the mission.
After the mission, the main mission, Quarantine, will automatically begin."
https://marvels-spider-man.fandom.com/wiki/...Into_the_Fire,Main,"Yuri calls Spider-Man requesting urgent help for her officers. She then requests Spider-Man take out either Rhino or Electro. On the way there, Aunt May calls to tell Spider-Man that men from Ryker's are at the F.E.A.S.T.'s sister office, the Veteran's Center, ransacking it and demanding supplies.
After dealing with the precincts, a panicked Mary Jane Watson calls and says it is urgent Spider-Man get to the Veteran's Center. The convicts set the building ablaze, trapping Miles Morales and Aunt May inside.
Inside, Spider-Man finds Miles and May trapped on a collapsing floor, using his webbing to hold it in place. He cannot quite make it to the open window, but Mary Jane appears, coming inside to push against a beam that falls, closing the gap. Aunt May manages to get to safety, but not Miles as the floor shifts. Spider-Man's webbing unlatches just as Miles jumps, and Mary Jane helps him to her side. Just then, the floor above collapses onto Spider-Man. He manages to get off a shot, but it does not stick to anything. Miles manages to grab it, and then he and Mary Jane pull Spider-Man to safety.
After, Mary Jane and Spider-Man reconcile. Mary Jane says she is happy to have rescued him, as it is hard for her to always be the one to be saved. Spider-Man enlists both Mary Jane and Miles for aid: Mary Jane to track down an antidote for the Devil's Breath and Miles to keep an eye and ear open at F.E.A.S.T.","Players are initially free to engage criminals and soldiers alike until Yuri calls, at which point the mission can begin. Players have a choice to engage Electro or Rhino first, where they protect the police precincts to turn the tide in favor of the police.
Electro[]
When arriving at this precinct, Electro launches his electricity into the building in order to electrify the structure and overload the transformers before fleeing. Inner Demons are in a helicopter firing rockets and also on the roof itself.
Players need to destroy the transforms using their Web Shooter. There are five in the area total on the rooftops, including one towed in mid-air by the helicopter, all guarded by Demons. If players are quick enough, they can use their Shooters in mid-air and not have to worry about engaging the Demons.
Once free from the electricity, the police are able to exit the building in order to engage with the Demons. Players still need to defeat the Demons at ground level before proceeding.
Rhino[]
Upon arrival, Rhino has smashed his way through most of the police vehicles, leaving the way open for the Ryker's Island convicts to attempt a push through the barricades. Players need to assist the police in stopping the convicts across rooftops before they can do so. The weapons the prisoners use include stun batons, explosives, riot shields, machine guns, and Molotov cocktails. There is plenty of debris for players to pick up and sling at them. At one of the barricades a prisoner from the Raft wields two flaming whips, so players should be cautious.
There are three barricades total that players must protect before they need to head roof-side to deal with convicts using RPGs. There are four rooftops total that need to be cleared, and the fights are straightforward.
The situation becomes more difficult when Sable troops arrive via jetpack and target Spider-Man. In order to counter them, in addition to dodging their attacks, players need to Web Strike (tap ) to get close where they can be fought with melee attacks. Debris can also be thrown at them.
Veteran's Center[]
Once both Rhino and Electro are dealt with, a call from Mary Jane leads to the next objective, the Veteran's Center. Upon reaching it, a cutscene closes out the mission, and the next, ""Picking up the Trail"", is available.
Missions in Marvel's Spider-ManMarvel's Spider-ManMain missionsAct 1
Clearing the Way · The Main Event · My OTHER Other Job · Keeping the Peace · Something Old, Something New · Fisk Hideout · Landmarking · For She's a Jolly Good Fellow · Don't Touch the Art · A Shocking Comeback · The Mask · Day to Remember · Harry's Passion Project · Financial Shock · Wheels within Wheels · Home Sweet Home · Stakeout · Couch Surfing · Straw, Meet Camel · And the Award Goes to...
Act 2
Dual Purpose · Hidden Agenda · A Fresh Start · Dinner Date · Up the Water Spout... · What's in the Box? · Back to School · Spider-Hack · Uninvited · Strong Connections · First Day · Collision Course · The One That Got Away · Breakthrough · Reflection · Out of the Frying Pan...
Act 3
...Into the Fire · Picking up the Trail · Streets of Poison · Supply Run · Heavy Hitter · Step Into My Parlor... · The Heart of the Matter · Pax in Bello
OtherSide missions
The Network is Down · Storming the Castle · Spider-Man P.I. · Spider-Men · Cat's Cradle · Helping Howard · Internet Famous · Tombstone: On the Move · Tombstone: What's He Building in There... · Tombstone: Let's Get Ready to... · College Buddies · Tick Tock · Over His Head · A Matter of Debate · Home Team Advantage · Snipe Hunt · Error: File Not Found
Citywide activities
Backpacks · Landmarks · Fisk Hideouts · Demon Warehouses · Sable Outposts · Prisoner Camps · Research Stations · Black Cat Stakeouts · Pigeons · Taskmaster Challenges · Crimes
The City That Never SleepsMain missions""The Heist""
The Maria · The Trouble with Arson · Long Lost Loot · Like Old Times · Something is Screwy · Trail of the Cat · Pursuing the Truth · Newsflash · Cover for the Cat · Follow the Money
""Turf Wars""
Blindsided · The Bar With No Name · Jury Rigging · Last Stand · Season Two · Lockup · Yuri's Revenge · Bring the Hammer Down
""Silver Lining""
Old Friends · Season 3 · Rio Bravo · Together But Alone · Humanitarian Aid · Trust Issues · Getting Deep · One Plus One Equals Win
OtherSide missions
Like a Fiddle · Season Finale · Wrap Party · Aiding a Human · Scales of Justice
Citywide activities
Maggia Crimes · Hammerhead Crimes · Hardy's Stolen Art · Screwball Challenges · Hammerhead Fronts · Olympus Hideouts · Crime Scene Recordings"
https://marvels-spider-man.fandom.com/wiki/Picking_up_the_Trail,Main,"Yuri calls Spider-Man to let him know the department cannot do a forensics sweep of Times Square because everyone is sick. There, Spider-Man follows a dispersal trial into Doctor Octopus's lair.
At the lair, Spider-Man uncovers more of Otto's hatred for Norman Osborn and the origins of the Sinister Six group, as Otto Octavius made promises to them in exchange for their help, while Martin Li already shared Otto's distate of Osborn. He has also been searching for weakness to the armor worn by Sable International and has left messages for his ""crew"". One of them is for Scorpion about a ""reservoir job"".
Spider-Man sees a map of where each major villain has been assigned to strike at Oscorp. Mister Negative will go after the antiserum for Devil's Breath using ""Icarus"". Searching the lair further reveals that Icarus itself is just a ruse, as Otto has left behind a case full of explosive that Spider-Man trips upon opening.
Spider-Man escapes via a vent, only to be captured by Vulture and hauled across the city to a waiting Electro. Spider-Man defeats them both. Doctor Octopus over the phone tells Spider-Man that if he truly wanted to help the city, he would expose Osborn's crimes and promised he would have restored New York's power once he was done with Osborn. Spider-Man tells Otto he is sick and needs help, then leaves to take a quick nap to recover.","Upon arriving at Times Square, players must complete a spectrograph puzzle in order to conduct their forensics investigation and uncover a dispersal pattern. Following the dispersal trail to the left leads up one of the buildings and into an access hatch. This hatch leads directly into Doctor Octopus's lair, and players then need to use their Electric Web to turn the lights on.
Searching the first few items reveals more about the Sinister Six history. A map rests on a table that appears blank. Nearby sits a UV lamp, however, and players must find the circuit breaker in order to turn it on (Electric Web again). Following further clues to ""Icarus"" leads to a cutscene, following a boss battle.
Boss battle[]
Players then fight Electro, having to dodge his electrical blasts. Web Shooters stun him enough to get off a few hits, then players need to dodge again. Destroying the transformer brings Vulture into the fight.
Vulture is fought by dodging his charge and blasts and then attacking him with Web Shooters and aerial melee attacks. Fighting solo against him is brief, as Electro then joins back in.
It is especially important to pay attention to Spider-Sense during this phase, as both villains have ranged attacks. Electro will remain hovering in place to send out electrical blasts, while Vulture will charge in or use his own blasts. Another transformer destruction brings the next phase, where players need to follow the on-screen prompts in order to fight Electro, and then the final phase begins.
Electro this time around is taken out quickly when players destroy the final transformer beneath him, and then the fight is just Spider-Man versus Vulture.
When both are defeated, ""Streets of Poison"" is available.
Missions in Marvel's Spider-ManMarvel's Spider-ManMain missionsAct 1
Clearing the Way · The Main Event · My OTHER Other Job · Keeping the Peace · Something Old, Something New · Fisk Hideout · Landmarking · For She's a Jolly Good Fellow · Don't Touch the Art · A Shocking Comeback · The Mask · Day to Remember · Harry's Passion Project · Financial Shock · Wheels within Wheels · Home Sweet Home · Stakeout · Couch Surfing · Straw, Meet Camel · And the Award Goes to...
Act 2
Dual Purpose · Hidden Agenda · A Fresh Start · Dinner Date · Up the Water Spout... · What's in the Box? · Back to School · Spider-Hack · Uninvited · Strong Connections · First Day · Collision Course · The One That Got Away · Breakthrough · Reflection · Out of the Frying Pan...
Act 3
...Into the Fire · Picking up the Trail · Streets of Poison · Supply Run · Heavy Hitter · Step Into My Parlor... · The Heart of the Matter · Pax in Bello
OtherSide missions
The Network is Down · Storming the Castle · Spider-Man P.I. · Spider-Men · Cat's Cradle · Helping Howard · Internet Famous · Tombstone: On the Move · Tombstone: What's He Building in There... · Tombstone: Let's Get Ready to... · College Buddies · Tick Tock · Over His Head · A Matter of Debate · Home Team Advantage · Snipe Hunt · Error: File Not Found
Citywide activities
Backpacks · Landmarks · Fisk Hideouts · Demon Warehouses · Sable Outposts · Prisoner Camps · Research Stations · Black Cat Stakeouts · Pigeons · Taskmaster Challenges · Crimes
The City That Never SleepsMain missions""The Heist""
The Maria · The Trouble with Arson · Long Lost Loot · Like Old Times · Something is Screwy · Trail of the Cat · Pursuing the Truth · Newsflash · Cover for the Cat · Follow the Money
""Turf Wars""
Blindsided · The Bar With No Name · Jury Rigging · Last Stand · Season Two · Lockup · Yuri's Revenge · Bring the Hammer Down
""Silver Lining""
Old Friends · Season 3 · Rio Bravo · Together But Alone · Humanitarian Aid · Trust Issues · Getting Deep · One Plus One Equals Win
OtherSide missions
Like a Fiddle · Season Finale · Wrap Party · Aiding a Human · Scales of Justice
Citywide activities
Maggia Crimes · Hammerhead Crimes · Hardy's Stolen Art · Screwball Challenges · Hammerhead Fronts · Olympus Hideouts · Crime Scene Recordings"
https://marvels-spider-man.fandom.com/wiki/Streets_of_Poison,Main,"After his fight with Electro and Vulture, Spider-Man falls asleep from exhaustion on a rooftop, awakening the next morning. He calls Yuriko Watanabe to let her know he is going after Scorpion at the city's reservoir, believing that New York City would never recover if they lost clean water.
Upon arrival, Scorpion gets the drop on Spider-Man. Scorpion reveals he would prefer to kill Spider-Man, but that Doctor Octopus wants to torture him first. Scorpion then uses his stinger tail to inject Spider-Man with poison. This gives Spider-Man hallucinations of Scorpion and of Otto Octavius telling Peter that he is a failure, while Peter moves around the city to put together an antidote.
Once successful, Spider-Man finds himself back in the lab, having taken the antidote, and in his undies.","After the cutscene begins the mission, the environment then changes as Spider-Man hallucinates the entire area is a sea of poison. When players get to higher ground, they can then perform a spectrograph puzzle to determine what toxin was used.
A quick trip to the ESU greenhouse would help in developing an antitoxin, but when players arrive, they are forced into another hallucination environment, this one full of fragmented streets and an Otto Octavius that keeps vanishing as players get close. The end of the sequence results in Spider-Man back in the real world, albeit still hallucinating the sea of poison. With one ingredient in hand, players need to get to one of Harry Osborn's research stations.
For this part, players need to traverse the city while dodging giant scorpion tails that rise up from the poison. Once in the station, another hallucination takes over. Similar to the first, players need to pursue Otto through this sequence, using more advanced webbing techniques. The scene is similar to before, but this time there is more destruction and debris.
More destruction and many more scorpion tails greet players as they return to the real world. With the last of the ingredients he needs, players need to traverse the city and get to Otto's lab to synthesize the antidote. Once there, the final hallucination sequence begins with Doctor Octopus ripping apart the building.
Players fight Scorpion in this round. He can fire poison blasts and leap. Defeating the first is easy, but progressing further involve a fight with multiple Scorpions. They tend to leap around the area for the most part, but players can find themselves fighting more than one at once. Webbing him up is a good strategy, as only a few hits will destroy one of them. Players should be mindful of their tail swipes.
Once successful, Spider-Man is back in Otto's lab. Players can participate in citywide activities and side missions before the next mission, ""Supply Run"", is available.
Missions in Marvel's Spider-ManMarvel's Spider-ManMain missionsAct 1
Clearing the Way · The Main Event · My OTHER Other Job · Keeping the Peace · Something Old, Something New · Fisk Hideout · Landmarking · For She's a Jolly Good Fellow · Don't Touch the Art · A Shocking Comeback · The Mask · Day to Remember · Harry's Passion Project · Financial Shock · Wheels within Wheels · Home Sweet Home · Stakeout · Couch Surfing · Straw, Meet Camel · And the Award Goes to...
Act 2
Dual Purpose · Hidden Agenda · A Fresh Start · Dinner Date · Up the Water Spout... · What's in the Box? · Back to School · Spider-Hack · Uninvited · Strong Connections · First Day · Collision Course · The One That Got Away · Breakthrough · Reflection · Out of the Frying Pan...
Act 3
...Into the Fire · Picking up the Trail · Streets of Poison · Supply Run · Heavy Hitter · Step Into My Parlor... · The Heart of the Matter · Pax in Bello
OtherSide missions
The Network is Down · Storming the Castle · Spider-Man P.I. · Spider-Men · Cat's Cradle · Helping Howard · Internet Famous · Tombstone: On the Move · Tombstone: What's He Building in There... · Tombstone: Let's Get Ready to... · College Buddies · Tick Tock · Over His Head · A Matter of Debate · Home Team Advantage · Snipe Hunt · Error: File Not Found
Citywide activities
Backpacks · Landmarks · Fisk Hideouts · Demon Warehouses · Sable Outposts · Prisoner Camps · Research Stations · Black Cat Stakeouts · Pigeons · Taskmaster Challenges · Crimes
The City That Never SleepsMain missions""The Heist""
The Maria · The Trouble with Arson · Long Lost Loot · Like Old Times · Something is Screwy · Trail of the Cat · Pursuing the Truth · Newsflash · Cover for the Cat · Follow the Money
""Turf Wars""
Blindsided · The Bar With No Name · Jury Rigging · Last Stand · Season Two · Lockup · Yuri's Revenge · Bring the Hammer Down
""Silver Lining""
Old Friends · Season 3 · Rio Bravo · Together But Alone · Humanitarian Aid · Trust Issues · Getting Deep · One Plus One Equals Win
OtherSide missions
Like a Fiddle · Season Finale · Wrap Party · Aiding a Human · Scales of Justice
Citywide activities
Maggia Crimes · Hammerhead Crimes · Hardy's Stolen Art · Screwball Challenges · Hammerhead Fronts · Olympus Hideouts · Crime Scene Recordings"
https://marvels-spider-man.fandom.com/wiki/Supply_Run,Main,"With Scorpion's poison wearing off, Peter Parker decides it is a good time to visit Aunt May. Once there, she appears to be sick. Peter attempts to contact Miles Morales, who has been sent to retrieve more medical supplies from the relief center.
Miles, at the waterfront, steals antibiotics from convicts. After successfully finding the amoxicillin he was looking for, Rhino bursts on the scene, knocking out the Sable International soldiers and interrogating them about their supply routes. Scorpion arrives to assist with the questioning; when he stabs one of the men with his tail, Miles runs, knocking over a toolbox in his haste. Rhino and Scorpion heard the noise, with the former checking the source. There, Miles is forced to try to hide and find a way to escape from Rhino.
Once Miles escapes, he runs into two escaped convicts who are trying to mug a man. He intervenes, fighting one of them, and knocking him out, much to the other's surprise. Miles fearfully asks if he ""wanted a taste,"" and the convict says that he's good, and walks away. As they're dealt with, Pete calls in to Miles, asking him if he's OK, and Miles responded by telling him about what happened.","After taking the antidote to counteract Scorpion's poison, players are free to explore the city for a short amount of time before the mission is available. Players can use the map to fast travel to the shelter and begin. After visiting Aunt May, players take control of Miles, who is down near the waterfront.
As Miles, convicts are in the area, and players must sneak around them, making use of the hacking app to distract them. As players successfully locate the antibiotics, a cutscene commences, following which players must evade Rhino.
As with other stealth segments, the path to evade Rhino is mostly linear. Most paths require players to sneak very close to Rhino, so patience is key. The hacking app is also useful on a very occasions in distracting him.
The mission ends with a cutscene, following which ""Heavy Hitter"" is available.
Missions in Marvel's Spider-ManMarvel's Spider-ManMain missionsAct 1
Clearing the Way · The Main Event · My OTHER Other Job · Keeping the Peace · Something Old, Something New · Fisk Hideout · Landmarking · For She's a Jolly Good Fellow · Don't Touch the Art · A Shocking Comeback · The Mask · Day to Remember · Harry's Passion Project · Financial Shock · Wheels within Wheels · Home Sweet Home · Stakeout · Couch Surfing · Straw, Meet Camel · And the Award Goes to...
Act 2
Dual Purpose · Hidden Agenda · A Fresh Start · Dinner Date · Up the Water Spout... · What's in the Box? · Back to School · Spider-Hack · Uninvited · Strong Connections · First Day · Collision Course · The One That Got Away · Breakthrough · Reflection · Out of the Frying Pan...
Act 3
...Into the Fire · Picking up the Trail · Streets of Poison · Supply Run · Heavy Hitter · Step Into My Parlor... · The Heart of the Matter · Pax in Bello
OtherSide missions
The Network is Down · Storming the Castle · Spider-Man P.I. · Spider-Men · Cat's Cradle · Helping Howard · Internet Famous · Tombstone: On the Move · Tombstone: What's He Building in There... · Tombstone: Let's Get Ready to... · College Buddies · Tick Tock · Over His Head · A Matter of Debate · Home Team Advantage · Snipe Hunt · Error: File Not Found
Citywide activities
Backpacks · Landmarks · Fisk Hideouts · Demon Warehouses · Sable Outposts · Prisoner Camps · Research Stations · Black Cat Stakeouts · Pigeons · Taskmaster Challenges · Crimes
The City That Never SleepsMain missions""The Heist""
The Maria · The Trouble with Arson · Long Lost Loot · Like Old Times · Something is Screwy · Trail of the Cat · Pursuing the Truth · Newsflash · Cover for the Cat · Follow the Money
""Turf Wars""
Blindsided · The Bar With No Name · Jury Rigging · Last Stand · Season Two · Lockup · Yuri's Revenge · Bring the Hammer Down
""Silver Lining""
Old Friends · Season 3 · Rio Bravo · Together But Alone · Humanitarian Aid · Trust Issues · Getting Deep · One Plus One Equals Win
OtherSide missions
Like a Fiddle · Season Finale · Wrap Party · Aiding a Human · Scales of Justice
Citywide activities
Maggia Crimes · Hammerhead Crimes · Hardy's Stolen Art · Screwball Challenges · Hammerhead Fronts · Olympus Hideouts · Crime Scene Recordings"
https://marvels-spider-man.fandom.com/wiki/Heavy_Hitter,Main,"After hearing from Miles Morales following his own encounter with Rhino at the relief center, Spider-Man contacts Yuriko Watanabe and lets her know that Rhino is targeting relief centers throughout the city. She directs him to where Rhino likely is: Harlem. While traveling there, Mary Jane Watson calls Spider-Man to reminisce about the time when the two and Harry Osborn had simpler lives, Spider-Man reassuring her that their work is important so the next generation can enjoy the simpler lives they had.
Spider-Man battles the two there. After the battle, Scorpion taunts Rhino a little too much, and Rhino charges him. Spider-Man takes advantage of the situation and seals them both inside a storage container with his webbing. Spider-Man calls Yuri to inform her.","The fight with Rhino involves a lot of dodging his charge ability, luring him under the hanging storage containers and other heavy objects to web pull them and smash them on top of him. This presents an opportunity to strike. Each object requires multiple pulls, and they reset to their original height if they do not result in smashing atop Rhino. When Rhino is dealt with, Scorpion then joins in the battle.
Players will now have two enemies to contend with. While dodging Rhino's charge, they will also have to be mindful of Scorpion's ranged poison attack. Dealing with Rhino is the same as before, but with the added trouble of Scorpion leaping in and out of the battle and using his tail strike. Players should focus on taking down Rhino first and simply avoid Scorpion. The overhead objects can still be used, and crates can be pulled down from the side against Rhino, as the fight progresses.
Once Rhino is down, players can then take on Scorpion. He tends to jump around a bit, so backtracking his poison blast is a good way to find him. This part of the fight tends to go quickly, as webbing him up and hitting him does the trick. A cutscene then ends the mission, and the next, ""Step Into My Parlor..."", is available.
Alternately, the player does not have to defeat Scorpion or Rhino by themselves. Instesd, they can trick the two enemies to hit each other with their attacks. If they fight Scorpion first, and stand next to him, Rhino will charge at the player and also at Scorpion, attacking him in the process; the pair yell and argue at each other. Repeating this action will lead to Rhino eventually knocking Scorpion out. This tactic also works if trying to get Scorpion to accidentally kit Rhino."
https://marvels-spider-man.fandom.com/wiki/Step_Into_My_Parlor...,Main,"Mary Jane Watson calls Peter Parker to let him know she has not found the location of the Devil's Breath lab. As it was not in the city, state, or federal databases, she suspects the lab is off the books and that its location may be in Norman Osborn's penthouse. With it full of Sable International soldiers, she thinks she has a better chance of sneaking in and avoiding a firefight than Spider-Man. He agrees to wait outside in case she needs backup.
Mary Jane sneaks in through the elevator just as Silver Sable and Normal Osborn exit.
In the penthouse, Mary Jane accesses a secret lab, then witnesses some records and discovers the truth of Mister Negative's origin: that Norman and Otto were working on GR-27 (Devil's Breath) some time ago, and Norman rushed ahead with human trials by giving a young Martin Li the serum when his parents came in for a consultation. Li exhibits his trademark ""negative"" abilities, appearing to kill both his parents. Mary Jane begins downloading the information, but is startled by a container that holds a jumping bio-engineered spider, causing one of the nearby glass containers to shatter, releasing the spider but also alerting Silver Sable.
As Sable leaves, Mary Jane sneaks out to the balcony. As she takes out the last guard there, he fires a round, alerting the other soldiers. With no other recourse and with Silver Sable and her men approaching, she leaps off the edge, to be caught by Spider-Man below. Spider-Man drops her at the F.E.A.S.T. shelter as she fills him in on Harry's sickness and the origin of Mister Negative, also giving him the location of the Devil's Breath lab.","Lobby[]
Players take the role of Mary Jane as she enters the ground floor. With the elevators on lockdown, she needs to access the security room first. To do so, players need to talk with several of the tenants in order for them to get riled up, causing a diversion.
Once in the hall, players find a stun gun, and this becomes the first mission Mary Jane can be used in combat by sneaking up behind guards and stunning them. After stunning the second guard, the security room is to the left. Once the elevator is unlocked, players proceed back to the main foyer.
Penthouse[]
In the penthouse, players pick up a mask on the table near blueprints and, with Mary Jane wearing it, can detect a hidden door in the wall. The clue to the code for the revealed keypad can be found on the dining room table, which then requires players finding the key to Harry Osborn's room. This can be found in the picture frame that shows only his mother, in the same room players can find the picture of Norman and Otto Octavius.
Accessing Harry's room, players find his journal, which supplies his departure date for ""Europe"" (in reality, entering treatment). This date is also the code for the keypad. Before she can access the hidden room, Silver Sable and Norman return.
After an argument, players need to sneak past the guards to use the access code. The stun gun is still very effective against them, but it is not required to take out all guards. The stun gun can also be used in combination with the lures to separate guards and take them down.
Secret lab[]
In the secret lab, players need to deduce the location of the Devil's Breath lab using the large computerized map in the center of the room. It will end up being the building the furthest to the right, after selecting Dr. Michaels for VIPS, Defense for Oscorp buildings, and Alpha Patrol for Sable patrols. Finding the building leads to a cutscene.
Once the cutscene ends, players need to sneak out of the lab and to the balcony. As before, the stun gun can be effective against guards. Reaching the balcony leads to a cutscene and completes the mission. The penultimate mission, ""The Heart of the Matter"", is then available."
https://marvels-spider-man.fandom.com/wiki/The_Heart_of_the_Matter,Main,"Spider-Man heads off to retrieve the antiserum. Along the way, Spider-Man calls Yuriko Watanabe to tell her he is finding the cure. Yuri then informs him that a helicopter just went down at the address of the secret lab.
Mister Negative has captured Norman, and his Inner Demons patrol the ground and rooftops outside. Spider-Man defeats them. Sable International troops arrive and attack Spider-Man. At the culmination of the fight, Silver Sable appears. Sable threatens to kill Spider-Man for his damage to her men and her client, but listening to his logic, she finally decides that they are better off working together rather than against each other and agrees to a temporary truce until Norman is secure. She allows him into the building, but when Inner Demons show up outside, she stays behind to fend them off, leaving him to follow Li's trail through the building.
After reaching Li, Li gets the jump on Spider-Man as he enters the lower level, and Li sends Spider-Man to a ""negative zone"" to try and convince him again. When Spider-Man exits, Norman is screaming in the other room. Dr. Morgan Michaels then gives Li the only sample of an antiserum developed against Devil's Breath, and Li tortures Osborn before Spider-Man interrupts and battles him. Spider-Man tries to  urge Li that Osborn deserves true justice, which will not happen if Li continues to be violent, though Li is undeterred.
Upon Li's defeat, Doctor Octopus enters the room. Via cutscene, he fights Spider-Man and knocks him out, taking the antiserum for himself. He then takes Norman and heads out of the building. Silver Sable rushes in moments later to find Spider-Man on the floor, mortally wounded. Sable and Dr. Michaels take him to F.E.A.S.T., where Dr. Michaels works to save his life.
Though he is saved, Spider-Man insists on finding the antiserum before resting, especially when he learns Aunt May is sick and in bed from the Devil's Breath. Mary Jane insists he use his brains to defeat Otto rather than relying solely on his spider-powers. At the scene's end, a spider from Osborn's lab that hitched a ride on Mary Jane's coat bites Miles Morales.","At the lab, Inner Demons patrol the ground and rooftops. Players need to take them out, and can either use stealth or combat to do so, depending on player preference. Stealth may be easier to preserve health early on, though a battle will occur regardless eventually.
After the battle against Demons, Sable troops arrive, some with rocket launchers and some with jetpacks. Taking out the rocket launcher enemies first is ideal, making it easier to take the jetpack troopers out with aerial attacks thereafter.
Entering the building leads to a brief cutscene after which players must follow Li's trail. Players should be careful when contacting the areas of negative energy, as they can cause significant damage. Following it eventually leads to a brief cutscene and then a short segment in the negative zone. Here, players must chase Li throughout it before a brief cutscene as he exits.
Mister Negative boss battle[]
After attempting to intervene, players then face off against Mister Negative. His skill set has increased since the previous battle, as he now wields an electrical blade and is swift moving. Hurtling debris at him helps, but webbing does not. Players need to keep mobile to avoid the attacks, getting hits in when they can.
After Li takes enough damage, a brief cutscene begins following which Li summons a large demon in the negative zone, along with several smaller demons then appear. Once the initial enemies are dealt with, the demon will return with a sweep attack that must be dodged. It will make more appearances as the fight continues, summoning more enemies.
Staying airborne and using debris to smash into Mister Negative works well as it means most of the attacks can be avoided. Throwing objects at Li and using melee attacks against him will eventually defeat him, and a cutscene ends the mission. The final mission, ""Pax in Bello"", can then be begun.
Missions in Marvel's Spider-ManMarvel's Spider-ManMain missionsAct 1
Clearing the Way · The Main Event · My OTHER Other Job · Keeping the Peace · Something Old, Something New · Fisk Hideout · Landmarking · For She's a Jolly Good Fellow · Don't Touch the Art · A Shocking Comeback · The Mask · Day to Remember · Harry's Passion Project · Financial Shock · Wheels within Wheels · Home Sweet Home · Stakeout · Couch Surfing · Straw, Meet Camel · And the Award Goes to...
Act 2
Dual Purpose · Hidden Agenda · A Fresh Start · Dinner Date · Up the Water Spout... · What's in the Box? · Back to School · Spider-Hack · Uninvited · Strong Connections · First Day · Collision Course · The One That Got Away · Breakthrough · Reflection · Out of the Frying Pan...
Act 3
...Into the Fire · Picking up the Trail · Streets of Poison · Supply Run · Heavy Hitter · Step Into My Parlor... · The Heart of the Matter · Pax in Bello
OtherSide missions
The Network is Down · Storming the Castle · Spider-Man P.I. · Spider-Men · Cat's Cradle · Helping Howard · Internet Famous · Tombstone: On the Move · Tombstone: What's He Building in There... · Tombstone: Let's Get Ready to... · College Buddies · Tick Tock · Over His Head · A Matter of Debate · Home Team Advantage · Snipe Hunt · Error: File Not Found
Citywide activities
Backpacks · Landmarks · Fisk Hideouts · Demon Warehouses · Sable Outposts · Prisoner Camps · Research Stations · Black Cat Stakeouts · Pigeons · Taskmaster Challenges · Crimes
The City That Never SleepsMain missions""The Heist""
The Maria · The Trouble with Arson · Long Lost Loot · Like Old Times · Something is Screwy · Trail of the Cat · Pursuing the Truth · Newsflash · Cover for the Cat · Follow the Money
""Turf Wars""
Blindsided · The Bar With No Name · Jury Rigging · Last Stand · Season Two · Lockup · Yuri's Revenge · Bring the Hammer Down
""Silver Lining""
Old Friends · Season 3 · Rio Bravo · Together But Alone · Humanitarian Aid · Trust Issues · Getting Deep · One Plus One Equals Win
OtherSide missions
Like a Fiddle · Season Finale · Wrap Party · Aiding a Human · Scales of Justice
Citywide activities
Maggia Crimes · Hammerhead Crimes · Hardy's Stolen Art · Screwball Challenges · Hammerhead Fronts · Olympus Hideouts · Crime Scene Recordings"
https://marvels-spider-man.fandom.com/wiki/Pax_in_Bello,Main,"On the way to the lab at Octavius Industries, Silver Sable calls to let Spider-Man know she is leaving the city, having doubts as to her chosen life, but that her soldiers will remain behind. With no time left, Mary Jane informs via phone call that May Parker’s condition is worsening because of being infected by Devil's Breath. Even worse, Yuriko Watanabe and most of the police officers are infected by Devil's Breath, Yuri staying with her mother, who is also infected.
Once in the lab, Peter creates a suit designed specifically to defeat Doctor Octopus: the Anti-Ock Suit. After suiting up, an incoming news alert lets him know where Octopus has kidnapped Norman and climbed into the tower. There, Doctor Octopus climbs up the Oscorp's tower, attempting to force the Mayor into admitting his failings. When Norman refuses, Octopus drops him. Spider-Man manages to catch Norman in time, allowing him to flee before approaching Octopus on the roof. He makes one last-ditch effort to dissuade Otto but he fails, leading them to fight.
After Peter rips out Otto's neural interface, Otto reveals that he knew Spider-Man was Peter all along. The two fight, and the tower is ripped free from the roof to send them both tumbling over at the edge. The two fight on the side of the tower. When Octopus stabs him with an arm, Spider-Man pulls the arm in closer, taking advantage of the moment to rip the interface free again.
Otto falls, and Spider-Man follows to retrieve the antiserum. They crash into the side of the tower and into a room, where Otto is unable to move. Otto first accuses Peter of betrayal, but Peter responds that Otto's willpower and conscience made him the hero that he wanted to be. Though Otto then attempts to convince Spider-Man that his actions were all the result of the interface, Spider-Man takes the antiserum and turns away, letting the authorities take him in.","Entering the lab is the last chance to upgrade gear and abilities before the final boss battle (although they can still be upgraded and side missions can still be completed after the fact). Once this is done, a cutscene leads into the final battle.
Doctor Octopus has a ranged attack he can perform with his arms; players are clued-in on when this will happen when he begins to pull one of them back. The arms can be used in tandem to slam the ground. He also performs a leap attack and can grab Spider-Man. Players will need to be mindful about the on-screen prompt to free themselves. Webbing works against his arms, and the suit allows for refills of gadgets. There are some objects that can be thrown, but those run out quickly. As the fight progresses, Octopus will start throwing chunks of the building. These can be caught and thrown back, but players have to react quickly in order to do so.
The next phase begins when Octopus climbs the tower and causes it to explode. The entire roof on the tower then becomes dangerous for players, who must keep moving and remain airborne. The tower chunks fall, and players need to catch at least one to throw it back to stun Octopus. They then must charge in and knock him from the tower so the roof will be safe again. Once more up the tower he will go, and when players stun him this time, Spider-Man is able to rip out the neural interface.
The next section is a battle on the side of the building. In this, only dodges and punches are available, and dodges are crucial as Spider-Man's health is not visible. Dealing enough damage to Octopus will complete the boss battle, leading to a cutscene and the end of the main story."
https://marvels-spider-man.fandom.com/wiki/The_Trouble_with_Arson,Main,,"After arriving at the place of the police call, press  to the Spider-Drone him. You will have 2 minutes to find four bombs by using vibrations and beeps. When you find bombs,  to short-circuit them.
After this, new Maggia crimes are available around New York City. These crimes can include car bomb crimes in which the Spider-Drone disables bombs, but also includes other types of crimes seen in the main game. Shortly after this, the next mission, ""Long Lost Loot"", is available after Spider-Man hears a phonecall.
Missions in Marvel's Spider-ManMarvel's Spider-ManMain missionsAct 1
Clearing the Way · The Main Event · My OTHER Other Job · Keeping the Peace · Something Old, Something New · Fisk Hideout · Landmarking · For She's a Jolly Good Fellow · Don't Touch the Art · A Shocking Comeback · The Mask · Day to Remember · Harry's Passion Project · Financial Shock · Wheels within Wheels · Home Sweet Home · Stakeout · Couch Surfing · Straw, Meet Camel · And the Award Goes to...
Act 2
Dual Purpose · Hidden Agenda · A Fresh Start · Dinner Date · Up the Water Spout... · What's in the Box? · Back to School · Spider-Hack · Uninvited · Strong Connections · First Day · Collision Course · The One That Got Away · Breakthrough · Reflection · Out of the Frying Pan...
Act 3
...Into the Fire · Picking up the Trail · Streets of Poison · Supply Run · Heavy Hitter · Step Into My Parlor... · The Heart of the Matter · Pax in Bello
OtherSide missions
The Network is Down · Storming the Castle · Spider-Man P.I. · Spider-Men · Cat's Cradle · Helping Howard · Internet Famous · Tombstone: On the Move · Tombstone: What's He Building in There... · Tombstone: Let's Get Ready to... · College Buddies · Tick Tock · Over His Head · A Matter of Debate · Home Team Advantage · Snipe Hunt · Error: File Not Found
Citywide activities
Backpacks · Landmarks · Fisk Hideouts · Demon Warehouses · Sable Outposts · Prisoner Camps · Research Stations · Black Cat Stakeouts · Pigeons · Taskmaster Challenges · Crimes
The City That Never SleepsMain missions""The Heist""
The Maria · The Trouble with Arson · Long Lost Loot · Like Old Times · Something is Screwy · Trail of the Cat · Pursuing the Truth · Newsflash · Cover for the Cat · Follow the Money
""Turf Wars""
Blindsided · The Bar With No Name · Jury Rigging · Last Stand · Season Two · Lockup · Yuri's Revenge · Bring the Hammer Down
""Silver Lining""
Old Friends · Season 3 · Rio Bravo · Together But Alone · Humanitarian Aid · Trust Issues · Getting Deep · One Plus One Equals Win
OtherSide missions
Like a Fiddle · Season Finale · Wrap Party · Aiding a Human · Scales of Justice
Citywide activities
Maggia Crimes · Hammerhead Crimes · Hardy's Stolen Art · Screwball Challenges · Hammerhead Fronts · Olympus Hideouts · Crime Scene Recordings"
https://marvels-spider-man.fandom.com/wiki/Long_Lost_Loot,Main,"NYPD's Detective Mackey contacts Spider-Man to come in Greenwich's PD. There he tells him that 20 years before Felicia Hardy there was ""another black cat"" who recently died in prison. Some of the items he stole were never found, and though there is a new lead that may help find them, the department do not want to deal with an old case. Spider-Man agrees to help and goes to Midtown.
While Peter swings to the place, Mackey tells him that Black Cat can be using special isotope americium-241 to locate his hideouts after prison and that this case is very important to him since he is going to retire soon and want to solve him as soon as possible. With that information Peter configures he's detector to search for traces of isotope and finds false power supply on the roof of Chrysler Building.
In the false power supply, Spider-Man finds a stolen painting, ""Freedom"". Mackey thanks Spider-Man and tells that he will send somebody to collect them and that the first Black Cat's name was Walter Hardy and gives him locations of other stolen paintings. Peter highlights that this seems to be a Hardy family trait.","""Freedom""
Reach the location on the waypoint to reach the building, then follow the compass to find the stolen painting. It is located in a fake power box on a balcony near the top of the building. Use  +  to open it and retrieve the painting ""Freedom"".
From this point, the Hardy's Stolen Art series of side missions is available, involving finding similar stolen art pieces around New York City and culminates in a final side mission. Shortly after the mission ends, a call from Mary Jane Watson opens up the next story mission, ""Like Old Times"". The Hardy's Stolen Art series can be completed any time, including right now to finish its side mission, if desired before moving onto the next story mission.
Missions in Marvel's Spider-ManMarvel's Spider-ManMain missionsAct 1
Clearing the Way · The Main Event · My OTHER Other Job · Keeping the Peace · Something Old, Something New · Fisk Hideout · Landmarking · For She's a Jolly Good Fellow · Don't Touch the Art · A Shocking Comeback · The Mask · Day to Remember · Harry's Passion Project · Financial Shock · Wheels within Wheels · Home Sweet Home · Stakeout · Couch Surfing · Straw, Meet Camel · And the Award Goes to...
Act 2
Dual Purpose · Hidden Agenda · A Fresh Start · Dinner Date · Up the Water Spout... · What's in the Box? · Back to School · Spider-Hack · Uninvited · Strong Connections · First Day · Collision Course · The One That Got Away · Breakthrough · Reflection · Out of the Frying Pan...
Act 3
...Into the Fire · Picking up the Trail · Streets of Poison · Supply Run · Heavy Hitter · Step Into My Parlor... · The Heart of the Matter · Pax in Bello
OtherSide missions
The Network is Down · Storming the Castle · Spider-Man P.I. · Spider-Men · Cat's Cradle · Helping Howard · Internet Famous · Tombstone: On the Move · Tombstone: What's He Building in There... · Tombstone: Let's Get Ready to... · College Buddies · Tick Tock · Over His Head · A Matter of Debate · Home Team Advantage · Snipe Hunt · Error: File Not Found
Citywide activities
Backpacks · Landmarks · Fisk Hideouts · Demon Warehouses · Sable Outposts · Prisoner Camps · Research Stations · Black Cat Stakeouts · Pigeons · Taskmaster Challenges · Crimes
The City That Never SleepsMain missions""The Heist""
The Maria · The Trouble with Arson · Long Lost Loot · Like Old Times · Something is Screwy · Trail of the Cat · Pursuing the Truth · Newsflash · Cover for the Cat · Follow the Money
""Turf Wars""
Blindsided · The Bar With No Name · Jury Rigging · Last Stand · Season Two · Lockup · Yuri's Revenge · Bring the Hammer Down
""Silver Lining""
Old Friends · Season 3 · Rio Bravo · Together But Alone · Humanitarian Aid · Trust Issues · Getting Deep · One Plus One Equals Win
OtherSide missions
Like a Fiddle · Season Finale · Wrap Party · Aiding a Human · Scales of Justice
Citywide activities
Maggia Crimes · Hammerhead Crimes · Hardy's Stolen Art · Screwball Challenges · Hammerhead Fronts · Olympus Hideouts · Crime Scene Recordings"
https://marvels-spider-man.fandom.com/wiki/Like_Old_Times,Main,"Peter arrives at the location and stops the gang war. Interrogating one of the thugs, Spider-Man discovers that that was a distraction for the police from one of the Cicero family's stores. At the store he finds claw marks and observation post and sees Black Cat sneaking into Cicero's hideout. He tries to stop her, but she leaves with a data drive and leaves him to the thugs of Cicero family.
After short battle, Spider-Man meets Black Cat at the roof nearby and asks why she's helping Hammerhead. She says that Hammerhead kidnapped her son and leaves Spider-Man in shock and with thoughts about his possible connection with the boy. Spider-Man chooses not to disclose this to Mary Jane Watson after calling her.","After reaching the location of the mission, a battle against the Maggia begins. Though the first group of enemies are standard enemies fought before where the usual tactics apply, eventually, a brute carrying a Gatling gun arrives.
Gatling gun brutes are much harder than typical brutes, as they cannot be webbed up as easily, and their gunfire can deal significant damage. Instead, there are two options: either using two Focus bars for a Takedown (the simplest path), or avoiding their attacks and throwing melee attacks until they fall. It may be easiest to fight other enemies to build Focus for a Takedown (or simply use Battle Focus), but this option is not always available, at which point melee attacks are the only way to go against these brutes since webs are largely ineffective.
Following the battle, a cutscene leads to the next portion of the mission. Follow the waypoint to reach Black Cat's stakeout gear. This is similar to the Black Cat Stakeouts from the main game; aiming the camera at the rooftop directly in front of where it is facing will find the mascot and lead to Black Cat. After following her there, a cutscene commences, and a battle against Maggia, including a Gatling gun brute, is fought.
When the battle is complete, a cutscene commences and ends the mission and opens the next, ""Something is Screwy"".
Missions in Marvel's Spider-ManMarvel's Spider-ManMain missionsAct 1
Clearing the Way · The Main Event · My OTHER Other Job · Keeping the Peace · Something Old, Something New · Fisk Hideout · Landmarking · For She's a Jolly Good Fellow · Don't Touch the Art · A Shocking Comeback · The Mask · Day to Remember · Harry's Passion Project · Financial Shock · Wheels within Wheels · Home Sweet Home · Stakeout · Couch Surfing · Straw, Meet Camel · And the Award Goes to...
Act 2
Dual Purpose · Hidden Agenda · A Fresh Start · Dinner Date · Up the Water Spout... · What's in the Box? · Back to School · Spider-Hack · Uninvited · Strong Connections · First Day · Collision Course · The One That Got Away · Breakthrough · Reflection · Out of the Frying Pan...
Act 3
...Into the Fire · Picking up the Trail · Streets of Poison · Supply Run · Heavy Hitter · Step Into My Parlor... · The Heart of the Matter · Pax in Bello
OtherSide missions
The Network is Down · Storming the Castle · Spider-Man P.I. · Spider-Men · Cat's Cradle · Helping Howard · Internet Famous · Tombstone: On the Move · Tombstone: What's He Building in There... · Tombstone: Let's Get Ready to... · College Buddies · Tick Tock · Over His Head · A Matter of Debate · Home Team Advantage · Snipe Hunt · Error: File Not Found
Citywide activities
Backpacks · Landmarks · Fisk Hideouts · Demon Warehouses · Sable Outposts · Prisoner Camps · Research Stations · Black Cat Stakeouts · Pigeons · Taskmaster Challenges · Crimes
The City That Never SleepsMain missions""The Heist""
The Maria · The Trouble with Arson · Long Lost Loot · Like Old Times · Something is Screwy · Trail of the Cat · Pursuing the Truth · Newsflash · Cover for the Cat · Follow the Money
""Turf Wars""
Blindsided · The Bar With No Name · Jury Rigging · Last Stand · Season Two · Lockup · Yuri's Revenge · Bring the Hammer Down
""Silver Lining""
Old Friends · Season 3 · Rio Bravo · Together But Alone · Humanitarian Aid · Trust Issues · Getting Deep · One Plus One Equals Win
OtherSide missions
Like a Fiddle · Season Finale · Wrap Party · Aiding a Human · Scales of Justice
Citywide activities
Maggia Crimes · Hammerhead Crimes · Hardy's Stolen Art · Screwball Challenges · Hammerhead Fronts · Olympus Hideouts · Crime Scene Recordings"
https://marvels-spider-man.fandom.com/wiki/Something_is_Screwy,Main,"After Spider-Man calls Mary Jane Watson about Black Cat stealing a data drive, Screwball calls him to tell him she is out of jail and is putting on a show in Midtown with the help of her fans (former convicts). Once Spider-Man defeats them, she infomrs him he will be the main star of her reality show. He declines, but she responds that her fans will hurt people around the city if he does, giving him no choice.","After heading to the location on the waypoint marker, a number of inmates are present. These are mostly standard enemies and there is the option to either use stealth or combat. In combat, Web Bombs and the Suspension Matrix are effective as is using the Concussive Blast to simply push them off buildings, and for stealth, using the yankable objects is helpful.
Once all are taken out, investigate the projector to lead to a short cutscene. The Screwball Challenges are then available all around the city for tokens. These are very similar to Taskmaster Challenges with new additions. The challenge here is the first of these new types: the EMP Challenge, which requires Spider-Man to follow a specific trail and use Web Shooters to disable them before moving to the next one on the trail, and do so quickly. In these challenges, photobombs are present on the way: you must navigate through (or in some challenges, defeat enemies in) these photobombs and then press  when the gauge is full for added points, necessary for the top scores.
After the mission ends, and after completing one citywide task (possibly the challenge here at the end of this mission), you can continue the main story when Mary Jane Watson calls leading to the next, ""Trail of the Cat"".
Missions in Marvel's Spider-ManMarvel's Spider-ManMain missionsAct 1
Clearing the Way · The Main Event · My OTHER Other Job · Keeping the Peace · Something Old, Something New · Fisk Hideout · Landmarking · For She's a Jolly Good Fellow · Don't Touch the Art · A Shocking Comeback · The Mask · Day to Remember · Harry's Passion Project · Financial Shock · Wheels within Wheels · Home Sweet Home · Stakeout · Couch Surfing · Straw, Meet Camel · And the Award Goes to...
Act 2
Dual Purpose · Hidden Agenda · A Fresh Start · Dinner Date · Up the Water Spout... · What's in the Box? · Back to School · Spider-Hack · Uninvited · Strong Connections · First Day · Collision Course · The One That Got Away · Breakthrough · Reflection · Out of the Frying Pan...
Act 3
...Into the Fire · Picking up the Trail · Streets of Poison · Supply Run · Heavy Hitter · Step Into My Parlor... · The Heart of the Matter · Pax in Bello
OtherSide missions
The Network is Down · Storming the Castle · Spider-Man P.I. · Spider-Men · Cat's Cradle · Helping Howard · Internet Famous · Tombstone: On the Move · Tombstone: What's He Building in There... · Tombstone: Let's Get Ready to... · College Buddies · Tick Tock · Over His Head · A Matter of Debate · Home Team Advantage · Snipe Hunt · Error: File Not Found
Citywide activities
Backpacks · Landmarks · Fisk Hideouts · Demon Warehouses · Sable Outposts · Prisoner Camps · Research Stations · Black Cat Stakeouts · Pigeons · Taskmaster Challenges · Crimes
The City That Never SleepsMain missions""The Heist""
The Maria · The Trouble with Arson · Long Lost Loot · Like Old Times · Something is Screwy · Trail of the Cat · Pursuing the Truth · Newsflash · Cover for the Cat · Follow the Money
""Turf Wars""
Blindsided · The Bar With No Name · Jury Rigging · Last Stand · Season Two · Lockup · Yuri's Revenge · Bring the Hammer Down
""Silver Lining""
Old Friends · Season 3 · Rio Bravo · Together But Alone · Humanitarian Aid · Trust Issues · Getting Deep · One Plus One Equals Win
OtherSide missions
Like a Fiddle · Season Finale · Wrap Party · Aiding a Human · Scales of Justice
Citywide activities
Maggia Crimes · Hammerhead Crimes · Hardy's Stolen Art · Screwball Challenges · Hammerhead Fronts · Olympus Hideouts · Crime Scene Recordings"
https://marvels-spider-man.fandom.com/wiki/Trail_of_the_Cat,Main,"Spider-Man investigates the location in Greenwich that Mary Jane mentioned. There, he sees a police blockade and an injured security guard. At the crime scene, he finds volume two of a book, which he deduces does not contain a Maggia flash drive, and near a Macchio crime family pawnshop, puts together a trail that leads him to ""Vito"", a man from the Macchio family who appears to have been taken out by Black Cat.
The trail continues to an area overlooking Hammerhead thugs, as Spider-Man sees that the book Black Cat gave them did not contain the flash drive. Black Cat told the thug she gave it to that she wanted to deliver the drive to Hammerhead herself, leading the other thugs to beat execute him for believing her and not following orders, at which point Spider-Man interrupts them. He then gives the book to the police, having not retrieved the drive.
With this, only one drive with data on the Maggia families remains before Black Cat has the drives on all the Maggia families. Spider-Man calls Mary Jane and informs her of this, and the fact that Black Cat is working for Hammerhead as he has her son. The conversation ends awkwardly when Spider-Man admits to her that if Black Cat does have a son, he could be the father.","Around the crime scene, investigate the book and the spilled liquid near the pawnshop. After completing the puzzle here, follow the trail leads to a member of the Macchio crime family, and a battle begins against Maggia thugs. The battle is fairly straightforward, and once beat, continue the trail. This leads to another battle against Maggia, with brutes participating also. The Impact Web here is effective at webbing enemies to walls.
Once complete, after a call with Mary Jane ends the mission, you are free to patrol New York City and complete tasks (such as crimes, Screwball Challenges, or Hardy's Stolen Art), before she calls Spider-Man again for the next mission, ""Pursuing the Truth"".
Missions in Marvel's Spider-ManMarvel's Spider-ManMain missionsAct 1
Clearing the Way · The Main Event · My OTHER Other Job · Keeping the Peace · Something Old, Something New · Fisk Hideout · Landmarking · For She's a Jolly Good Fellow · Don't Touch the Art · A Shocking Comeback · The Mask · Day to Remember · Harry's Passion Project · Financial Shock · Wheels within Wheels · Home Sweet Home · Stakeout · Couch Surfing · Straw, Meet Camel · And the Award Goes to...
Act 2
Dual Purpose · Hidden Agenda · A Fresh Start · Dinner Date · Up the Water Spout... · What's in the Box? · Back to School · Spider-Hack · Uninvited · Strong Connections · First Day · Collision Course · The One That Got Away · Breakthrough · Reflection · Out of the Frying Pan...
Act 3
...Into the Fire · Picking up the Trail · Streets of Poison · Supply Run · Heavy Hitter · Step Into My Parlor... · The Heart of the Matter · Pax in Bello
OtherSide missions
The Network is Down · Storming the Castle · Spider-Man P.I. · Spider-Men · Cat's Cradle · Helping Howard · Internet Famous · Tombstone: On the Move · Tombstone: What's He Building in There... · Tombstone: Let's Get Ready to... · College Buddies · Tick Tock · Over His Head · A Matter of Debate · Home Team Advantage · Snipe Hunt · Error: File Not Found
Citywide activities
Backpacks · Landmarks · Fisk Hideouts · Demon Warehouses · Sable Outposts · Prisoner Camps · Research Stations · Black Cat Stakeouts · Pigeons · Taskmaster Challenges · Crimes
The City That Never SleepsMain missions""The Heist""
The Maria · The Trouble with Arson · Long Lost Loot · Like Old Times · Something is Screwy · Trail of the Cat · Pursuing the Truth · Newsflash · Cover for the Cat · Follow the Money
""Turf Wars""
Blindsided · The Bar With No Name · Jury Rigging · Last Stand · Season Two · Lockup · Yuri's Revenge · Bring the Hammer Down
""Silver Lining""
Old Friends · Season 3 · Rio Bravo · Together But Alone · Humanitarian Aid · Trust Issues · Getting Deep · One Plus One Equals Win
OtherSide missions
Like a Fiddle · Season Finale · Wrap Party · Aiding a Human · Scales of Justice
Citywide activities
Maggia Crimes · Hammerhead Crimes · Hardy's Stolen Art · Screwball Challenges · Hammerhead Fronts · Olympus Hideouts · Crime Scene Recordings"
https://marvels-spider-man.fandom.com/wiki/Pursuing_the_Truth,Main,"Mary Jane gives Spider-Man the address of the Costa family safe and likely location of the final drive. She tells Spider-Man she forgives him in case he did have a son with Black Cat, and quickly changes the subject to the Maggia drives. She tells him that years ago, the families agreed to a joint accounting databse to keep the peace but require all five data drives to access it, and that Hammerhead wants to steal these assets from other families and bankrupt them.
At the address, Spider-Man finds Black Cat having already taken the drive. Black Cat throws an EMP grenade disabling Spider-Man's webs and runs throughout the city. Spider-Man chases her, trying to convince her to trust him, but she continues to flee through the subway and then through the city.
Spider-Man reaches her and urges her not to give Hammerhead the drives as it would make Hammerhead too dangerous. The two agree to work together, stalling Hammerhead while they look for Black Cat's son separately. She refuses to answer when he asks if her son is his. Spider-Man then calls Mary Jane to give her the update, and Mary Jane warns against trusting her but agrees to help find Hammerhead. Exhausted, Spider-Man calls Eddie's Pizza for a pizza. On the way, Miles Morales calls Spider-Man to ask about possibly training him.","The mission is a chase against Black Cat, with no webs initially. Instead, simply run forward holding  to chase her and run over the objects on the way. The chase is scripted until an  prompt leads to the a brief cutscene and the next part of the chase.
When the chase continues, Spider-Man's webs return as he chases her through the subway. Using Point Launches will help reach the train, though it is important to avoid the electricity on the way. After getting through, the next section requires swinging around the city. Upon closing in on her, use  to web and slow her down. When Spider-Man mentions he can get close, reach her and use the  prompt to end the mission.
Thereafter, citywide activities, crimes, Screwball Challenges, or Hardy's Stolen Art can be complete before the next mission, ""Newsflash"", is available.
Missions in Marvel's Spider-ManMarvel's Spider-ManMain missionsAct 1
Clearing the Way · The Main Event · My OTHER Other Job · Keeping the Peace · Something Old, Something New · Fisk Hideout · Landmarking · For She's a Jolly Good Fellow · Don't Touch the Art · A Shocking Comeback · The Mask · Day to Remember · Harry's Passion Project · Financial Shock · Wheels within Wheels · Home Sweet Home · Stakeout · Couch Surfing · Straw, Meet Camel · And the Award Goes to...
Act 2
Dual Purpose · Hidden Agenda · A Fresh Start · Dinner Date · Up the Water Spout... · What's in the Box? · Back to School · Spider-Hack · Uninvited · Strong Connections · First Day · Collision Course · The One That Got Away · Breakthrough · Reflection · Out of the Frying Pan...
Act 3
...Into the Fire · Picking up the Trail · Streets of Poison · Supply Run · Heavy Hitter · Step Into My Parlor... · The Heart of the Matter · Pax in Bello
OtherSide missions
The Network is Down · Storming the Castle · Spider-Man P.I. · Spider-Men · Cat's Cradle · Helping Howard · Internet Famous · Tombstone: On the Move · Tombstone: What's He Building in There... · Tombstone: Let's Get Ready to... · College Buddies · Tick Tock · Over His Head · A Matter of Debate · Home Team Advantage · Snipe Hunt · Error: File Not Found
Citywide activities
Backpacks · Landmarks · Fisk Hideouts · Demon Warehouses · Sable Outposts · Prisoner Camps · Research Stations · Black Cat Stakeouts · Pigeons · Taskmaster Challenges · Crimes
The City That Never SleepsMain missions""The Heist""
The Maria · The Trouble with Arson · Long Lost Loot · Like Old Times · Something is Screwy · Trail of the Cat · Pursuing the Truth · Newsflash · Cover for the Cat · Follow the Money
""Turf Wars""
Blindsided · The Bar With No Name · Jury Rigging · Last Stand · Season Two · Lockup · Yuri's Revenge · Bring the Hammer Down
""Silver Lining""
Old Friends · Season 3 · Rio Bravo · Together But Alone · Humanitarian Aid · Trust Issues · Getting Deep · One Plus One Equals Win
OtherSide missions
Like a Fiddle · Season Finale · Wrap Party · Aiding a Human · Scales of Justice
Citywide activities
Maggia Crimes · Hammerhead Crimes · Hardy's Stolen Art · Screwball Challenges · Hammerhead Fronts · Olympus Hideouts · Crime Scene Recordings"
https://marvels-spider-man.fandom.com/wiki/Newsflash,Main,"Spider-Man stops by Eddie's Pizza for dinner. Mary Jane calls him when she is at the compound, and Spider-Man promises to be there shortly when he is finished eating. When she infiltrates, she finds no sign of a child, but does find counterfeit money and an unguarded laptop with a shipping manifest. She hears them talk about the Costa family and that the Maggia are trying to diffuse the situation, but leaves.","This is a typical Mary Jane stealth mission from the main story, though lures and stun gun are available to take out guards. On the way, Mary Jane must take photos of evidence. The first are of a pile of counterfeit bills, then a pile of bags of counterfeit money, and finally two men near a laptop. After this, a brief cutscene commences.
The rest of the mission simply requires escaping. Not all the guards need to be defeated, but the stun gun makes it relatively easy to do so. Avoid the boxes and flee on the left side of the track at the exit to complete the mission. After this, Black Cat calls Spider-Man, leading to ""Cover for the Cat"".
Missions in Marvel's Spider-ManMarvel's Spider-ManMain missionsAct 1
Clearing the Way · The Main Event · My OTHER Other Job · Keeping the Peace · Something Old, Something New · Fisk Hideout · Landmarking · For She's a Jolly Good Fellow · Don't Touch the Art · A Shocking Comeback · The Mask · Day to Remember · Harry's Passion Project · Financial Shock · Wheels within Wheels · Home Sweet Home · Stakeout · Couch Surfing · Straw, Meet Camel · And the Award Goes to...
Act 2
Dual Purpose · Hidden Agenda · A Fresh Start · Dinner Date · Up the Water Spout... · What's in the Box? · Back to School · Spider-Hack · Uninvited · Strong Connections · First Day · Collision Course · The One That Got Away · Breakthrough · Reflection · Out of the Frying Pan...
Act 3
...Into the Fire · Picking up the Trail · Streets of Poison · Supply Run · Heavy Hitter · Step Into My Parlor... · The Heart of the Matter · Pax in Bello
OtherSide missions
The Network is Down · Storming the Castle · Spider-Man P.I. · Spider-Men · Cat's Cradle · Helping Howard · Internet Famous · Tombstone: On the Move · Tombstone: What's He Building in There... · Tombstone: Let's Get Ready to... · College Buddies · Tick Tock · Over His Head · A Matter of Debate · Home Team Advantage · Snipe Hunt · Error: File Not Found
Citywide activities
Backpacks · Landmarks · Fisk Hideouts · Demon Warehouses · Sable Outposts · Prisoner Camps · Research Stations · Black Cat Stakeouts · Pigeons · Taskmaster Challenges · Crimes
The City That Never SleepsMain missions""The Heist""
The Maria · The Trouble with Arson · Long Lost Loot · Like Old Times · Something is Screwy · Trail of the Cat · Pursuing the Truth · Newsflash · Cover for the Cat · Follow the Money
""Turf Wars""
Blindsided · The Bar With No Name · Jury Rigging · Last Stand · Season Two · Lockup · Yuri's Revenge · Bring the Hammer Down
""Silver Lining""
Old Friends · Season 3 · Rio Bravo · Together But Alone · Humanitarian Aid · Trust Issues · Getting Deep · One Plus One Equals Win
OtherSide missions
Like a Fiddle · Season Finale · Wrap Party · Aiding a Human · Scales of Justice
Citywide activities
Maggia Crimes · Hammerhead Crimes · Hardy's Stolen Art · Screwball Challenges · Hammerhead Fronts · Olympus Hideouts · Crime Scene Recordings"
https://marvels-spider-man.fandom.com/wiki/Cover_for_the_Cat,Main,"Black Cat calls Spider-Man giving him a location, then hangs up before he can inquire more. Once there, she asks him to create a distraction, saying that a tip from an old friend told her that Hammerhead was keeping something valuable in the office above the bar, and that her son would be killed if she was seen there. Spider-Man draws the thugs out so she can sneak in.
After the two join forces, Black Cat reveals she has narrowed down the location of the vault where he son is being kept. When Spider-Man asks her if he is the father, she flirts with him instead and laments she was unable to give up thieving, before leaving and promising to call him if she needs help accessing the vault. Mary Jane Watson calls Spider-Man to tell him she is still decrypting the files on the laptop, and Spider-Man updates her. Meanwhile, Miles Morales updates Spider-Man, telling him he is playing basketball, and Spider-Man encourages him to keep his play believable, and promises to think about training Miles.","This is primarily a combat mission, though after reaching the entrance Black Cat points to, stealth can be used to thin out the number of guards. The battle is relatively lengthy, and later into the mission, brutes, and Gatling gun brutes appear. When the Gatling gun brutes appear, Black Cat will also join the battle, helping fight the smaller thugs.
Web Bombs and Impact Webs are useful against the other brutes when used in enclosed spaces. The Suspension Matrix can be used both for the Web Bomb combo and for putting a few thugs out of commission while focusing down the larger brutes.
After this, citywide activities must be done before the next and final mission, ""Follow the Money"", is complete, at which point Mary Jane calls Spider-Man when she has decryped the laptop.
Missions in Marvel's Spider-ManMarvel's Spider-ManMain missionsAct 1
Clearing the Way · The Main Event · My OTHER Other Job · Keeping the Peace · Something Old, Something New · Fisk Hideout · Landmarking · For She's a Jolly Good Fellow · Don't Touch the Art · A Shocking Comeback · The Mask · Day to Remember · Harry's Passion Project · Financial Shock · Wheels within Wheels · Home Sweet Home · Stakeout · Couch Surfing · Straw, Meet Camel · And the Award Goes to...
Act 2
Dual Purpose · Hidden Agenda · A Fresh Start · Dinner Date · Up the Water Spout... · What's in the Box? · Back to School · Spider-Hack · Uninvited · Strong Connections · First Day · Collision Course · The One That Got Away · Breakthrough · Reflection · Out of the Frying Pan...
Act 3
...Into the Fire · Picking up the Trail · Streets of Poison · Supply Run · Heavy Hitter · Step Into My Parlor... · The Heart of the Matter · Pax in Bello
OtherSide missions
The Network is Down · Storming the Castle · Spider-Man P.I. · Spider-Men · Cat's Cradle · Helping Howard · Internet Famous · Tombstone: On the Move · Tombstone: What's He Building in There... · Tombstone: Let's Get Ready to... · College Buddies · Tick Tock · Over His Head · A Matter of Debate · Home Team Advantage · Snipe Hunt · Error: File Not Found
Citywide activities
Backpacks · Landmarks · Fisk Hideouts · Demon Warehouses · Sable Outposts · Prisoner Camps · Research Stations · Black Cat Stakeouts · Pigeons · Taskmaster Challenges · Crimes
The City That Never SleepsMain missions""The Heist""
The Maria · The Trouble with Arson · Long Lost Loot · Like Old Times · Something is Screwy · Trail of the Cat · Pursuing the Truth · Newsflash · Cover for the Cat · Follow the Money
""Turf Wars""
Blindsided · The Bar With No Name · Jury Rigging · Last Stand · Season Two · Lockup · Yuri's Revenge · Bring the Hammer Down
""Silver Lining""
Old Friends · Season 3 · Rio Bravo · Together But Alone · Humanitarian Aid · Trust Issues · Getting Deep · One Plus One Equals Win
OtherSide missions
Like a Fiddle · Season Finale · Wrap Party · Aiding a Human · Scales of Justice
Citywide activities
Maggia Crimes · Hammerhead Crimes · Hardy's Stolen Art · Screwball Challenges · Hammerhead Fronts · Olympus Hideouts · Crime Scene Recordings"
https://marvels-spider-man.fandom.com/wiki/Follow_the_Money,Main,"Mary Jane Watson calls Spider-Man and lets him know she has finished decrypting the laptop, and located a record of Hammerhead's vault near Hell's Kitchen. Spider-Man calls Black Cat to give her the address of the vault, and the two meet up there and take out the Hammerhead guards. Once cleared out, Spider-Man opens the shipping containers and finds that Hammerhead has Sable International weapons.
After battling them, Spider-Man enters the vault only to be trapped in there by Black Cat, as she reveals she never had a son but rather just wanted to take Hammerhead's USB drive. Because she gave Hammerhead fake drives, she now has the wealth of all Maggia families.
As Black Cat as she leaves Spider-Man trapped there, he learns that Hammerhead has a tracker on the drive and has Black Cat's penthouse rigged to blow, no longer caring about the drives and focusing on killing her. Spider-Man tries to save her, though she blows him off when he calls her. Seeing her penthouse explode with her seemingly there, Black Cat is presumed dead. Later, Peter Parker gives Mary Jane Watson an update, suspecting Black Cat may have survived, and Mary Jane tells him he will be a great dad one day.","The mission begins with a required stealth segment. In addition to the usual Perch Takedown and Web Strike Takedown movements, Spider-Man can also use  to call for a Black Cat Takedown to have Black Cat take out a guard she is targeting when she is close enough.
Black Cat Takedown comes in handy in a few situations when taking out two guards at once; if one guard is watching another one, taking out one while calling Black Cat to take out the other is an effective strategy. Otherwise, strategies are similar to usual stealth segments; distract guards to separate them, and then take them down.
Once the guards are taken out, after a cutscene, open several containers continue the mission. Hammerhead guards then arrive for a combat segment, using stronger weapons. Web Bomb, Suspension Matrix, and Spider-Drones can be used, and it is important to disarm the Hammerhead thugs of their more powerful weapons, especially when rocket launcher guards arrive. Finishers should be saved up for when battling the Gatling gun brutes.
After the combat segment, head into the vault for a brief cutscene. This follows a segment in which Spider-Man must swing to her penthouse. Reaching it leads to a cutscene and closes out the mission.
With the mission complete, it is now possible to complete all side missions from ""The Heist"". The story is continued in ""Turf Wars"", with its first mission being ""Blindsided"".
Missions in Marvel's Spider-ManMarvel's Spider-ManMain missionsAct 1
Clearing the Way · The Main Event · My OTHER Other Job · Keeping the Peace · Something Old, Something New · Fisk Hideout · Landmarking · For She's a Jolly Good Fellow · Don't Touch the Art · A Shocking Comeback · The Mask · Day to Remember · Harry's Passion Project · Financial Shock · Wheels within Wheels · Home Sweet Home · Stakeout · Couch Surfing · Straw, Meet Camel · And the Award Goes to...
Act 2
Dual Purpose · Hidden Agenda · A Fresh Start · Dinner Date · Up the Water Spout... · What's in the Box? · Back to School · Spider-Hack · Uninvited · Strong Connections · First Day · Collision Course · The One That Got Away · Breakthrough · Reflection · Out of the Frying Pan...
Act 3
...Into the Fire · Picking up the Trail · Streets of Poison · Supply Run · Heavy Hitter · Step Into My Parlor... · The Heart of the Matter · Pax in Bello
OtherSide missions
The Network is Down · Storming the Castle · Spider-Man P.I. · Spider-Men · Cat's Cradle · Helping Howard · Internet Famous · Tombstone: On the Move · Tombstone: What's He Building in There... · Tombstone: Let's Get Ready to... · College Buddies · Tick Tock · Over His Head · A Matter of Debate · Home Team Advantage · Snipe Hunt · Error: File Not Found
Citywide activities
Backpacks · Landmarks · Fisk Hideouts · Demon Warehouses · Sable Outposts · Prisoner Camps · Research Stations · Black Cat Stakeouts · Pigeons · Taskmaster Challenges · Crimes
The City That Never SleepsMain missions""The Heist""
The Maria · The Trouble with Arson · Long Lost Loot · Like Old Times · Something is Screwy · Trail of the Cat · Pursuing the Truth · Newsflash · Cover for the Cat · Follow the Money
""Turf Wars""
Blindsided · The Bar With No Name · Jury Rigging · Last Stand · Season Two · Lockup · Yuri's Revenge · Bring the Hammer Down
""Silver Lining""
Old Friends · Season 3 · Rio Bravo · Together But Alone · Humanitarian Aid · Trust Issues · Getting Deep · One Plus One Equals Win
OtherSide missions
Like a Fiddle · Season Finale · Wrap Party · Aiding a Human · Scales of Justice
Citywide activities
Maggia Crimes · Hammerhead Crimes · Hardy's Stolen Art · Screwball Challenges · Hammerhead Fronts · Olympus Hideouts · Crime Scene Recordings"
https://marvels-spider-man.fandom.com/wiki/The_Bar_With_No_Name,Main,"At the Bar with No Name, Spider-Man agrees not to battle due to how difficult his last battle there was, choosing instead to send in his Spider-Bot. Inside, by overhearing conversations, Spider-Man learns that Hammerhead is augmenting himself, attempting to take out the Maggia dons ton control the Maggia. After reaching Vinny and Gino inside, Spider-Bot learns they are at the Aurebach Theater and calls Mary Jane Watson to give her information on Maggia fronts.","As Spider-Bot, avoid any of the guards at all costs. After descending the initial staircase, use a ramp on the left to head to the railing above the main room, and the EMP with  will stop the fans and allow entrance.
Inside the bar, reach certain tables and match their wavelength to hear their conversation and move on. Past the first table, head to the kitchen behind the bar, and follow it to the bar counter below to reach the main floor of the bar. Next, move to the tables next to two groups of highlighted guards and listen in while beneath the tables. Another group can be listened to when beneath the pool table.
Following this conversation, use EMP next to an outlet near the pinball machines to shut the lights down. When Dino opens the door to the back, head to the back room and use the ramps to get up to the map and take a picture. Heading through the bathroom and through a vent leads to Vinny and Gino.
In Vinny and Gino's room, the Spider-Bot must distract them to pull them away from the table with the maps. To do this, the first can be distracted by disabling an outlet on the floor, while the second can be distracted by disabling an outlet found by climbing the ramp near the table to get up. Once up here, the Spider-Bot can take a picture of the map on the table.
With the mission complete, Maggia Fronts are available to complete at any time, though the mission ""Jury Rigging"" is also available to start immediately.
Missions in Marvel's Spider-ManMarvel's Spider-ManMain missionsAct 1
Clearing the Way · The Main Event · My OTHER Other Job · Keeping the Peace · Something Old, Something New · Fisk Hideout · Landmarking · For She's a Jolly Good Fellow · Don't Touch the Art · A Shocking Comeback · The Mask · Day to Remember · Harry's Passion Project · Financial Shock · Wheels within Wheels · Home Sweet Home · Stakeout · Couch Surfing · Straw, Meet Camel · And the Award Goes to...
Act 2
Dual Purpose · Hidden Agenda · A Fresh Start · Dinner Date · Up the Water Spout... · What's in the Box? · Back to School · Spider-Hack · Uninvited · Strong Connections · First Day · Collision Course · The One That Got Away · Breakthrough · Reflection · Out of the Frying Pan...
Act 3
...Into the Fire · Picking up the Trail · Streets of Poison · Supply Run · Heavy Hitter · Step Into My Parlor... · The Heart of the Matter · Pax in Bello
OtherSide missions
The Network is Down · Storming the Castle · Spider-Man P.I. · Spider-Men · Cat's Cradle · Helping Howard · Internet Famous · Tombstone: On the Move · Tombstone: What's He Building in There... · Tombstone: Let's Get Ready to... · College Buddies · Tick Tock · Over His Head · A Matter of Debate · Home Team Advantage · Snipe Hunt · Error: File Not Found
Citywide activities
Backpacks · Landmarks · Fisk Hideouts · Demon Warehouses · Sable Outposts · Prisoner Camps · Research Stations · Black Cat Stakeouts · Pigeons · Taskmaster Challenges · Crimes
The City That Never SleepsMain missions""The Heist""
The Maria · The Trouble with Arson · Long Lost Loot · Like Old Times · Something is Screwy · Trail of the Cat · Pursuing the Truth · Newsflash · Cover for the Cat · Follow the Money
""Turf Wars""
Blindsided · The Bar With No Name · Jury Rigging · Last Stand · Season Two · Lockup · Yuri's Revenge · Bring the Hammer Down
""Silver Lining""
Old Friends · Season 3 · Rio Bravo · Together But Alone · Humanitarian Aid · Trust Issues · Getting Deep · One Plus One Equals Win
OtherSide missions
Like a Fiddle · Season Finale · Wrap Party · Aiding a Human · Scales of Justice
Citywide activities
Maggia Crimes · Hammerhead Crimes · Hardy's Stolen Art · Screwball Challenges · Hammerhead Fronts · Olympus Hideouts · Crime Scene Recordings"
https://marvels-spider-man.fandom.com/wiki/Jury_Rigging,Main,"When Spider-Man arrives at the dispatch, he finds the police debating if they should call for backup due to how short the drive is, but chooses to follow along closely. The police remain doubtful that anything will happen, until they are attacked along the way. Spider-Man saves the witness and defeats the thugs.","Following the vehicle for a little, several Hammerhead thugs block the road, including a few with guns, brutes, and some with shields. Saving Focus against the jetpack thugs is best as they are most difficult to defeat, while the normal thugs and brutes are defeated easily with gadgets.
When the mission is complete, Yuriko Watanabe calls Spider-Man and the next mission, ""Last Stand"", is available. Additionally, new crimes are available around the city including crimes similar to this where Spider-Man must follow a witness' car before battling thugs near the end.
Missions in Marvel's Spider-ManMarvel's Spider-ManMain missionsAct 1
Clearing the Way · The Main Event · My OTHER Other Job · Keeping the Peace · Something Old, Something New · Fisk Hideout · Landmarking · For She's a Jolly Good Fellow · Don't Touch the Art · A Shocking Comeback · The Mask · Day to Remember · Harry's Passion Project · Financial Shock · Wheels within Wheels · Home Sweet Home · Stakeout · Couch Surfing · Straw, Meet Camel · And the Award Goes to...
Act 2
Dual Purpose · Hidden Agenda · A Fresh Start · Dinner Date · Up the Water Spout... · What's in the Box? · Back to School · Spider-Hack · Uninvited · Strong Connections · First Day · Collision Course · The One That Got Away · Breakthrough · Reflection · Out of the Frying Pan...
Act 3
...Into the Fire · Picking up the Trail · Streets of Poison · Supply Run · Heavy Hitter · Step Into My Parlor... · The Heart of the Matter · Pax in Bello
OtherSide missions
The Network is Down · Storming the Castle · Spider-Man P.I. · Spider-Men · Cat's Cradle · Helping Howard · Internet Famous · Tombstone: On the Move · Tombstone: What's He Building in There... · Tombstone: Let's Get Ready to... · College Buddies · Tick Tock · Over His Head · A Matter of Debate · Home Team Advantage · Snipe Hunt · Error: File Not Found
Citywide activities
Backpacks · Landmarks · Fisk Hideouts · Demon Warehouses · Sable Outposts · Prisoner Camps · Research Stations · Black Cat Stakeouts · Pigeons · Taskmaster Challenges · Crimes
The City That Never SleepsMain missions""The Heist""
The Maria · The Trouble with Arson · Long Lost Loot · Like Old Times · Something is Screwy · Trail of the Cat · Pursuing the Truth · Newsflash · Cover for the Cat · Follow the Money
""Turf Wars""
Blindsided · The Bar With No Name · Jury Rigging · Last Stand · Season Two · Lockup · Yuri's Revenge · Bring the Hammer Down
""Silver Lining""
Old Friends · Season 3 · Rio Bravo · Together But Alone · Humanitarian Aid · Trust Issues · Getting Deep · One Plus One Equals Win
OtherSide missions
Like a Fiddle · Season Finale · Wrap Party · Aiding a Human · Scales of Justice
Citywide activities
Maggia Crimes · Hammerhead Crimes · Hardy's Stolen Art · Screwball Challenges · Hammerhead Fronts · Olympus Hideouts · Crime Scene Recordings"
https://marvels-spider-man.fandom.com/wiki/Last_Stand,Main,"Yuriko Watanabe calls Spider-Man for an update, after she has finished calling her men's families. Spider-Man informs her of the lead and heads to the theater where the dons are safe. When there, he finds that Hammerhead is using new Sable International tech that is capable of burrowing underground and sees that the theater is under attack.
After defeating them and diffusing bombs nearby, he finds that the dons have already been kidnapped by the burrowing devices, and calls Yuri. Yuri sounds distressed and disappointed, and promises to end her break to find Hammerhead.","The mission opens with a battle outside the theater. As groups of guards are defeated, new ones appear from the ground arriving through the burrowing devices, and later thugs are found on the rooftops. Take out the rocket launcher thugs before diffusing the bombs, which can be done simply by web throwing, as there is plenty of time for this.
Once all are defused, zip through the vent to head inside, for a brief cutscene that ends the mission. A call from Screwball opens the next mission, ""Season Two"".
Missions in Marvel's Spider-ManMarvel's Spider-ManMain missionsAct 1
Clearing the Way · The Main Event · My OTHER Other Job · Keeping the Peace · Something Old, Something New · Fisk Hideout · Landmarking · For She's a Jolly Good Fellow · Don't Touch the Art · A Shocking Comeback · The Mask · Day to Remember · Harry's Passion Project · Financial Shock · Wheels within Wheels · Home Sweet Home · Stakeout · Couch Surfing · Straw, Meet Camel · And the Award Goes to...
Act 2
Dual Purpose · Hidden Agenda · A Fresh Start · Dinner Date · Up the Water Spout... · What's in the Box? · Back to School · Spider-Hack · Uninvited · Strong Connections · First Day · Collision Course · The One That Got Away · Breakthrough · Reflection · Out of the Frying Pan...
Act 3
...Into the Fire · Picking up the Trail · Streets of Poison · Supply Run · Heavy Hitter · Step Into My Parlor... · The Heart of the Matter · Pax in Bello
OtherSide missions
The Network is Down · Storming the Castle · Spider-Man P.I. · Spider-Men · Cat's Cradle · Helping Howard · Internet Famous · Tombstone: On the Move · Tombstone: What's He Building in There... · Tombstone: Let's Get Ready to... · College Buddies · Tick Tock · Over His Head · A Matter of Debate · Home Team Advantage · Snipe Hunt · Error: File Not Found
Citywide activities
Backpacks · Landmarks · Fisk Hideouts · Demon Warehouses · Sable Outposts · Prisoner Camps · Research Stations · Black Cat Stakeouts · Pigeons · Taskmaster Challenges · Crimes
The City That Never SleepsMain missions""The Heist""
The Maria · The Trouble with Arson · Long Lost Loot · Like Old Times · Something is Screwy · Trail of the Cat · Pursuing the Truth · Newsflash · Cover for the Cat · Follow the Money
""Turf Wars""
Blindsided · The Bar With No Name · Jury Rigging · Last Stand · Season Two · Lockup · Yuri's Revenge · Bring the Hammer Down
""Silver Lining""
Old Friends · Season 3 · Rio Bravo · Together But Alone · Humanitarian Aid · Trust Issues · Getting Deep · One Plus One Equals Win
OtherSide missions
Like a Fiddle · Season Finale · Wrap Party · Aiding a Human · Scales of Justice
Citywide activities
Maggia Crimes · Hammerhead Crimes · Hardy's Stolen Art · Screwball Challenges · Hammerhead Fronts · Olympus Hideouts · Crime Scene Recordings"
https://marvels-spider-man.fandom.com/wiki/Season_Two,Main,"After taking Screwball's call, Spider-Man initially blows her off but entertains her eventually. When he arrives for the challenge, he jokes that he is in talks with a competing subscription service, but she responds that her fans will leave behind angry flash mobs.","Reaching the stream relay will unlock the challenges. Any challenge can be complete to finish the mission, but the challenge that the mission waypoint leads to is a stealth challenge where the objective is to defeat all enemies as quickly as possible without alerting the enemies. Use of gadgets, Web Strike Takedowns, and Perch Takedowns is required, but in Screwball's stealth challenges, it is important to defeat enemies in the Photobomb areas for additional points.
Once a challenge is complete to finish the mission, Yuriko Watanabe calls Spider-Man for the next mission, ""Lockup"". Screwball Challenges can also be completed any time for tokens.
Missions in Marvel's Spider-ManMarvel's Spider-ManMain missionsAct 1
Clearing the Way · The Main Event · My OTHER Other Job · Keeping the Peace · Something Old, Something New · Fisk Hideout · Landmarking · For She's a Jolly Good Fellow · Don't Touch the Art · A Shocking Comeback · The Mask · Day to Remember · Harry's Passion Project · Financial Shock · Wheels within Wheels · Home Sweet Home · Stakeout · Couch Surfing · Straw, Meet Camel · And the Award Goes to...
Act 2
Dual Purpose · Hidden Agenda · A Fresh Start · Dinner Date · Up the Water Spout... · What's in the Box? · Back to School · Spider-Hack · Uninvited · Strong Connections · First Day · Collision Course · The One That Got Away · Breakthrough · Reflection · Out of the Frying Pan...
Act 3
...Into the Fire · Picking up the Trail · Streets of Poison · Supply Run · Heavy Hitter · Step Into My Parlor... · The Heart of the Matter · Pax in Bello
OtherSide missions
The Network is Down · Storming the Castle · Spider-Man P.I. · Spider-Men · Cat's Cradle · Helping Howard · Internet Famous · Tombstone: On the Move · Tombstone: What's He Building in There... · Tombstone: Let's Get Ready to... · College Buddies · Tick Tock · Over His Head · A Matter of Debate · Home Team Advantage · Snipe Hunt · Error: File Not Found
Citywide activities
Backpacks · Landmarks · Fisk Hideouts · Demon Warehouses · Sable Outposts · Prisoner Camps · Research Stations · Black Cat Stakeouts · Pigeons · Taskmaster Challenges · Crimes
The City That Never SleepsMain missions""The Heist""
The Maria · The Trouble with Arson · Long Lost Loot · Like Old Times · Something is Screwy · Trail of the Cat · Pursuing the Truth · Newsflash · Cover for the Cat · Follow the Money
""Turf Wars""
Blindsided · The Bar With No Name · Jury Rigging · Last Stand · Season Two · Lockup · Yuri's Revenge · Bring the Hammer Down
""Silver Lining""
Old Friends · Season 3 · Rio Bravo · Together But Alone · Humanitarian Aid · Trust Issues · Getting Deep · One Plus One Equals Win
OtherSide missions
Like a Fiddle · Season Finale · Wrap Party · Aiding a Human · Scales of Justice
Citywide activities
Maggia Crimes · Hammerhead Crimes · Hardy's Stolen Art · Screwball Challenges · Hammerhead Fronts · Olympus Hideouts · Crime Scene Recordings"
https://marvels-spider-man.fandom.com/wiki/Lockup,Main,"Yuri calls Spider-Man to ask for help with her plan: split the Sable technology around New York City, giving Hammerhead multiple targets to force him to thin his men out. She asks Spider-Man to protect the gear transports, which he agrees, sensing the fear and urgency in Yuri's voice.
Spider-Man protects a convoy from rooftop snipers, and then from burrowing tanks. After protecting the first convoy, a second is then under attack. Spider-Man stops them, but Yuri tells Spider-Man that Hammerhead was luring Spider-Man away, and beckons him back to the precinct. Once there, Spider-Man finds the place suffering heavy damage from an attack. Yuri now seems uninterested in Spider-Man's help, threatening to arrest him if he does not stay out of her way.","The mission begins similarly to escort crimes: follow the truck transport (you can simply stand on top of it) until Hammerhead snipers are spotted atop buildings. Take out the first group, and as the convoy proceeds, a larger, second group of snipers is then found.
When the truck arrives in Central Park, a larger group of Hammerhead thugs is fought from burrowers. In the small enclosed space of Central Park's tunnel, web gadgets can be very effective, though when some appear above the tunnel, melee combat may be the better choice.
After this is cleared, a convoy across the city is also attacked. Upon reaching it, attempt to use a stealth takedown on one of the Gatling gun brutes as these are the most challenging to take out, then proceed with the fight as normal. After they are defeated, groups take some of the trucks, which can be chased down and stopped in a manner similar to car crimes.
Once they are stopped, Spider-Man must return to the precinct. After reaching it, a cutscene ends the mission. Citywide activities should be complete before the next mission, ""Yuri's Revenge"", is available.
Missions in Marvel's Spider-ManMarvel's Spider-ManMain missionsAct 1
Clearing the Way · The Main Event · My OTHER Other Job · Keeping the Peace · Something Old, Something New · Fisk Hideout · Landmarking · For She's a Jolly Good Fellow · Don't Touch the Art · A Shocking Comeback · The Mask · Day to Remember · Harry's Passion Project · Financial Shock · Wheels within Wheels · Home Sweet Home · Stakeout · Couch Surfing · Straw, Meet Camel · And the Award Goes to...
Act 2
Dual Purpose · Hidden Agenda · A Fresh Start · Dinner Date · Up the Water Spout... · What's in the Box? · Back to School · Spider-Hack · Uninvited · Strong Connections · First Day · Collision Course · The One That Got Away · Breakthrough · Reflection · Out of the Frying Pan...
Act 3
...Into the Fire · Picking up the Trail · Streets of Poison · Supply Run · Heavy Hitter · Step Into My Parlor... · The Heart of the Matter · Pax in Bello
OtherSide missions
The Network is Down · Storming the Castle · Spider-Man P.I. · Spider-Men · Cat's Cradle · Helping Howard · Internet Famous · Tombstone: On the Move · Tombstone: What's He Building in There... · Tombstone: Let's Get Ready to... · College Buddies · Tick Tock · Over His Head · A Matter of Debate · Home Team Advantage · Snipe Hunt · Error: File Not Found
Citywide activities
Backpacks · Landmarks · Fisk Hideouts · Demon Warehouses · Sable Outposts · Prisoner Camps · Research Stations · Black Cat Stakeouts · Pigeons · Taskmaster Challenges · Crimes
The City That Never SleepsMain missions""The Heist""
The Maria · The Trouble with Arson · Long Lost Loot · Like Old Times · Something is Screwy · Trail of the Cat · Pursuing the Truth · Newsflash · Cover for the Cat · Follow the Money
""Turf Wars""
Blindsided · The Bar With No Name · Jury Rigging · Last Stand · Season Two · Lockup · Yuri's Revenge · Bring the Hammer Down
""Silver Lining""
Old Friends · Season 3 · Rio Bravo · Together But Alone · Humanitarian Aid · Trust Issues · Getting Deep · One Plus One Equals Win
OtherSide missions
Like a Fiddle · Season Finale · Wrap Party · Aiding a Human · Scales of Justice
Citywide activities
Maggia Crimes · Hammerhead Crimes · Hardy's Stolen Art · Screwball Challenges · Hammerhead Fronts · Olympus Hideouts · Crime Scene Recordings"
https://marvels-spider-man.fandom.com/wiki/Yuri%27s_Revenge,Main,"Spider-Man arrives at the Bar with No Name before the police does. As he enters the building, he finds it to be a wreck and sees that the thugs were killed, suspecting they died at the hands of Yuriko Watanabe. The Spider-Bot, whom he sent into the bar to eavesdrop earlier, is still intact. He sees a cell phone vibrating, Gino's phone, and picks up a call from Vinny, who reveals ""the Big Show"" in which Hammerhead plans to kill the Maggia dons.
Spider-Man visits Mercy General hospital, as Vinny is dropping his injured men there. He then tracks Vinny and follows his car to the docks. After listening into the Hammerhead thugs, he learns that Hammerhead is planning something for the Maggia dons at Hudson Yards, and then takes them out. On the way there, Miles Morales calls to say he is at hospital after breaking a toe after jumping off a bridge in Queens to test his powers, and Peter Parker wishes him luck then promises him another lesson that weekend.","Heading to the Bar with No Name, simply following waypoints to investigate clears the first portion of the mission, before it then proceeds to the Mercy General hospital. There, after using  to scan, simply wall crawl around the hospital and reach the signals. Wall crawl to the center of them and hold  until the correct signal is hit.
After finding Vinny, follow his car by swinging (though Spider-Man mentions he should not stay too close, this will not affect the mission too much). It will lead to the docks. Here, the objective is to listen into groups of thugs. It is easiest to take down the snipers first before listening to them, and then listen to each group. After listening to a conversation, the thugs can be taken down quietly.
Once all conversations are listened to, the thugs can be fought. Once all are defeated, the final mission, ""Bring the Hammer Down"", commences.
Missions in Marvel's Spider-ManMarvel's Spider-ManMain missionsAct 1
Clearing the Way · The Main Event · My OTHER Other Job · Keeping the Peace · Something Old, Something New · Fisk Hideout · Landmarking · For She's a Jolly Good Fellow · Don't Touch the Art · A Shocking Comeback · The Mask · Day to Remember · Harry's Passion Project · Financial Shock · Wheels within Wheels · Home Sweet Home · Stakeout · Couch Surfing · Straw, Meet Camel · And the Award Goes to...
Act 2
Dual Purpose · Hidden Agenda · A Fresh Start · Dinner Date · Up the Water Spout... · What's in the Box? · Back to School · Spider-Hack · Uninvited · Strong Connections · First Day · Collision Course · The One That Got Away · Breakthrough · Reflection · Out of the Frying Pan...
Act 3
...Into the Fire · Picking up the Trail · Streets of Poison · Supply Run · Heavy Hitter · Step Into My Parlor... · The Heart of the Matter · Pax in Bello
OtherSide missions
The Network is Down · Storming the Castle · Spider-Man P.I. · Spider-Men · Cat's Cradle · Helping Howard · Internet Famous · Tombstone: On the Move · Tombstone: What's He Building in There... · Tombstone: Let's Get Ready to... · College Buddies · Tick Tock · Over His Head · A Matter of Debate · Home Team Advantage · Snipe Hunt · Error: File Not Found
Citywide activities
Backpacks · Landmarks · Fisk Hideouts · Demon Warehouses · Sable Outposts · Prisoner Camps · Research Stations · Black Cat Stakeouts · Pigeons · Taskmaster Challenges · Crimes
The City That Never SleepsMain missions""The Heist""
The Maria · The Trouble with Arson · Long Lost Loot · Like Old Times · Something is Screwy · Trail of the Cat · Pursuing the Truth · Newsflash · Cover for the Cat · Follow the Money
""Turf Wars""
Blindsided · The Bar With No Name · Jury Rigging · Last Stand · Season Two · Lockup · Yuri's Revenge · Bring the Hammer Down
""Silver Lining""
Old Friends · Season 3 · Rio Bravo · Together But Alone · Humanitarian Aid · Trust Issues · Getting Deep · One Plus One Equals Win
OtherSide missions
Like a Fiddle · Season Finale · Wrap Party · Aiding a Human · Scales of Justice
Citywide activities
Maggia Crimes · Hammerhead Crimes · Hardy's Stolen Art · Screwball Challenges · Hammerhead Fronts · Olympus Hideouts · Crime Scene Recordings"
https://marvels-spider-man.fandom.com/wiki/Bring_the_Hammer_Down,Main,"When Spider-Man arrives on scene, Hammerhead welcomes him to the live broadcast in which the Maggia dons are to be killed live in a pit slowly filling with cement. He wishes to return to the days in which the Maggia were feared and respected. Spider-Man stops the thugs from pouring in more cement, before heading to the building to battle Hammerhead.
Hammerhead reveals, with Project Olympus, he has become more immortal, and a stronger leader for the Maggia to take seriously. Spider-Man defeats him, and the police arrive to Hammerhead under arrest. Hammerhead is undeterred, until Yuri arrives, trapping Spider-Man with one of Sable's cable traps, before shooting Hammerhead with a Sable gun. She then reminds him of his earlier words to her about fear, as Hammerhead shows visible fear of her himself.
Spider-Man tries to stop Yuri from shooting and killing Hammerhead, but she is surrounded by the police, and stares them down knowing they have seen what she has done. Hammerhead is taken away and presumed dead, although a Hammerhead thug inside the force is able to revive him due to his Project Olympus augmentations.","The first part of the mission is a long combat section in which Spider-Man must battle thugs to prevent them from pouring in more cement. The nearby vehicles make for convenient spots to use Web Bombs and Trip Mines, but otherwise, aerial melee combat is preferred, especially against shielded enemies. Focus should be saved for the Gatling gun brutes.
Later in the battle, the cement mixer shorts out and Spider-Man must web it to keep it shut. After beating the remaining thugs and stopping it, a cutscene leads to the next portion.
Hammerhead boss battle[]
Hammerhead has powerful laser attacks at range that leave behind red electricity. His melee attacks comprise two leaps toward Spider-Man, both of which must be dodged in quick succession. Hammerhead will shrug off Spider-Man's melee attacks in normal circumstances, and his own melee attacks are extremely strong.
The best way to deal damage to Hammerhead is to either dodge his attacks and Web Strike in to attack, to web uo him with Web Shooters or Impact Webs and then attack, or to use Finishers. Because his attacks are extremely strong, it is more important to dodge his attacks than it is to attack him. Hammerhead will summon several other thugs throughout the fight, and these must be defeated first, both to build Focus for Finishers against Hammerhead, and to make it easier to focus on Hammerhead's attacks rather than theirs.
As the fight proceeds, the number of thugs summoned by Hammerhead continues. Despite this, it is still possible to defeat all thugs around him so as to focus on him. The fight has two phases, separated by a cutscene. After the second, he is defeated.
Completing the mission concludes ""Turf Wars"". At this point, any uncompleted side missions around this DLC can be complete, or the next chapter, ""Silver Lining"", can be begun with its first mission, ""Old Friends"".
Missions in Marvel's Spider-ManMarvel's Spider-ManMain missionsAct 1
Clearing the Way · The Main Event · My OTHER Other Job · Keeping the Peace · Something Old, Something New · Fisk Hideout · Landmarking · For She's a Jolly Good Fellow · Don't Touch the Art · A Shocking Comeback · The Mask · Day to Remember · Harry's Passion Project · Financial Shock · Wheels within Wheels · Home Sweet Home · Stakeout · Couch Surfing · Straw, Meet Camel · And the Award Goes to...
Act 2
Dual Purpose · Hidden Agenda · A Fresh Start · Dinner Date · Up the Water Spout... · What's in the Box? · Back to School · Spider-Hack · Uninvited · Strong Connections · First Day · Collision Course · The One That Got Away · Breakthrough · Reflection · Out of the Frying Pan...
Act 3
...Into the Fire · Picking up the Trail · Streets of Poison · Supply Run · Heavy Hitter · Step Into My Parlor... · The Heart of the Matter · Pax in Bello
OtherSide missions
The Network is Down · Storming the Castle · Spider-Man P.I. · Spider-Men · Cat's Cradle · Helping Howard · Internet Famous · Tombstone: On the Move · Tombstone: What's He Building in There... · Tombstone: Let's Get Ready to... · College Buddies · Tick Tock · Over His Head · A Matter of Debate · Home Team Advantage · Snipe Hunt · Error: File Not Found
Citywide activities
Backpacks · Landmarks · Fisk Hideouts · Demon Warehouses · Sable Outposts · Prisoner Camps · Research Stations · Black Cat Stakeouts · Pigeons · Taskmaster Challenges · Crimes
The City That Never SleepsMain missions""The Heist""
The Maria · The Trouble with Arson · Long Lost Loot · Like Old Times · Something is Screwy · Trail of the Cat · Pursuing the Truth · Newsflash · Cover for the Cat · Follow the Money
""Turf Wars""
Blindsided · The Bar With No Name · Jury Rigging · Last Stand · Season Two · Lockup · Yuri's Revenge · Bring the Hammer Down
""Silver Lining""
Old Friends · Season 3 · Rio Bravo · Together But Alone · Humanitarian Aid · Trust Issues · Getting Deep · One Plus One Equals Win
OtherSide missions
Like a Fiddle · Season Finale · Wrap Party · Aiding a Human · Scales of Justice
Citywide activities
Maggia Crimes · Hammerhead Crimes · Hardy's Stolen Art · Screwball Challenges · Hammerhead Fronts · Olympus Hideouts · Crime Scene Recordings"
https://marvels-spider-man.fandom.com/wiki/Season_3,Main,"After battling Silver Sable, Spider-Man phones Mary Jane Watson to discuss Sable's return. However, their call is hijacked by Screwball, who directs Spider-Man to Eighth and Perlman. Upon arrival and approaching the camera, Screwball announces the third season of her show with the promise of a party after hitting fifty million followers. Spider-Man takes the show's opportunity to defeat her for good.","As with previous missions, once begun, one challenge needs to be complete, which may or may not be the challenge that the mission's story leads to. The challenge in question is a bomb challenge, similar to previous Taskmaster Challenges with the exception that Photobombs are involved when throwing bombs and that the crates with the bombs need to be broken first. This can be done easiest by flying over the bombs and using a Ground Strike attack. A bomb is also present in a truck, which must be stopped in a manner similar to typical car crimes.
Once a challenge is done, after a call with Mary Jane, Spider-Man must complete more citywide activities (which could be another Screwball Challenge) before the next mission, ""Rio Bravo"", is available.
Missions in Marvel's Spider-ManMarvel's Spider-ManMain missionsAct 1
Clearing the Way · The Main Event · My OTHER Other Job · Keeping the Peace · Something Old, Something New · Fisk Hideout · Landmarking · For She's a Jolly Good Fellow · Don't Touch the Art · A Shocking Comeback · The Mask · Day to Remember · Harry's Passion Project · Financial Shock · Wheels within Wheels · Home Sweet Home · Stakeout · Couch Surfing · Straw, Meet Camel · And the Award Goes to...
Act 2
Dual Purpose · Hidden Agenda · A Fresh Start · Dinner Date · Up the Water Spout... · What's in the Box? · Back to School · Spider-Hack · Uninvited · Strong Connections · First Day · Collision Course · The One That Got Away · Breakthrough · Reflection · Out of the Frying Pan...
Act 3
...Into the Fire · Picking up the Trail · Streets of Poison · Supply Run · Heavy Hitter · Step Into My Parlor... · The Heart of the Matter · Pax in Bello
OtherSide missions
The Network is Down · Storming the Castle · Spider-Man P.I. · Spider-Men · Cat's Cradle · Helping Howard · Internet Famous · Tombstone: On the Move · Tombstone: What's He Building in There... · Tombstone: Let's Get Ready to... · College Buddies · Tick Tock · Over His Head · A Matter of Debate · Home Team Advantage · Snipe Hunt · Error: File Not Found
Citywide activities
Backpacks · Landmarks · Fisk Hideouts · Demon Warehouses · Sable Outposts · Prisoner Camps · Research Stations · Black Cat Stakeouts · Pigeons · Taskmaster Challenges · Crimes
The City That Never SleepsMain missions""The Heist""
The Maria · The Trouble with Arson · Long Lost Loot · Like Old Times · Something is Screwy · Trail of the Cat · Pursuing the Truth · Newsflash · Cover for the Cat · Follow the Money
""Turf Wars""
Blindsided · The Bar With No Name · Jury Rigging · Last Stand · Season Two · Lockup · Yuri's Revenge · Bring the Hammer Down
""Silver Lining""
Old Friends · Season 3 · Rio Bravo · Together But Alone · Humanitarian Aid · Trust Issues · Getting Deep · One Plus One Equals Win
OtherSide missions
Like a Fiddle · Season Finale · Wrap Party · Aiding a Human · Scales of Justice
Citywide activities
Maggia Crimes · Hammerhead Crimes · Hardy's Stolen Art · Screwball Challenges · Hammerhead Fronts · Olympus Hideouts · Crime Scene Recordings"
https://marvels-spider-man.fandom.com/wiki/Rio_Bravo,Main,"Spider-Man is alerted by the police dispatch to a report of a truck driver in distress in the Financial District. As he swings over, he gets a call from Miles Morales, who is confused about getting physics homework for his ""spider-assignments"", and explains that understanding physics is essential to web-swinging. Upon arrival, Spider-Man finds out that Hammerhead thugs are attacking an Oscorp truck, and decides to help.","This mission is essentially players' introduction to Tech Salvage crimes. Throughout this mission, Spider-Man must defend the Oscorp truck from Hammerhead thugs. A circular gauge is visible near the truck's door, and it rises as thugs try to break open the door.
Players can defeat the Hammerhead thugs any way they choose, but must keep track of the gauge lest the Hammerhead thugs raise it to full. Only two thugs are attacking the truck at first, but more thugs come in waves, including brutes and jetpack thugs. Because many are close to the trucks, Web Bombs and other gadgets can take advantage of this.
Completing the mission unlocks crimes around New York City. Future Tech Salvage crimes play out similarly to this mission where Hammerhead thugs attempt to steal from trucks. Additionally, completing the mission unlocks the next mission, ""Together But Alone"".
Missions in Marvel's Spider-ManMarvel's Spider-ManMain missionsAct 1
Clearing the Way · The Main Event · My OTHER Other Job · Keeping the Peace · Something Old, Something New · Fisk Hideout · Landmarking · For She's a Jolly Good Fellow · Don't Touch the Art · A Shocking Comeback · The Mask · Day to Remember · Harry's Passion Project · Financial Shock · Wheels within Wheels · Home Sweet Home · Stakeout · Couch Surfing · Straw, Meet Camel · And the Award Goes to...
Act 2
Dual Purpose · Hidden Agenda · A Fresh Start · Dinner Date · Up the Water Spout... · What's in the Box? · Back to School · Spider-Hack · Uninvited · Strong Connections · First Day · Collision Course · The One That Got Away · Breakthrough · Reflection · Out of the Frying Pan...
Act 3
...Into the Fire · Picking up the Trail · Streets of Poison · Supply Run · Heavy Hitter · Step Into My Parlor... · The Heart of the Matter · Pax in Bello
OtherSide missions
The Network is Down · Storming the Castle · Spider-Man P.I. · Spider-Men · Cat's Cradle · Helping Howard · Internet Famous · Tombstone: On the Move · Tombstone: What's He Building in There... · Tombstone: Let's Get Ready to... · College Buddies · Tick Tock · Over His Head · A Matter of Debate · Home Team Advantage · Snipe Hunt · Error: File Not Found
Citywide activities
Backpacks · Landmarks · Fisk Hideouts · Demon Warehouses · Sable Outposts · Prisoner Camps · Research Stations · Black Cat Stakeouts · Pigeons · Taskmaster Challenges · Crimes
The City That Never SleepsMain missions""The Heist""
The Maria · The Trouble with Arson · Long Lost Loot · Like Old Times · Something is Screwy · Trail of the Cat · Pursuing the Truth · Newsflash · Cover for the Cat · Follow the Money
""Turf Wars""
Blindsided · The Bar With No Name · Jury Rigging · Last Stand · Season Two · Lockup · Yuri's Revenge · Bring the Hammer Down
""Silver Lining""
Old Friends · Season 3 · Rio Bravo · Together But Alone · Humanitarian Aid · Trust Issues · Getting Deep · One Plus One Equals Win
OtherSide missions
Like a Fiddle · Season Finale · Wrap Party · Aiding a Human · Scales of Justice
Citywide activities
Maggia Crimes · Hammerhead Crimes · Hardy's Stolen Art · Screwball Challenges · Hammerhead Fronts · Olympus Hideouts · Crime Scene Recordings"
https://marvels-spider-man.fandom.com/wiki/Together_But_Alone,Main,"Mary Jane Watson points Spider-Man to the shipping facility, as Hammerhead is stealing weapons bound for Symkaria. Pointing out that, given Hammerhead men have stolen most Sable International weapons, a lot in police lockup, and is now stealing more bound for Symkaria, she questions where he is keeping it, and decides to look for Hammerhead bases. She also talks about the Symkaria civil war against its ruling dictator, and the fact that Silver Sable needs the weapons to fight the war.
As Spider-Man arrives, trucks loading up Project Olympus equipment leaves, and Spider-Man chases them down. Spider-Man tries to stop the truck to stop Sable from shooting and accidentally hurting someone, and stops more Hammerhead cars and stolen tanks on his own. When her jet is attacked by drones, he also latches on and web shoots them down. Sable does not thank him or respond.
Sable then shoots the final truck and holds a Hammerhead thug at gunpoint to make him talk, though he accepts his death as Hammerhead would kill him instead. Spider-Man stops her from killing him and encourages her to work with him, which she begrudingly agrees to while placing a tracker on his suit and leaving.","The beginning of the mission leads to a truck chase, which plays out identically to previous truck chases. Spider-Man must stop two trucks, as well as two escorting cars. Stopping the first truck and one car causes Silver Sable to arrive in her jet, and for more Hammerhead cars to arrive.
While Sable's jet is chasing, Spider-Man must initially stop more cars. Rocket fire from stolen Sable tanks will sometimes leave behind blasts in the air that are deadly for Spider-Man, which can normally be avoided with point launches.
After stopping a few more, drones will attack Sable's jets, which Spider-Man must stop with Web Shooters by pressing  in the air. The first few drones are stopped by swinging in as close to the drones as possible, and then shooting. The timing of this can be challenging: shooting too far away from them will cause them to miss, and while Spider-Man is shooting mid-air, he will lose momentum. As such, it is important to get in as close as possible before shooting.
When prompted, latch onto Sable's jets to shoot down the rest of the drones. After latching onto it, this part simply requires shooting as no aiming is needed. From here, Spider-Man will jump off, and simply needs to latch onto the last truck to end the mission. The next, ""Humanitarian Aid"", is immediately available.
Missions in Marvel's Spider-ManMarvel's Spider-ManMain missionsAct 1
Clearing the Way · The Main Event · My OTHER Other Job · Keeping the Peace · Something Old, Something New · Fisk Hideout · Landmarking · For She's a Jolly Good Fellow · Don't Touch the Art · A Shocking Comeback · The Mask · Day to Remember · Harry's Passion Project · Financial Shock · Wheels within Wheels · Home Sweet Home · Stakeout · Couch Surfing · Straw, Meet Camel · And the Award Goes to...
Act 2
Dual Purpose · Hidden Agenda · A Fresh Start · Dinner Date · Up the Water Spout... · What's in the Box? · Back to School · Spider-Hack · Uninvited · Strong Connections · First Day · Collision Course · The One That Got Away · Breakthrough · Reflection · Out of the Frying Pan...
Act 3
...Into the Fire · Picking up the Trail · Streets of Poison · Supply Run · Heavy Hitter · Step Into My Parlor... · The Heart of the Matter · Pax in Bello
OtherSide missions
The Network is Down · Storming the Castle · Spider-Man P.I. · Spider-Men · Cat's Cradle · Helping Howard · Internet Famous · Tombstone: On the Move · Tombstone: What's He Building in There... · Tombstone: Let's Get Ready to... · College Buddies · Tick Tock · Over His Head · A Matter of Debate · Home Team Advantage · Snipe Hunt · Error: File Not Found
Citywide activities
Backpacks · Landmarks · Fisk Hideouts · Demon Warehouses · Sable Outposts · Prisoner Camps · Research Stations · Black Cat Stakeouts · Pigeons · Taskmaster Challenges · Crimes
The City That Never SleepsMain missions""The Heist""
The Maria · The Trouble with Arson · Long Lost Loot · Like Old Times · Something is Screwy · Trail of the Cat · Pursuing the Truth · Newsflash · Cover for the Cat · Follow the Money
""Turf Wars""
Blindsided · The Bar With No Name · Jury Rigging · Last Stand · Season Two · Lockup · Yuri's Revenge · Bring the Hammer Down
""Silver Lining""
Old Friends · Season 3 · Rio Bravo · Together But Alone · Humanitarian Aid · Trust Issues · Getting Deep · One Plus One Equals Win
OtherSide missions
Like a Fiddle · Season Finale · Wrap Party · Aiding a Human · Scales of Justice
Citywide activities
Maggia Crimes · Hammerhead Crimes · Hardy's Stolen Art · Screwball Challenges · Hammerhead Fronts · Olympus Hideouts · Crime Scene Recordings"
https://marvels-spider-man.fandom.com/wiki/Humanitarian_Aid,Main,"Spider-Man hears about an assault in progress from the police dispatch, and upon reaching it, he sees Hammerhead's crew attacking David Obademi. After protecting him, David thanks him for the help and tells him about his quest to send humanitarian supplies to Symkaria, telling him Hammerhead has stolen most of the supplies after the attack. Spider-Man promises to look out for more if he finds any.","The mission is a simple combat mission near the truck, and the usual web gadgets and melee combat can defeat them. Once done, a call from Mary Jane Watson leads to ""Trust Issues"", the next mission.
Missions in Marvel's Spider-ManMarvel's Spider-ManMain missionsAct 1
Clearing the Way · The Main Event · My OTHER Other Job · Keeping the Peace · Something Old, Something New · Fisk Hideout · Landmarking · For She's a Jolly Good Fellow · Don't Touch the Art · A Shocking Comeback · The Mask · Day to Remember · Harry's Passion Project · Financial Shock · Wheels within Wheels · Home Sweet Home · Stakeout · Couch Surfing · Straw, Meet Camel · And the Award Goes to...
Act 2
Dual Purpose · Hidden Agenda · A Fresh Start · Dinner Date · Up the Water Spout... · What's in the Box? · Back to School · Spider-Hack · Uninvited · Strong Connections · First Day · Collision Course · The One That Got Away · Breakthrough · Reflection · Out of the Frying Pan...
Act 3
...Into the Fire · Picking up the Trail · Streets of Poison · Supply Run · Heavy Hitter · Step Into My Parlor... · The Heart of the Matter · Pax in Bello
OtherSide missions
The Network is Down · Storming the Castle · Spider-Man P.I. · Spider-Men · Cat's Cradle · Helping Howard · Internet Famous · Tombstone: On the Move · Tombstone: What's He Building in There... · Tombstone: Let's Get Ready to... · College Buddies · Tick Tock · Over His Head · A Matter of Debate · Home Team Advantage · Snipe Hunt · Error: File Not Found
Citywide activities
Backpacks · Landmarks · Fisk Hideouts · Demon Warehouses · Sable Outposts · Prisoner Camps · Research Stations · Black Cat Stakeouts · Pigeons · Taskmaster Challenges · Crimes
The City That Never SleepsMain missions""The Heist""
The Maria · The Trouble with Arson · Long Lost Loot · Like Old Times · Something is Screwy · Trail of the Cat · Pursuing the Truth · Newsflash · Cover for the Cat · Follow the Money
""Turf Wars""
Blindsided · The Bar With No Name · Jury Rigging · Last Stand · Season Two · Lockup · Yuri's Revenge · Bring the Hammer Down
""Silver Lining""
Old Friends · Season 3 · Rio Bravo · Together But Alone · Humanitarian Aid · Trust Issues · Getting Deep · One Plus One Equals Win
OtherSide missions
Like a Fiddle · Season Finale · Wrap Party · Aiding a Human · Scales of Justice
Citywide activities
Maggia Crimes · Hammerhead Crimes · Hardy's Stolen Art · Screwball Challenges · Hammerhead Fronts · Olympus Hideouts · Crime Scene Recordings"
https://marvels-spider-man.fandom.com/wiki/Trust_Issues,Main,"Mary Jane passes on a lead from one of her jailhouse sources that some of Hammerhead's men frequent a certain pizza shop that can help lead Spider-Man to the people he is looking for. Spider-Man then laments that he and Mary Jane do not get time to call about real lives like normal people, and Mary Jane encourages Spider-Man to work better with Silver Sable.
Spider-Man, as Peter Parker, trails Hammerhead men who discuss a man named ""Tony"" who is tight with the boss, and whose laptop has important info. Spider-Man uses the laptop to then find Tony's location. Once there, Silver Sable comes out of invisibility and demands an address from Tony, to which he responds the Colexco building rooftop is where Hammerhead wants to meet Sable. Spider-Man follows her there, calling her to try and urge her not to walk into a trap, but she is undeterred.
At the top of the building, Sable's jet is held in place. Spider-Man frees her and she urges him to stay and fight there, as Hammerhead will come to them. Hammerhead eventually latches onto Sable's jet and deals heavy damage, Spider-Man unable to fight back against him. Before he can kill them, Black Cat rescues Spider-Man while Sable's jet crashes, Hammerhead taking her to his hideout.
Meanwhile, Black Cat reveals that Spider-Man was tracked by Sable and that she was following the same tracker. She urges Spider-Man not to battle Hammerhead as he is too powerful, but nonetheless gives him Hammerhead's flash drive that should give him a way to beat him, before briefly apologizing to him and cryptically says that Hammerhead's head is ""not as strong as you think it is"". The drive reveals Hammerhead's Olympus Hideouts, and Spider-Man calls David Obademi to tell him that, knowing the location of the hideouts, he may know the location of the humanitarian aid that was bound for Symkaria.","As the mission begins, Spider-Man will change into his normal Peter Parker attire and walk around New York City. The first section is linear as Peter follows two Hammerhead thugs. Peter can follow relatively close by, and stick close to crowds. Holding  allows him to blend in more easily, particularly near crowds.
When Hammerhead's men head to the parking lot, Peter must head to an alleyway opposite to climb up walls to buildings above. After climbing, while still in Peter Parker costume, typical Spider-Man controls apply and can be used to zip to the buildings overlooking the lot. After listening in, a fight sequence begins as Spider-Man.
The fight sequence in the lot is relatively standard as none of the thugs are armed with Sable International weapons. Once they are defeated, Spider-Man must find the laptop from the cars in the lot. The car with the laptop is the third one from the top in the C (middle) rail, and yanking it will reveal the laptop. Zipping up to it leads to a brief cutscene at which point there is a new wapoint to follow.
The waypoint leads to an alley where another battle begins. After it is complete, a brief cutscene commences, following which Spider-Man must follow Sable to the Colexco building.
At the top of the building, a larger battle commences against Hammerhead thugs. First destroy the generators holding Silver Sable's jet in place, at which point a battle against Hammerhead thugs armed with Sable tech begins. Save Focus for the larger brutes and otherwise use a mix of gadgets and combat against the enemies as usual. When all are defeated, a cutscene ends the mission.
With the mission ended, new Olympus Hideouts are available around New York, along with the next mission, ""Getting Deep"".
Missions in Marvel's Spider-ManMarvel's Spider-ManMain missionsAct 1
Clearing the Way · The Main Event · My OTHER Other Job · Keeping the Peace · Something Old, Something New · Fisk Hideout · Landmarking · For She's a Jolly Good Fellow · Don't Touch the Art · A Shocking Comeback · The Mask · Day to Remember · Harry's Passion Project · Financial Shock · Wheels within Wheels · Home Sweet Home · Stakeout · Couch Surfing · Straw, Meet Camel · And the Award Goes to...
Act 2
Dual Purpose · Hidden Agenda · A Fresh Start · Dinner Date · Up the Water Spout... · What's in the Box? · Back to School · Spider-Hack · Uninvited · Strong Connections · First Day · Collision Course · The One That Got Away · Breakthrough · Reflection · Out of the Frying Pan...
Act 3
...Into the Fire · Picking up the Trail · Streets of Poison · Supply Run · Heavy Hitter · Step Into My Parlor... · The Heart of the Matter · Pax in Bello
OtherSide missions
The Network is Down · Storming the Castle · Spider-Man P.I. · Spider-Men · Cat's Cradle · Helping Howard · Internet Famous · Tombstone: On the Move · Tombstone: What's He Building in There... · Tombstone: Let's Get Ready to... · College Buddies · Tick Tock · Over His Head · A Matter of Debate · Home Team Advantage · Snipe Hunt · Error: File Not Found
Citywide activities
Backpacks · Landmarks · Fisk Hideouts · Demon Warehouses · Sable Outposts · Prisoner Camps · Research Stations · Black Cat Stakeouts · Pigeons · Taskmaster Challenges · Crimes
The City That Never SleepsMain missions""The Heist""
The Maria · The Trouble with Arson · Long Lost Loot · Like Old Times · Something is Screwy · Trail of the Cat · Pursuing the Truth · Newsflash · Cover for the Cat · Follow the Money
""Turf Wars""
Blindsided · The Bar With No Name · Jury Rigging · Last Stand · Season Two · Lockup · Yuri's Revenge · Bring the Hammer Down
""Silver Lining""
Old Friends · Season 3 · Rio Bravo · Together But Alone · Humanitarian Aid · Trust Issues · Getting Deep · One Plus One Equals Win
OtherSide missions
Like a Fiddle · Season Finale · Wrap Party · Aiding a Human · Scales of Justice
Citywide activities
Maggia Crimes · Hammerhead Crimes · Hardy's Stolen Art · Screwball Challenges · Hammerhead Fronts · Olympus Hideouts · Crime Scene Recordings"
https://marvels-spider-man.fandom.com/wiki/Getting_Deep,Main,"Spider-Man heads to the sewers where the base is located. After heading through the sewers and an abandoned subway platform to reach the base, Spider-Man learns about Project Olympus at one of Hammerhead's base.
In one old recording at the base, Hammerhead demands an Oscorp scientist work for Hammerhead or he will be made a test subject. In another, impressed by how Sable International took over the city so quickly, Hammerhead plans to steal more and wishes to lure Silver Sable there to get all the equipment he needs. In a third, Hammerhead, after nearly dying at Yuriko Watanabe's hands, demands the Oscorp scientist make him less human to make him indestructible.
Spider-Man finds Silver Sable tortured by a Hammerhead thug, who used a drill in her shoulders to torture her. When Spider-Man frees her, Silver Sable thanks him but initially responds that she works alone, but Spider-Man eventually convinces her they should work together by saying he knows a way to beat him. The two both come to the realization that Hammerhead's plate in his head is carbon steel and thus sensitive to heat, and she promises to call him for more.","The first segment of the mission is a traversal section as Spider-Man must swing through the sewers to reach the abandoned subway platform. This is a mostly linear area, and Point Launches make it quick.
After reaching the abandoned subway platform, several Hammerhead men patrol the area. These can either be taken out with stealth or by engaging in combat. It is best to take the snipers out with stealth either way. To take out the men on the floor with stealth, using yankable objects for distraction is effective to then pick them off; through combat, the usual mix of melee and web gadgets is effective.
Once the subway platform is cleared of thugs, to proceed, Spider-Man must yank the large subway car free and then head through following the yellow wire. This is another linear traversal section and then to the base of operations. Clearing out a few thugs here allows Spider-Man to then inspect the recordings left behind to learn about Project Olympus. Hearing three recordings and inspecting the blueprints unlocks the next segment, another linear traversal.
Reaching Silver Sable leads to a brief cutscene and then a battle commences, in which Silver Sable fights alongside Spider-Man. This is a longer battle against a group of Sable-armed thugs, where the usual battle tactics apply.
Once the battle is complete, a cutscene ends the mission. Peter will notice the presence of yellow tape nearby, starting the Mysterious Mystery mission. Afterwards, Citywide activities must be complete before Sable calls Spider-Man for the next mission, ""One Plus One Equals Win"".
Missions in Marvel's Spider-ManMarvel's Spider-ManMain missionsAct 1
Clearing the Way · The Main Event · My OTHER Other Job · Keeping the Peace · Something Old, Something New · Fisk Hideout · Landmarking · For She's a Jolly Good Fellow · Don't Touch the Art · A Shocking Comeback · The Mask · Day to Remember · Harry's Passion Project · Financial Shock · Wheels within Wheels · Home Sweet Home · Stakeout · Couch Surfing · Straw, Meet Camel · And the Award Goes to...
Act 2
Dual Purpose · Hidden Agenda · A Fresh Start · Dinner Date · Up the Water Spout... · What's in the Box? · Back to School · Spider-Hack · Uninvited · Strong Connections · First Day · Collision Course · The One That Got Away · Breakthrough · Reflection · Out of the Frying Pan...
Act 3
...Into the Fire · Picking up the Trail · Streets of Poison · Supply Run · Heavy Hitter · Step Into My Parlor... · The Heart of the Matter · Pax in Bello
OtherSide missions
The Network is Down · Storming the Castle · Spider-Man P.I. · Spider-Men · Cat's Cradle · Helping Howard · Internet Famous · Tombstone: On the Move · Tombstone: What's He Building in There... · Tombstone: Let's Get Ready to... · College Buddies · Tick Tock · Over His Head · A Matter of Debate · Home Team Advantage · Snipe Hunt · Error: File Not Found
Citywide activities
Backpacks · Landmarks · Fisk Hideouts · Demon Warehouses · Sable Outposts · Prisoner Camps · Research Stations · Black Cat Stakeouts · Pigeons · Taskmaster Challenges · Crimes
The City That Never SleepsMain missions""The Heist""
The Maria · The Trouble with Arson · Long Lost Loot · Like Old Times · Something is Screwy · Trail of the Cat · Pursuing the Truth · Newsflash · Cover for the Cat · Follow the Money
""Turf Wars""
Blindsided · The Bar With No Name · Jury Rigging · Last Stand · Season Two · Lockup · Yuri's Revenge · Bring the Hammer Down
""Silver Lining""
Old Friends · Season 3 · Rio Bravo · Together But Alone · Humanitarian Aid · Trust Issues · Getting Deep · One Plus One Equals Win
OtherSide missions
Like a Fiddle · Season Finale · Wrap Party · Aiding a Human · Scales of Justice
Citywide activities
Maggia Crimes · Hammerhead Crimes · Hardy's Stolen Art · Screwball Challenges · Hammerhead Fronts · Olympus Hideouts · Crime Scene Recordings"
https://marvels-spider-man.fandom.com/wiki/Mysterious_Mystery,Main,,
https://marvels-spider-man.fandom.com/wiki/One_Plus_One_Equals_Win,Main,"Spider-Man helps calibrate Sable's class five laser array in her secret Sable International base, to prevent it overheating when used against Hammerhead. Hammerhead then arrives and battles them, The two work together, Spider-Man holding him in place for Sable's laser, but when her laser fails, she crashes her jet into him. This is enough to cause his Project Olympus suit to fail.
Spider-Man invites Sable to a pizza place, but she shuns him due to her war in Symkaria. She laments that she does not enjoy fighting but must to save her people. When Spider-Man calls her heroic for this, she shuns the label but shows gratitude to him for his help and drops him back at the city. In a post credits scene, Peter Parker teaches Miles Morales how to swing through New York.","The first section of the mission simply involves following Sable's orders. After yanking the objects she points to and completing the calibration on the towers around the base, Spider-Man must web throw barrels outside to test the laser. Finally, using the terminal leads to a cutscene and then into the final boss.
Hammerhead boss[]
The Hammerhead boss battle is a challenging endurance battle. Hammerhead himself uses attacks similar to his previous boss battle: leaping twice toward Spider-Man (requiring dodges to avoid them), and using a long range laser attack. Hammerhead also brings in several other thugs, which are a good source of building Focus.
The objective of the battle is to keep Hammerhead in place while Sable uses her laser. After she uses it, Spider-Man can then punch him repeatedly for damage until Sable can use her laser again. To get Hammerhead vulnerable to being held in place. Spider-Man must web him up with Web Shooters and punch his legs to keep him in place.
The fight comes in phases separated by cutscenes. After the first phase, Hammerhead begins using a shield, which prevents all of Spider-Man's web attacks. Sable's bombs can disable the shield, and Spider-Man must Web Throw them at Hammerhead when she performs a bombing run. In the meantime, Hammerhead will summon several thugs. Simply avoid Hammerhead until a Sable bomb can be thrown at him and once his shield is disabled, the usual tactics apply.
After dealing enough damage to Hammerhead, the final time holding him in place, Sable's laser will not fire. Continue holding him and a cutscene will take place, ending the mission and the DLC. Any activities not yet complete for the DLC can be done for all remaining trophies.
Missions in Marvel's Spider-ManMarvel's Spider-ManMain missionsAct 1
Clearing the Way · The Main Event · My OTHER Other Job · Keeping the Peace · Something Old, Something New · Fisk Hideout · Landmarking · For She's a Jolly Good Fellow · Don't Touch the Art · A Shocking Comeback · The Mask · Day to Remember · Harry's Passion Project · Financial Shock · Wheels within Wheels · Home Sweet Home · Stakeout · Couch Surfing · Straw, Meet Camel · And the Award Goes to...
Act 2
Dual Purpose · Hidden Agenda · A Fresh Start · Dinner Date · Up the Water Spout... · What's in the Box? · Back to School · Spider-Hack · Uninvited · Strong Connections · First Day · Collision Course · The One That Got Away · Breakthrough · Reflection · Out of the Frying Pan...
Act 3
...Into the Fire · Picking up the Trail · Streets of Poison · Supply Run · Heavy Hitter · Step Into My Parlor... · The Heart of the Matter · Pax in Bello
OtherSide missions
The Network is Down · Storming the Castle · Spider-Man P.I. · Spider-Men · Cat's Cradle · Helping Howard · Internet Famous · Tombstone: On the Move · Tombstone: What's He Building in There... · Tombstone: Let's Get Ready to... · College Buddies · Tick Tock · Over His Head · A Matter of Debate · Home Team Advantage · Snipe Hunt · Error: File Not Found
Citywide activities
Backpacks · Landmarks · Fisk Hideouts · Demon Warehouses · Sable Outposts · Prisoner Camps · Research Stations · Black Cat Stakeouts · Pigeons · Taskmaster Challenges · Crimes
The City That Never SleepsMain missions""The Heist""
The Maria · The Trouble with Arson · Long Lost Loot · Like Old Times · Something is Screwy · Trail of the Cat · Pursuing the Truth · Newsflash · Cover for the Cat · Follow the Money
""Turf Wars""
Blindsided · The Bar With No Name · Jury Rigging · Last Stand · Season Two · Lockup · Yuri's Revenge · Bring the Hammer Down
""Silver Lining""
Old Friends · Season 3 · Rio Bravo · Together But Alone · Humanitarian Aid · Trust Issues · Getting Deep · One Plus One Equals Win
OtherSide missions
Like a Fiddle · Season Finale · Wrap Party · Aiding a Human · Scales of Justice
Citywide activities
Maggia Crimes · Hammerhead Crimes · Hardy's Stolen Art · Screwball Challenges · Hammerhead Fronts · Olympus Hideouts · Crime Scene Recordings"
https://marvels-spider-man.fandom.com/wiki/Storming_the_Castle,Side,,"Approach Belvedere Castle, and Spider-Man notices several of Wilson Fisk's men, all armed. Try to take them out stealthily using Perch Takedowns and Web Strike Takedowns, though if not possible, engage them in combat. After they are defeated, take a look at the laptop. As Spider-Man reaches for the device, a pigeon steals the thumb-drive.
Follow the waypoint to where the pigeons have flown. They will take off but leave a blue trail behind them as they fly. Get close enough to use  +  to catch one. If it does not have the drive, the chase continues until Spider-Man catches the correct one. Stopping travel and losing the pigeons will fail the mission.
After the drive is recovered, Spider-Man will need to return to the laptop. He will discover that Fisk's men were attempting to upload a computer worm to the Central Park WiFi system. Players will have three locations, and three minutes to arrive and stop the upload. Each location will have several men, some of which will have electronic tasers or a shield. As long as one of them is at the laptop, the countdown will continue. If one is knocked away from the laptop, another will take his place and the upload will continue.
Once the men are subdued, return to Stephanie, who has been spotted by Fisk's men. They have blocked her escape and are planning to kill her. Defeat the thugs and talk to Stephanie again to complete the mission, for a 1500 XP reward."
https://marvels-spider-man.fandom.com/wiki/Spider-Man_P.I.,Side,,"After arriving at the Detox center, find a good hidden location, preferably a perch atop a lamppost with a view of her face, and take the woman's picture. After this, she leaves in a vehicle and meets up with another person. Follow her and web to the ceiling above him to take his picture as well, then follow him as he takes the subway. The mysterious woman gives him the plans and Spider-Man sends his picture to Carmen who identifies him as Deshaun, a former friend of Rodrigo's from college who later went to prison on robbery charges.
The man will exit the subway and enter an office building. Climb up the outside of the building and spy on him and the man he meets. Take photos of the whiteboard and the screen for evidence, using windows that provide a clear view of each. After this, the two men leave the building and get into a vehicle. Follow it and a second vehicle.
Both vehicles will need to be stopped, and the easiest way to do this is by stopping the leading vehicle first. The second car will stop behind it and the driver can be easily defeated. Spider-Man will relay the information to Carmen, ending the mission."
https://marvels-spider-man.fandom.com/wiki/Spider-Men,Side,"Spider-Man finds a local business owner who thanks him for saving his daughter. Confused, Spider-Man looks to the crime scene to investigate, seeing a cop along with some beaten thugs. The owner's daughter, present at the scene, asks why he is still there and not off to stop the nearby fire. Spider-Man plays along and tracks the fire where the imposter had saved people, and upon investigating a fire extinguisher that the imposter used, identifies a substance on it as Ammonium Dihydrogen Phosphate, which can be used to track the imposter. Spider-Man concludes the imposter is clearly trying to do good, but by using his costume without his powers, is putting himself in great danger.
Spider-Man eventually finds the imposter accosted by Wilson Fisk's men, and rescues him. The two fight Fisk's men together, and the imposter reveals he is actually a local martial arts teacher teaching at Chikara Dojo, just trying to ""spread the legend"". Spider-Man convinces him to help out by going to the local F.E.A.S.T. shelter and offering free self-defense classes and instead leave the crime-fighting to the real Spider-Man.","After talking to the business owner, head to the theater, the first crime scene. The daughter is still at the location just in front of the entrance to the theater, as are the cop and the defeated but breathing thugs. Talking to the daughter reveals a Spider-Man imposter heading south to check out a fire. Examine everything at the scene then follow the next waypoint to the fire.
Puzzle solution.
Locate the fire scene and check for evidence and clues. Firemen, a civilian, and a fire escape can be examined. A fireman is looking for a fire extinguisher, which is located just to the right of the building entrance. Investigate it and solve the mystery of the unknown substance. The substance is identified as Ammonium Dihydrogen Phosphate, a fire suppressant. Spider-Man is able to use the chemical signature to track ""Spider-Man 2.0"".
The trail leads to a drug deal scene. Interact with the arrested thug at the end of the trail, then climb to the roof of the nearby building and examine the thugs and the drugs. After this, head to the edge of the roof, where Spider-Man finally catches up with the imposter, finding him held at gunpoint by some of Fisk's men. Jump down and rescue him, then defeat the thugs. The thugs arrive in two waves, and the imposter will help fight in melee combat, though Spider-Man will have to do most of the heavy lifting, particularly against thugs with firearms and rocket launchers.
Once the side mission is cleared, the location of the final battle becomes the location of a Fisk Hideout."
https://marvels-spider-man.fandom.com/wiki/Cat%27s_Cradle,Side,"After finding all the mascots hidden by Black Cat, Spider-Man ran an algorithm to track her location, believing if he caught her first he could stop her from robbing.
Upon arriving at the hideout, he found several items, including financial data on the Maggia crime families, and art stolen from Wilson Fisk. He then discovered a recorded message left from Black Cat, in which she told him it was all a set-up. Once the Black Cat figurines were all together in the police evidence room, they hooked up and boosted their signal to deactivate the alarms to the police headquarters, allowing Black Cat to sneak in and retrieve her gear. Spider-Man realized she was planning something much bigger, as she had found $50,000,000 worth of loot just to retrieve her items.","Go to the old train depot and look for a hidden entrance found on the right side of the wall. Once inside, Spider-Man will notice several items on shelves and the walls created or confiscated by the Black Cat.
There are a few items that can be inspected, but the most important is the voice recorder message at the end of the room. Find it to complete the mission and collect the Dark Suit."
https://marvels-spider-man.fandom.com/wiki/Helping_Howard,Side,,"Beginning the mission unlocks several pigeon icons across the maps of each district around New York City. The mission can be accepted early on, allowing the player to find pigeons naturally while completing other tasks around the city.
Once Spider-Man is close to a pigeon location, the bird will take off and fly around the district, leaving a blue trail. Players will have to pursue the bird and try to get close enough to collect it. Grab the bird using  and . Each bird will reward the player with one Research Token and completing the mission will net the player 1000 XP XP."
https://marvels-spider-man.fandom.com/wiki/Internet_Famous,Side,"Spider-Man talks to a woman at a rooftop who asks him about the ""Screwball challenge"", asking him to take a photo of a QR code. After doing so, Spider-Man calls him and welcomes her to the stream which she claims is surging in followers with his presence. Though Spider-Man is uninterested in participating in the challenge, she tells him that the challenge leads to a kidnapping victim, and thus he complies.
Throughout the challenge, Spider-Man is attacked by Screwball ""fans"", criminals who try to kill him, and has to disable several bombs placed atop rooftops also by her professed ""fans"". When he completes the challenge, the ""victim"" at the end is not a victim at all, but is in fact Screwball and more of her ""followers"". The police arrive once they are defeated to arrest Screwball, but as she points out, it was her fans who did the damage, not her.","This mission begins at night, so the time of day will change. The mission is begun by talking with a woman at the mission's starting location to begin Screwball's photography challenge. Spider-Man will need to locate and take photographs of matrix barcodes on walls throughout the city. Screwball herself is streaming the challenge and when Spider-Man considers backing out, she lets him know there is a kidnapped hostage's life at stake.
The first code is on the wall behind the woman. Photograph it to begin. Each code will provide the location of the following one, marking it on the map. The second code is just over 500m away but is too large to photograph from the ground. Spider-Man will require a higher perch to get a good view. Screwball will send some of her ""followers"" to pay Spider-Man a ""visit"", leading to a brief combat challenge. Defeat them to move on.
The third code will require some distance and maneuvering as it appears over two buildings. After the picture is taken, Screwball will challenge Spider-Man to stop three bombs from exploding on three different rooftops. There is no way to disable them, so fling them into the air and shoot them with webbing, causing them to explode safely.
The fourth location is not a code, but is the victim herself. Reaching it and beating the enemies here completes the mission."
https://marvels-spider-man.fandom.com/wiki/Tombstone:_On_the_Move,Side,,"The mission begins at Octavius Industries in Greenwich. Interacting with the transmitter in the lab will begin a puzzle to solve. An image of the solved connections is in the gallery below.
Once the transmitter is repaired, exit the laboratory. Spider-Man can track what it leads to. Use the radar on the left side of the screen to narrow down the location. It will eventually lead to a cargo truck. Intercept the truck and pull out the driver. Stop the truck and defeat the thugs exiting the truck, and any reinforcements. Open the back door of the truck to complete the mission. This will also unlock the next side mission, ""Tombstone: What's He Building in There...""."
https://marvels-spider-man.fandom.com/wiki/Tombstone:_What%27s_He_Building_in_There...,Side,,"Beginning at the mission area are several armed guards. Some can be taken down with sneak attacks if desired. The largest group of Tombstone's gang are near the front, unloading the truck. It might be easier to pick off others in the gang by stealth prior to engaging the larger group. Look for a few near lampposts, north of the main entrance. A few others are near shipping containers.
After guards are cleared out, take a look at the barrels the thugs were unloading. Spider-Man will comment about the chemicals. Right afterwards, another smaller group of thugs will attack. While under the influence of the mysterious chemical, they will be harder to defeat but the chemical does wear off over time. Players having trouble with the fight may want to wait for each one's skin to stop glowing before attacking them. There are also plenty of barrels, bikes, and other items to grab and toss at them which additionally helps to build up focus.
After all the gang members are defeated, return to the first drug-induced biker and grab his drug inhaler. This will start a science mini-game. This one is a little complex in that it takes multiple fragments used together to complete it. The solved puzzle is in the gallery below. The chemical is identified as Diox-3.
To combat the chemical, Spider-Man will need to craft a counter-drug. Look for lab supplies at the back of the truck. Creating the counter-drug will complete the mission and unlock the next, ""Tombstone: Let's Get Ready to...""."
https://marvels-spider-man.fandom.com/wiki/Tombstone:_Let%27s_Get_Ready_to...,Side,,"The side mission is a boss battle with Tombstone. Tombstone can be attacked with melee moves and Finishers. After beating on Tombstone for a while, he will call in his thugs. They will need to be defeated, then Tombstone is weakened a bit more before the counter-drug can be used, which will happen automatically.
After the counter-drug takes effect, Tombstone will be more vulnerable to attacks. He will have a fire-covered metal hook on a long chain that he will swing at Spider-Man. Avoid the chain if possible and finish wearing Tombstone down to end the fight and complete the mission."
https://marvels-spider-man.fandom.com/wiki/College_Buddies,Side,,"Head to the south end of the Financial District, near the water. Follow the waypoint to the location. Spider-Man will notice several masked thugs beating up students. Defeat them to complete the mission."
https://marvels-spider-man.fandom.com/wiki/Tick_Tock,Side,,"The image shows the elevated train tracks in East Harlem. As you head for the area, Phillip will mention Carlos from the previous missing student mission. Apparently Carlos got sick after the Halloween party – a delayed reaction.
When Spider-Man is close to the area, he will find witnesses to talk to. One will mention maniacs up the street. This leads to a battle against thugs with the same costumes as the ones from the Halloween party incident. Dispatch them and talk to Ethan to finish the mission."
https://marvels-spider-man.fandom.com/wiki/Over_His_Head,Side,,
https://marvels-spider-man.fandom.com/wiki/A_Matter_of_Debate,Side,,
https://marvels-spider-man.fandom.com/wiki/Home_Team_Advantage,Side,,
https://marvels-spider-man.fandom.com/wiki/Snipe_Hunt,Side,,"The courthouse is the first of four sniper locations. Taking out the first sniper will unlock the rest and start a two minute, thirty second timer. This basically becomes a race around the city as the first three sniper take-downs themselves are fairly easy. The fourth involves a fight with three thugs. Running out of time will fail the mission.
The second half of this mission is a hostage rescue. The captured perpetrator revealed that there are several tourists being held hostage and that his cohorts in crime will execute them if the cops don't let him go. This part of the mission will test Spider-Man's ability to take out thugs quietly. If he is noticed, the hostages will die and the mission will fail.
Most of the thugs will be alone, but not all of them, so pick targets carefully and pick them off through stealth. Picking those off at the outer circle through stealth is easiest, and once no snipers are covering it, take the rest on the ground. Saving the hostages will end the mission."
https://marvels-spider-man.fandom.com/wiki/Error:_File_Not_Found,Side,"A police officer expresses concern to Spider-Man that Wilson Fisk will be able to get out of jail due to the evidence being destroyed. A fan of J. Jonah Jameson's podcasts, he blames Spider-Man for the affair. As Spider-Man looks for the evidence, he bemoans that Jameson is so convincing.
Spider-Man uses an RFID tracking tag to find the cargo truck containing the evidence, and returns it to the officer. The officer is unfazed, finding it suspicious that Spider-Man knew where the evidence was. Spider-Man's spidey-sense then alerts him to an attack from a rocket launcher near the precinct as the Kingpin tries to attack it to destroy the evidence. When Spider-Man defeats them, the officer apologizes for listening to Jameson and thanks Spider-Man, but still asks if it is true if Spider-Man is an alien.","After talking to the officer, the radar will appear on the player's screen. Following the tracker to the first location, Spider-Man will notice a truck containing the evidence. In order to retrieve it, he will need to defeat several thugs, most of which are on the ground. One is on an upper level.
The thugs can be taken out through stealth or combat, though it may be easier to take out the snipers first with stealth either way. After taking the evidence, Spider-Man will need to return it to the precinct in Hell's Kitchen.
After returning to the original officer with the drives, Spider-Man's spider-sense alerts him to a nearby thug with a rocket launcher, who barely misses him and the officer. Take out the thug with the launcher, then head for the street in front of the precinct. The police will be under fire and there will be several thugs to defeat.
After defeating the men attacking the precinct, several more of Fisk's men have made it to the rooftop are beating up the original officer. Take them out and save the cop to complete the mission."
https://marvels-spider-man.fandom.com/wiki/Season_Finale,Side,,
https://marvels-spider-man.fandom.com/wiki/Wrap_Party,Side,,
https://marvels-spider-man.fandom.com/wiki/Aiding_a_Human,Side,,
https://marvels-spider-man.fandom.com/wiki/Scales_of_Justice,Side,,
